pathway	go_id	category
GOBP_10_FORMYLTETRAHYDROFOLATE_METABOLIC_PROCESS	GO:0009256	modified amino acid metabolic process
GOBP_2FE_2S_CLUSTER_ASSEMBLY	GO:0044571	unmapped
GOBP_2_OXOGLUTARATE_METABOLIC_PROCESS	GO:0006103	unmapped
GOBP_3_UTR_MEDIATED_MRNA_DESTABILIZATION	GO:0061158	mRNA metabolic process
GOBP_3_UTR_MEDIATED_MRNA_STABILIZATION	GO:0070935	mRNA metabolic process
GOBP_4FE_4S_CLUSTER_ASSEMBLY	GO:0044572	unmapped
GOBP_4_HYDROXYPROLINE_METABOLIC_PROCESS		unmapped
GOBP_5S_CLASS_RRNA_TRANSCRIPTION_BY_RNA_POLYMERASE_III	GO:0042791	DNA-templated transcription
GOBP_5_PHOSPHORIBOSE_1_DIPHOSPHATE_METABOLIC_PROCESS	GO:0046391	carbohydrate derivative metabolic process
GOBP_7_METHYLGUANOSINE_CAP_HYPERMETHYLATION	GO:0036261	unmapped
GOBP_7_METHYLGUANOSINE_RNA_CAPPING	GO:0009452	unmapped
GOBP_ACETATE_ESTER_METABOLIC_PROCESS		unmapped
GOBP_ACETATE_ESTER_TRANSPORT	GO:1901374	unmapped
GOBP_ACETYLCHOLINE_SECRETION	GO:0061526	signaling
GOBP_ACETYL_COA_BIOSYNTHETIC_PROCESS	GO:0006085	nucleobase-containing small molecule metabolic process
GOBP_ACETYL_COA_METABOLIC_PROCESS	GO:0006084	nucleobase-containing small molecule metabolic process
GOBP_ACIDIC_AMINO_ACID_TRANSPORT	GO:0015800	unmapped
GOBP_ACID_SECRETION	GO:0046717	unmapped
GOBP_ACINAR_CELL_DIFFERENTIATION	GO:0090425	cell differentiation
GOBP_ACROSOMAL_VESICLE_EXOCYTOSIS	GO:0060478	vesicle-mediated transport
GOBP_ACROSOME_ASSEMBLY	GO:0001675	cell differentiation
GOBP_ACROSOME_REACTION	GO:0007340	reproductive process
GOBP_ACTIN_CROSSLINK_FORMATION	GO:0051764	cytoskeleton organization
GOBP_ACTIN_FILAMENT_BASED_MOVEMENT	GO:0030048	unmapped
GOBP_ACTIN_FILAMENT_BASED_PROCESS	GO:0030029	unmapped
GOBP_ACTIN_FILAMENT_BASED_TRANSPORT	GO:0099515	unmapped
GOBP_ACTIN_FILAMENT_BUNDLE_ORGANIZATION	GO:0061572	cytoskeleton organization
GOBP_ACTIN_FILAMENT_DEPOLYMERIZATION	GO:0030042	cytoskeleton organization
GOBP_ACTIN_FILAMENT_NETWORK_FORMATION	GO:0051639	cytoskeleton organization
GOBP_ACTIN_FILAMENT_ORGANIZATION	GO:0007015	cytoskeleton organization
GOBP_ACTIN_FILAMENT_POLYMERIZATION	GO:0030041	cytoskeleton organization
GOBP_ACTIN_FILAMENT_SEVERING	GO:0051014	unmapped
GOBP_ACTIN_MEDIATED_CELL_CONTRACTION	GO:0070252	unmapped
GOBP_ACTIN_MYOSIN_FILAMENT_SLIDING	GO:0033275	unmapped
GOBP_ACTIN_NUCLEATION	GO:0045010	cytoskeleton organization
GOBP_ACTIN_POLYMERIZATION_DEPENDENT_CELL_MOTILITY	GO:0070358	cell motility
GOBP_ACTIN_POLYMERIZATION_OR_DEPOLYMERIZATION	GO:0008154	cytoskeleton organization
GOBP_ACTION_POTENTIAL	GO:0001508	unmapped
GOBP_ACTION_POTENTIAL_PROPAGATION	GO:0098870	unmapped
GOBP_ACTIVATED_T_CELL_PROLIFERATION	GO:0050798	immune system process
GOBP_ACTIVATION_INDUCED_CELL_DEATH_OF_T_CELLS	GO:0006924	programmed cell death
GOBP_ACTIVATION_OF_ADENYLATE_CYCLASE_ACTIVITY	GO:0007190	unmapped
GOBP_ACTIVATION_OF_GTPASE_ACTIVITY	GO:0090630	unmapped
GOBP_ACTIVATION_OF_IMMUNE_RESPONSE	GO:0002253	immune system process
GOBP_ACTIVATION_OF_INNATE_IMMUNE_RESPONSE	GO:0002218	defense response to other organism
GOBP_ACTIVATION_OF_MEIOSIS	GO:0090427	meiotic nuclear division
GOBP_ACTIVATION_OF_NF_KAPPAB_INDUCING_KINASE_ACTIVITY	GO:0007250	signaling
GOBP_ACTIVATION_OF_PROTEIN_KINASE_ACTIVITY	GO:0032147	unmapped
GOBP_ACTIVATION_OF_PROTEIN_KINASE_B_ACTIVITY	GO:0032148	unmapped
GOBP_ACTIVATION_OF_STORE_OPERATED_CALCIUM_CHANNEL_ACTIVITY	GO:0032237	transmembrane transport
GOBP_ACTIVIN_RECEPTOR_SIGNALING_PATHWAY	GO:0032924	signaling
GOBP_ACTOMYOSIN_CONTRACTILE_RING_ORGANIZATION	GO:0044837	cytoskeleton organization
GOBP_ACTOMYOSIN_STRUCTURE_ORGANIZATION	GO:0031032	cytoskeleton organization
GOBP_ACUTE_INFLAMMATORY_RESPONSE	GO:0002526	inflammatory response
GOBP_ACUTE_INFLAMMATORY_RESPONSE_TO_ANTIGENIC_STIMULUS	GO:0002438	inflammatory response
GOBP_ACUTE_PHASE_RESPONSE	GO:0006953	inflammatory response
GOBP_ACYLGLYCEROL_HOMEOSTASIS	GO:0055090	unmapped
GOBP_ACYLGLYCEROL_TRANSPORT	GO:0034196	unmapped
GOBP_ACYL_COA_METABOLIC_PROCESS	GO:0006637	nucleobase-containing small molecule metabolic process
GOBP_ADAPTIVE_IMMUNE_MEMORY_RESPONSE	GO:0090716	immune system process
GOBP_ADAPTIVE_IMMUNE_RESPONSE	GO:0002250	immune system process
GOBP_ADAPTIVE_IMMUNE_RESPONSE_BASED_ON_SOMATIC_RECOMBINATION_OF_IMMUNE_RECEPTORS_BUILT_FROM_IMMUNOGLOBULIN_SUPERFAMILY_DOMAINS	GO:0002460	immune system process
GOBP_ADAPTIVE_THERMOGENESIS	GO:1990845	unmapped
GOBP_ADENINE_TRANSPORT	GO:0015853	unmapped
GOBP_ADENOHYPOPHYSIS_DEVELOPMENT	GO:0021984	anatomical structure development
GOBP_ADENOSINE_METABOLIC_PROCESS	GO:0046085	nucleobase-containing small molecule metabolic process
GOBP_ADENOSINE_TO_INOSINE_EDITING	GO:0006382	unmapped
GOBP_ADENOSINE_TRANSPORT	GO:0032238	unmapped
GOBP_ADENYLATE_CYCLASE_ACTIVATING_ADRENERGIC_RECEPTOR_SIGNALING_PATHWAY	GO:0071880	signaling
GOBP_ADENYLATE_CYCLASE_ACTIVATING_DOPAMINE_RECEPTOR_SIGNALING_PATHWAY	GO:0007191	signaling
GOBP_ADENYLATE_CYCLASE_ACTIVATING_G_PROTEIN_COUPLED_RECEPTOR_SIGNALING_PATHWAY	GO:0007189	signaling
GOBP_ADENYLATE_CYCLASE_ACTIVATING_SEROTONIN_RECEPTOR_SIGNALING_PATHWAY	GO:0007192	signaling
GOBP_ADENYLATE_CYCLASE_INHIBITING_DOPAMINE_RECEPTOR_SIGNALING_PATHWAY	GO:0007195	signaling
GOBP_ADENYLATE_CYCLASE_INHIBITING_G_PROTEIN_COUPLED_ACETYLCHOLINE_RECEPTOR_SIGNALING_PATHWAY	GO:0007197	signaling
GOBP_ADENYLATE_CYCLASE_INHIBITING_G_PROTEIN_COUPLED_GLUTAMATE_RECEPTOR_SIGNALING_PATHWAY	GO:0007196	signaling
GOBP_ADENYLATE_CYCLASE_INHIBITING_G_PROTEIN_COUPLED_RECEPTOR_SIGNALING_PATHWAY	GO:0007193	signaling
GOBP_ADENYLATE_CYCLASE_INHIBITING_SEROTONIN_RECEPTOR_SIGNALING_PATHWAY	GO:0007198	signaling
GOBP_ADENYLATE_CYCLASE_MODULATING_G_PROTEIN_COUPLED_RECEPTOR_SIGNALING_PATHWAY	GO:0007188	signaling
GOBP_ADHERENS_JUNCTION_ASSEMBLY	GO:0034333	cell junction organization
GOBP_ADHERENS_JUNCTION_MAINTENANCE	GO:0034334	cell junction organization
GOBP_ADHERENS_JUNCTION_ORGANIZATION	GO:0034332	cell junction organization
GOBP_ADHESION_OF_SYMBIONT_TO_HOST	GO:0044406	unmapped
GOBP_ADHESION_OF_SYMBIONT_TO_HOST_CELL	GO:0044650	unmapped
GOBP_ADIPONECTIN_ACTIVATED_SIGNALING_PATHWAY	GO:0033211	signaling
GOBP_ADIPOSE_TISSUE_DEVELOPMENT	GO:0060612	anatomical structure development
GOBP_ADP_BIOSYNTHETIC_PROCESS	GO:0006172	nucleobase-containing small molecule metabolic process
GOBP_ADP_TRANSPORT	GO:0015866	unmapped
GOBP_ADRENAL_GLAND_DEVELOPMENT	GO:0030325	anatomical structure development
GOBP_ADRENERGIC_RECEPTOR_SIGNALING_PATHWAY	GO:0071875	signaling
GOBP_ADRENOMEDULLIN_RECEPTOR_SIGNALING_PATHWAY	GO:1990410	signaling
GOBP_ADULT_BEHAVIOR	GO:0030534	unmapped
GOBP_ADULT_FEEDING_BEHAVIOR	GO:0008343	unmapped
GOBP_ADULT_HEART_DEVELOPMENT	GO:0007512	anatomical structure development
GOBP_ADULT_LOCOMOTORY_BEHAVIOR	GO:0008344	unmapped
GOBP_AEROBIC_RESPIRATION	GO:0009060	generation of precursor metabolites and energy
GOBP_AGGREPHAGY	GO:0035973	autophagy
GOBP_AGGRESOME_ASSEMBLY	GO:0070842	unmapped
GOBP_AGGRESSIVE_BEHAVIOR	GO:0002118	unmapped
GOBP_AIM2_INFLAMMASOME_COMPLEX_ASSEMBLY	GO:0140970	protein-containing complex assembly
GOBP_ALANINE_METABOLIC_PROCESS		unmapped
GOBP_ALANINE_TRANSPORT	GO:0032328	unmapped
GOBP_ALCOHOL_BIOSYNTHETIC_PROCESS	GO:0046165	unmapped
GOBP_ALCOHOL_CATABOLIC_PROCESS	GO:0046164	unmapped
GOBP_ALCOHOL_METABOLIC_PROCESS	GO:0006066	unmapped
GOBP_ALDEHYDE_BIOSYNTHETIC_PROCESS	GO:0046184	unmapped
GOBP_ALDEHYDE_CATABOLIC_PROCESS	GO:0046185	unmapped
GOBP_ALDEHYDE_METABOLIC_PROCESS	GO:0006081	unmapped
GOBP_ALDITOL_BIOSYNTHETIC_PROCESS	GO:0019401	carbohydrate metabolic process
GOBP_ALDITOL_CATABOLIC_PROCESS	GO:0019405	carbohydrate metabolic process
GOBP_ALDITOL_METABOLIC_PROCESS		unmapped
GOBP_ALDITOL_PHOSPHATE_METABOLIC_PROCESS	GO:0052646	carbohydrate derivative metabolic process
GOBP_ALDOSTERONE_SECRETION	GO:0035932	signaling
GOBP_ALKALOID_METABOLIC_PROCESS	GO:0009820	unmapped
GOBP_ALKANESULFONATE_METABOLIC_PROCESS	GO:0019694	sulfur compound metabolic process
GOBP_ALKANESULFONATE_TRANSMEMBRANE_TRANSPORT	GO:0042918	transmembrane transport
GOBP_ALLANTOIN_METABOLIC_PROCESS	GO:0000255	unmapped
GOBP_ALPHA_AMINO_ACID_BIOSYNTHETIC_PROCESS		unmapped
GOBP_ALPHA_AMINO_ACID_METABOLIC_PROCESS		unmapped
GOBP_ALPHA_BETA_T_CELL_ACTIVATION	GO:0046631	immune system process
GOBP_ALPHA_BETA_T_CELL_DIFFERENTIATION	GO:0046632	cell differentiation
GOBP_ALPHA_BETA_T_CELL_PROLIFERATION	GO:0046633	immune system process
GOBP_ALPHA_KETOGLUTARATE_TRANSPORT	GO:0015742	unmapped
GOBP_ALPHA_LINOLENIC_ACID_METABOLIC_PROCESS	GO:0036109	lipid metabolic process
GOBP_ALTERNATIVE_MRNA_SPLICING_VIA_SPLICEOSOME	GO:0000380	mRNA metabolic process
GOBP_AMACRINE_CELL_DIFFERENTIATION	GO:0035881	cell differentiation
GOBP_AMEBOIDAL_TYPE_CELL_MIGRATION	GO:0001667	cell motility
GOBP_AMELOBLAST_DIFFERENTIATION	GO:0036305	cell differentiation
GOBP_AMELOGENESIS	GO:0097186	anatomical structure development
GOBP_AMIDE_BIOSYNTHETIC_PROCESS		unmapped
GOBP_AMIDE_CATABOLIC_PROCESS		unmapped
GOBP_AMIDE_METABOLIC_PROCESS		unmapped
GOBP_AMIDE_TRANSPORT		unmapped
GOBP_AMINE_BIOSYNTHETIC_PROCESS	GO:0009309	unmapped
GOBP_AMINE_CATABOLIC_PROCESS	GO:0009310	unmapped
GOBP_AMINE_METABOLIC_PROCESS	GO:0009308	unmapped
GOBP_AMINE_TRANSPORT	GO:0015837	unmapped
GOBP_AMINOACYL_TRNA_METABOLISM_INVOLVED_IN_TRANSLATIONAL_FIDELITY	GO:0106074	tRNA metabolic process
GOBP_AMINOGLYCAN_BIOSYNTHETIC_PROCESS	GO:0006023	carbohydrate derivative metabolic process
GOBP_AMINOGLYCAN_CATABOLIC_PROCESS	GO:0006026	carbohydrate derivative metabolic process
GOBP_AMINOGLYCAN_METABOLIC_PROCESS	GO:0006022	carbohydrate derivative metabolic process
GOBP_AMINOGLYCOSIDE_ANTIBIOTIC_METABOLIC_PROCESS		unmapped
GOBP_AMINOPHOSPHOLIPID_TRANSLOCATION	GO:0140331	membrane organization
GOBP_AMINOPHOSPHOLIPID_TRANSPORT	GO:0015917	unmapped
GOBP_AMINO_ACID_ACTIVATION	GO:0043038	amino acid metabolic process
GOBP_AMINO_ACID_BETAINE_BIOSYNTHETIC_PROCESS	GO:0006578	modified amino acid metabolic process
GOBP_AMINO_ACID_BETAINE_METABOLIC_PROCESS	GO:0006577	modified amino acid metabolic process
GOBP_AMINO_ACID_BETAINE_TRANSPORT	GO:0015838	unmapped
GOBP_AMINO_ACID_BIOSYNTHETIC_PROCESS	GO:0008652	amino acid metabolic process
GOBP_AMINO_ACID_CATABOLIC_PROCESS	GO:0009063	amino acid metabolic process
GOBP_AMINO_ACID_IMPORT_ACROSS_PLASMA_MEMBRANE	GO:0089718	transmembrane transport
GOBP_AMINO_ACID_METABOLIC_PROCESS	GO:0006520	amino acid metabolic process
GOBP_AMINO_ACID_NEUROTRANSMITTER_REUPTAKE	GO:0051933	unmapped
GOBP_AMINO_ACID_SALVAGE	GO:0043102	amino acid metabolic process
GOBP_AMINO_ACID_TRANSMEMBRANE_TRANSPORT	GO:0003333	transmembrane transport
GOBP_AMINO_ACID_TRANSPORT	GO:0006865	unmapped
GOBP_AMINO_SUGAR_BIOSYNTHETIC_PROCESS	GO:0046349	carbohydrate derivative metabolic process
GOBP_AMINO_SUGAR_CATABOLIC_PROCESS	GO:0046348	carbohydrate derivative metabolic process
GOBP_AMINO_SUGAR_METABOLIC_PROCESS	GO:0006040	carbohydrate derivative metabolic process
GOBP_AMMONIUM_HOMEOSTASIS	GO:0097272	unmapped
GOBP_AMMONIUM_ION_METABOLIC_PROCESS		unmapped
GOBP_AMMONIUM_TRANSMEMBRANE_TRANSPORT	GO:0072488	transmembrane transport
GOBP_AMPA_GLUTAMATE_RECEPTOR_CLUSTERING	GO:0097113	cell junction organization
GOBP_AMPA_SELECTIVE_GLUTAMATE_RECEPTOR_SIGNALING_PATHWAY	GO:0098990	signaling
GOBP_AMP_BIOSYNTHETIC_PROCESS	GO:0006167	nucleobase-containing small molecule metabolic process
GOBP_AMP_CATABOLIC_PROCESS	GO:0006196	nucleobase-containing small molecule metabolic process
GOBP_AMP_METABOLIC_PROCESS	GO:0046033	nucleobase-containing small molecule metabolic process
GOBP_AMP_SALVAGE	GO:0044209	nucleobase-containing small molecule metabolic process
GOBP_AMYLIN_RECEPTOR_SIGNALING_PATHWAY	GO:0097647	signaling
GOBP_AMYLOID_BETA_CLEARANCE	GO:0097242	unmapped
GOBP_AMYLOID_BETA_CLEARANCE_BY_CELLULAR_CATABOLIC_PROCESS	GO:0150094	unmapped
GOBP_AMYLOID_BETA_CLEARANCE_BY_TRANSCYTOSIS	GO:0150093	vesicle-mediated transport
GOBP_AMYLOID_BETA_FORMATION	GO:0034205	unmapped
GOBP_AMYLOID_BETA_METABOLIC_PROCESS	GO:0050435	unmapped
GOBP_AMYLOID_FIBRIL_FORMATION	GO:1990000	unmapped
GOBP_AMYLOID_PRECURSOR_PROTEIN_BIOSYNTHETIC_PROCESS	GO:0042983	unmapped
GOBP_AMYLOID_PRECURSOR_PROTEIN_CATABOLIC_PROCESS	GO:0042987	unmapped
GOBP_AMYLOID_PRECURSOR_PROTEIN_METABOLIC_PROCESS	GO:0042982	unmapped
GOBP_ANAGEN	GO:0042640	anatomical structure development
GOBP_ANAPHASE_PROMOTING_COMPLEX_DEPENDENT_CATABOLIC_PROCESS	GO:0031145	protein catabolic process
GOBP_ANATOMICAL_STRUCTURE_ARRANGEMENT	GO:0048532	anatomical structure development
GOBP_ANATOMICAL_STRUCTURE_FORMATION_INVOLVED_IN_MORPHOGENESIS	GO:0048646	anatomical structure development
GOBP_ANATOMICAL_STRUCTURE_MATURATION	GO:0071695	anatomical structure development
GOBP_ANATOMICAL_STRUCTURE_REGRESSION	GO:0060033	anatomical structure development
GOBP_ANDROGEN_BIOSYNTHETIC_PROCESS	GO:0006702	lipid metabolic process
GOBP_ANDROGEN_CATABOLIC_PROCESS	GO:0006710	lipid metabolic process
GOBP_ANDROGEN_METABOLIC_PROCESS	GO:0008209	lipid metabolic process
GOBP_ANDROGEN_RECEPTOR_SIGNALING_PATHWAY	GO:0030521	signaling
GOBP_ANGIOGENESIS_INVOLVED_IN_WOUND_HEALING	GO:0060055	wound healing
GOBP_ANGIOTENSIN_ACTIVATED_SIGNALING_PATHWAY	GO:0038166	signaling
GOBP_ANIMAL_ORGAN_FORMATION	GO:0048645	anatomical structure development
GOBP_ANIMAL_ORGAN_MATURATION	GO:0048799	anatomical structure development
GOBP_ANIMAL_ORGAN_MORPHOGENESIS	GO:0009887	anatomical structure development
GOBP_ANIMAL_ORGAN_REGENERATION	GO:0031100	anatomical structure development
GOBP_ANOIKIS	GO:0043276	programmed cell death
GOBP_ANTERIOR_COMMISSURE_MORPHOGENESIS	GO:0021960	cell differentiation
GOBP_ANTERIOR_HEAD_DEVELOPMENT	GO:0097065	anatomical structure development
GOBP_ANTERIOR_POSTERIOR_AXIS_SPECIFICATION	GO:0009948	anatomical structure development
GOBP_ANTERIOR_POSTERIOR_AXON_GUIDANCE	GO:0033564	cell differentiation
GOBP_ANTERIOR_POSTERIOR_PATTERN_SPECIFICATION	GO:0009952	anatomical structure development
GOBP_ANTEROGRADE_AXONAL_TRANSPORT	GO:0008089	microtubule-based movement
GOBP_ANTEROGRADE_DENDRITIC_TRANSPORT	GO:0098937	microtubule-based movement
GOBP_ANTEROGRADE_DENDRITIC_TRANSPORT_OF_NEUROTRANSMITTER_RECEPTOR_COMPLEX	GO:0098971	microtubule-based movement
GOBP_ANTEROGRADE_NEURONAL_DENSE_CORE_VESICLE_TRANSPORT	GO:1990048	microtubule-based movement
GOBP_ANTIBACTERIAL_HUMORAL_RESPONSE	GO:0019731	defense response to other organism
GOBP_ANTIBACTERIAL_INNATE_IMMUNE_RESPONSE	GO:0140367	defense response to other organism
GOBP_ANTIBACTERIAL_PEPTIDE_PRODUCTION	GO:0002778	defense response to other organism
GOBP_ANTIBODY_DEPENDENT_CELLULAR_CYTOTOXICITY	GO:0001788	inflammatory response
GOBP_ANTIFUNGAL_HUMORAL_RESPONSE	GO:0019732	defense response to other organism
GOBP_ANTIFUNGAL_INNATE_IMMUNE_RESPONSE	GO:0061760	defense response to other organism
GOBP_ANTIGEN_PROCESSING_AND_PRESENTATION	GO:0019882	immune system process
GOBP_ANTIGEN_PROCESSING_AND_PRESENTATION_ENDOGENOUS_LIPID_ANTIGEN_VIA_MHC_CLASS_IB	GO:0048006	immune system process
GOBP_ANTIGEN_PROCESSING_AND_PRESENTATION_OF_ENDOGENOUS_ANTIGEN	GO:0019883	immune system process
GOBP_ANTIGEN_PROCESSING_AND_PRESENTATION_OF_ENDOGENOUS_PEPTIDE_ANTIGEN	GO:0002483	immune system process
GOBP_ANTIGEN_PROCESSING_AND_PRESENTATION_OF_EXOGENOUS_ANTIGEN	GO:0019884	immune system process
GOBP_ANTIGEN_PROCESSING_AND_PRESENTATION_OF_EXOGENOUS_PEPTIDE_ANTIGEN	GO:0002478	immune system process
GOBP_ANTIGEN_PROCESSING_AND_PRESENTATION_OF_EXOGENOUS_PEPTIDE_ANTIGEN_VIA_MHC_CLASS_I	GO:0042590	immune system process
GOBP_ANTIGEN_PROCESSING_AND_PRESENTATION_OF_EXOGENOUS_PEPTIDE_ANTIGEN_VIA_MHC_CLASS_II	GO:0019886	immune system process
GOBP_ANTIGEN_PROCESSING_AND_PRESENTATION_OF_LIPID_ANTIGEN_VIA_MHC_CLASS_IB	GO:0048003	immune system process
GOBP_ANTIGEN_PROCESSING_AND_PRESENTATION_OF_PEPTIDE_ANTIGEN	GO:0048002	immune system process
GOBP_ANTIGEN_PROCESSING_AND_PRESENTATION_OF_PEPTIDE_ANTIGEN_VIA_MHC_CLASS_I	GO:0002474	immune system process
GOBP_ANTIGEN_PROCESSING_AND_PRESENTATION_OF_PEPTIDE_ANTIGEN_VIA_MHC_CLASS_IB	GO:0002428	immune system process
GOBP_ANTIGEN_PROCESSING_AND_PRESENTATION_OF_PEPTIDE_OR_POLYSACCHARIDE_ANTIGEN_VIA_MHC_CLASS_II	GO:0002504	immune system process
GOBP_ANTIGEN_PROCESSING_AND_PRESENTATION_VIA_MHC_CLASS_IB	GO:0002475	immune system process
GOBP_ANTIGEN_RECEPTOR_MEDIATED_SIGNALING_PATHWAY	GO:0050851	signaling
GOBP_ANTIMICROBIAL_HUMORAL_IMMUNE_RESPONSE_MEDIATED_BY_ANTIMICROBIAL_PEPTIDE	GO:0061844	defense response to other organism
GOBP_ANTIMICROBIAL_HUMORAL_RESPONSE	GO:0019730	defense response to other organism
GOBP_ANTIMICROBIAL_PEPTIDE_PRODUCTION	GO:0002775	defense response to other organism
GOBP_ANTIVIRAL_INNATE_IMMUNE_RESPONSE	GO:0140374	defense response to other organism
GOBP_ANTRAL_OVARIAN_FOLLICLE_GROWTH	GO:0001547	anatomical structure development
GOBP_AORTA_DEVELOPMENT	GO:0035904	anatomical structure development
GOBP_AORTA_MORPHOGENESIS	GO:0035909	anatomical structure development
GOBP_AORTA_SMOOTH_MUSCLE_TISSUE_MORPHOGENESIS	GO:0060414	anatomical structure development
GOBP_AORTIC_VALVE_MORPHOGENESIS	GO:0003180	anatomical structure development
GOBP_APICAL_CONSTRICTION	GO:0003383	cell differentiation
GOBP_APICAL_JUNCTION_ASSEMBLY	GO:0043297	cell junction organization
GOBP_APICAL_PROTEIN_LOCALIZATION	GO:0045176	unmapped
GOBP_APOLIPOPROTEIN_A_I_MEDIATED_SIGNALING_PATHWAY	GO:0038027	signaling
GOBP_APOPTOTIC_CELL_CLEARANCE	GO:0043277	vesicle-mediated transport
GOBP_APOPTOTIC_CHROMOSOME_CONDENSATION	GO:0030263	programmed cell death
GOBP_APOPTOTIC_DNA_FRAGMENTATION	GO:0006309	programmed cell death
GOBP_APOPTOTIC_MITOCHONDRIAL_CHANGES	GO:0008637	mitochondrion organization
GOBP_APOPTOTIC_PROCESS	GO:0006915	programmed cell death
GOBP_APOPTOTIC_PROCESS_INVOLVED_IN_BLOOD_VESSEL_MORPHOGENESIS	GO:1902262	programmed cell death
GOBP_APOPTOTIC_PROCESS_INVOLVED_IN_DEVELOPMENT	GO:1902742	programmed cell death
GOBP_APOPTOTIC_PROCESS_INVOLVED_IN_HEART_MORPHOGENESIS	GO:0003278	programmed cell death
GOBP_APOPTOTIC_PROCESS_INVOLVED_IN_MORPHOGENESIS	GO:0060561	programmed cell death
GOBP_APOPTOTIC_PROCESS_IN_BONE_MARROW_CELL	GO:0071839	programmed cell death
GOBP_APOPTOTIC_SIGNALING_PATHWAY	GO:0097190	programmed cell death
GOBP_APPENDAGE_DEVELOPMENT	GO:0048736	anatomical structure development
GOBP_APPENDAGE_MORPHOGENESIS	GO:0035107	anatomical structure development
GOBP_ARACHIDONATE_METABOLIC_PROCESS	GO:0019369	lipid metabolic process
GOBP_ARACHIDONATE_SECRETION	GO:0050482	unmapped
GOBP_ARF_PROTEIN_SIGNAL_TRANSDUCTION	GO:0032011	signaling
GOBP_ARGININE_CATABOLIC_PROCESS		unmapped
GOBP_ARGININE_METABOLIC_PROCESS	GO:0006525	amino acid metabolic process
GOBP_AROMATIC_AMINO_ACID_FAMILY_CATABOLIC_PROCESS		unmapped
GOBP_AROMATIC_AMINO_ACID_METABOLIC_PROCESS	GO:0009072	amino acid metabolic process
GOBP_AROMATIC_AMINO_ACID_TRANSPORT	GO:0015801	unmapped
GOBP_ARP2_3_COMPLEX_MEDIATED_ACTIN_NUCLEATION	GO:0034314	cytoskeleton organization
GOBP_ARTERIAL_ENDOTHELIAL_CELL_DIFFERENTIATION	GO:0060842	cell differentiation
GOBP_ARTERY_DEVELOPMENT	GO:0060840	anatomical structure development
GOBP_ARTERY_MORPHOGENESIS	GO:0048844	anatomical structure development
GOBP_ARTERY_SMOOTH_MUSCLE_CONTRACTION	GO:0014824	muscle system process
GOBP_ARTICULAR_CARTILAGE_DEVELOPMENT	GO:0061975	anatomical structure development
GOBP_ASCENDING_AORTA_DEVELOPMENT	GO:0035905	anatomical structure development
GOBP_ASPARAGINE_METABOLIC_PROCESS		unmapped
GOBP_ASPARTATE_FAMILY_AMINO_ACID_BIOSYNTHETIC_PROCESS	GO:0009067	amino acid metabolic process
GOBP_ASPARTATE_FAMILY_AMINO_ACID_CATABOLIC_PROCESS		unmapped
GOBP_ASPARTATE_FAMILY_AMINO_ACID_METABOLIC_PROCESS		unmapped
GOBP_ASPARTATE_METABOLIC_PROCESS	GO:0006531	amino acid metabolic process
GOBP_ASPARTATE_TRANSMEMBRANE_TRANSPORT	GO:0015810	transmembrane transport
GOBP_ASSOCIATIVE_LEARNING	GO:0008306	nervous system process
GOBP_ASTRAL_MICROTUBULE_ORGANIZATION	GO:0030953	cytoskeleton organization
GOBP_ASTROCYTE_ACTIVATION	GO:0048143	inflammatory response
GOBP_ASTROCYTE_CELL_MIGRATION	GO:0043615	cell differentiation
GOBP_ASTROCYTE_DEVELOPMENT	GO:0014002	cell differentiation
GOBP_ASTROCYTE_DIFFERENTIATION	GO:0048708	cell differentiation
GOBP_ASYMMETRIC_CELL_DIVISION	GO:0008356	unmapped
GOBP_ASYMMETRIC_NEUROBLAST_DIVISION	GO:0055059	cell differentiation
GOBP_ATF6_MEDIATED_UNFOLDED_PROTEIN_RESPONSE	GO:0036500	signaling
GOBP_ATP_BIOSYNTHETIC_PROCESS	GO:0006754	nucleobase-containing small molecule metabolic process
GOBP_ATP_EXPORT	GO:1904669	unmapped
GOBP_ATP_METABOLIC_PROCESS	GO:0046034	nucleobase-containing small molecule metabolic process
GOBP_ATP_SYNTHESIS_COUPLED_ELECTRON_TRANSPORT	GO:0042773	generation of precursor metabolites and energy
GOBP_ATP_TRANSPORT	GO:0015867	unmapped
GOBP_ATRIAL_CARDIAC_MUSCLE_CELL_MEMBRANE_REPOLARIZATION	GO:0099624	unmapped
GOBP_ATRIAL_CARDIAC_MUSCLE_CELL_TO_AV_NODE_CELL_COMMUNICATION	GO:0086066	circulatory system process
GOBP_ATRIAL_CARDIAC_MUSCLE_TISSUE_DEVELOPMENT	GO:0003228	anatomical structure development
GOBP_ATRIAL_CARDIAC_MUSCLE_TISSUE_MORPHOGENESIS	GO:0055009	anatomical structure development
GOBP_ATRIAL_SEPTUM_DEVELOPMENT	GO:0003283	anatomical structure development
GOBP_ATRIAL_SEPTUM_MORPHOGENESIS	GO:0060413	anatomical structure development
GOBP_ATRIAL_SEPTUM_PRIMUM_MORPHOGENESIS	GO:0003289	anatomical structure development
GOBP_ATRIOVENTRICULAR_CANAL_DEVELOPMENT	GO:0036302	anatomical structure development
GOBP_ATRIOVENTRICULAR_NODE_DEVELOPMENT	GO:0003162	anatomical structure development
GOBP_ATRIOVENTRICULAR_VALVE_DEVELOPMENT	GO:0003171	anatomical structure development
GOBP_ATRIOVENTRICULAR_VALVE_FORMATION	GO:0003190	anatomical structure development
GOBP_ATTACHMENT_OF_GPI_ANCHOR_TO_PROTEIN	GO:0016255	protein maturation
GOBP_ATTACHMENT_OF_MITOTIC_SPINDLE_MICROTUBULES_TO_KINETOCHORE	GO:0051315	mitotic nuclear division
GOBP_ATTACHMENT_OF_SPINDLE_MICROTUBULES_TO_KINETOCHORE	GO:0008608	chromosome segregation
GOBP_AUDITORY_RECEPTOR_CELL_DEVELOPMENT	GO:0060117	cell differentiation
GOBP_AUDITORY_RECEPTOR_CELL_MORPHOGENESIS	GO:0002093	cell differentiation
GOBP_AUDITORY_RECEPTOR_CELL_STEREOCILIUM_ORGANIZATION	GO:0060088	cell differentiation
GOBP_AUTOCRINE_SIGNALING	GO:0035425	signaling
GOBP_AUTONOMIC_NERVOUS_SYSTEM_DEVELOPMENT	GO:0048483	anatomical structure development
GOBP_AUTOPHAGIC_CELL_DEATH	GO:0048102	programmed cell death
GOBP_AUTOPHAGOSOME_LYSOSOME_FUSION	GO:0061909	autophagy
GOBP_AUTOPHAGOSOME_MATURATION	GO:0097352	autophagy
GOBP_AUTOPHAGOSOME_MEMBRANE_DOCKING	GO:0016240	autophagy
GOBP_AUTOPHAGOSOME_ORGANIZATION	GO:1905037	autophagy
GOBP_AUTOPHAGY_OF_MITOCHONDRION	GO:0000422	autophagy
GOBP_AUTOPHAGY_OF_PEROXISOME	GO:0030242	autophagy
GOBP_AUTOSOME_GENOMIC_IMPRINTING	GO:0141068	chromatin organization
GOBP_AV_NODE_CELL_TO_BUNDLE_OF_HIS_CELL_COMMUNICATION	GO:0086067	circulatory system process
GOBP_AV_NODE_CELL_TO_BUNDLE_OF_HIS_CELL_SIGNALING	GO:0086027	circulatory system process
GOBP_AXIAL_MESODERM_DEVELOPMENT	GO:0048318	anatomical structure development
GOBP_AXIS_ELONGATION	GO:0003401	anatomical structure development
GOBP_AXIS_ELONGATION_INVOLVED_IN_SOMITOGENESIS	GO:0090245	anatomical structure development
GOBP_AXIS_SPECIFICATION	GO:0009798	anatomical structure development
GOBP_AXONAL_FASCICULATION	GO:0007413	cell differentiation
GOBP_AXONAL_TRANSPORT	GO:0098930	microtubule-based movement
GOBP_AXONAL_TRANSPORT_OF_MITOCHONDRION	GO:0019896	microtubule-based movement
GOBP_AXONEMAL_CENTRAL_APPARATUS_ASSEMBLY	GO:1904158	cilium organization
GOBP_AXONEMAL_DYNEIN_COMPLEX_ASSEMBLY	GO:0070286	cilium organization
GOBP_AXONEME_ASSEMBLY	GO:0035082	cilium organization
GOBP_AXONOGENESIS_INVOLVED_IN_INNERVATION	GO:0060385	cell differentiation
GOBP_AXON_CHOICE_POINT_RECOGNITION	GO:0016198	cell differentiation
GOBP_AXON_DEVELOPMENT	GO:0061564	cell differentiation
GOBP_AXON_ENSHEATHMENT_IN_CENTRAL_NERVOUS_SYSTEM	GO:0032291	anatomical structure development
GOBP_AXON_EXTENSION	GO:0048675	cell differentiation
GOBP_AXON_MIDLINE_CHOICE_POINT_RECOGNITION	GO:0016199	cell differentiation
GOBP_AXO_DENDRITIC_PROTEIN_TRANSPORT	GO:0099640	intracellular protein transport
GOBP_AXO_DENDRITIC_TRANSPORT	GO:0008088	microtubule-based movement
GOBP_AZOLE_TRANSMEMBRANE_TRANSPORT	GO:0045117	transmembrane transport
GOBP_BARBED_END_ACTIN_FILAMENT_CAPPING	GO:0051016	cytoskeleton organization
GOBP_BASEMENT_MEMBRANE_ORGANIZATION	GO:0071711	extracellular matrix organization
GOBP_BASE_CONVERSION_OR_SUBSTITUTION_EDITING	GO:0016553	unmapped
GOBP_BASE_EXCISION_REPAIR	GO:0006284	DNA repair
GOBP_BASE_EXCISION_REPAIR_AP_SITE_FORMATION	GO:0006285	DNA repair
GOBP_BASE_EXCISION_REPAIR_GAP_FILLING	GO:0006287	DNA repair
GOBP_BASIC_AMINO_ACID_TRANSPORT	GO:0015802	unmapped
GOBP_BASOLATERAL_PROTEIN_SECRETION	GO:0110010	unmapped
GOBP_BEHAVIOR	GO:0007610	unmapped
GOBP_BEHAVIORAL_RESPONSE_TO_COCAINE	GO:0048148	unmapped
GOBP_BEHAVIORAL_RESPONSE_TO_ETHANOL	GO:0048149	unmapped
GOBP_BEHAVIORAL_RESPONSE_TO_NICOTINE	GO:0035095	unmapped
GOBP_BEHAVIORAL_RESPONSE_TO_PAIN	GO:0048266	unmapped
GOBP_BENZENE_CONTAINING_COMPOUND_METABOLIC_PROCESS	GO:0042537	unmapped
GOBP_BERGMANN_GLIAL_CELL_DIFFERENTIATION	GO:0060020	cell differentiation
GOBP_BICARBONATE_TRANSPORT	GO:0015701	unmapped
GOBP_BILE_ACID_AND_BILE_SALT_TRANSPORT	GO:0015721	unmapped
GOBP_BILE_ACID_BIOSYNTHETIC_PROCESS	GO:0006699	lipid metabolic process
GOBP_BILE_ACID_METABOLIC_PROCESS	GO:0008206	lipid metabolic process
GOBP_BILE_ACID_SECRETION	GO:0032782	unmapped
GOBP_BINDING_OF_SPERM_TO_ZONA_PELLUCIDA	GO:0007339	reproductive process
GOBP_BIOLOGICAL_PHASE	GO:0044848	unmapped
GOBP_BIOLOGICAL_PROCESS_INVOLVED_IN_INTERACTION_WITH_HOST	GO:0051701	unmapped
GOBP_BIOLOGICAL_PROCESS_INVOLVED_IN_INTERACTION_WITH_SYMBIONT	GO:0051702	unmapped
GOBP_BIOLOGICAL_PROCESS_INVOLVED_IN_INTERSPECIES_INTERACTION_BETWEEN_ORGANISMS	GO:0044419	unmapped
GOBP_BIOLOGICAL_PROCESS_INVOLVED_IN_INTRASPECIES_INTERACTION_BETWEEN_ORGANISMS	GO:0051703	unmapped
GOBP_BIOLOGICAL_PROCESS_INVOLVED_IN_SYMBIOTIC_INTERACTION	GO:0044403	unmapped
GOBP_BIOMINERAL_TISSUE_DEVELOPMENT	GO:0031214	anatomical structure development
GOBP_BLASTOCYST_DEVELOPMENT	GO:0001824	anatomical structure development
GOBP_BLASTOCYST_FORMATION	GO:0001825	anatomical structure development
GOBP_BLASTOCYST_GROWTH	GO:0001832	anatomical structure development
GOBP_BLASTODERM_SEGMENTATION	GO:0007350	anatomical structure development
GOBP_BLEB_ASSEMBLY	GO:0032060	unmapped
GOBP_BLOOD_COAGULATION_FIBRIN_CLOT_FORMATION	GO:0072378	protein maturation
GOBP_BLOOD_COAGULATION_INTRINSIC_PATHWAY	GO:0007597	protein maturation
GOBP_BLOOD_VESSEL_ENDOTHELIAL_CELL_DIFFERENTIATION	GO:0060837	cell differentiation
GOBP_BLOOD_VESSEL_ENDOTHELIAL_CELL_MIGRATION	GO:0043534	cell motility
GOBP_BLOOD_VESSEL_ENDOTHELIAL_CELL_PROLIFERATION_INVOLVED_IN_SPROUTING_ANGIOGENESIS	GO:0002043	anatomical structure development
GOBP_BLOOD_VESSEL_MATURATION	GO:0001955	anatomical structure development
GOBP_BLOOD_VESSEL_MORPHOGENESIS	GO:0048514	anatomical structure development
GOBP_BLOOD_VESSEL_REMODELING	GO:0001974	unmapped
GOBP_BODY_FLUID_SECRETION	GO:0007589	unmapped
GOBP_BODY_MORPHOGENESIS	GO:0010171	anatomical structure development
GOBP_BONE_CELL_DEVELOPMENT	GO:0098751	cell differentiation
GOBP_BONE_DEVELOPMENT	GO:0060348	anatomical structure development
GOBP_BONE_GROWTH	GO:0098868	anatomical structure development
GOBP_BONE_MARROW_DEVELOPMENT	GO:0048539	anatomical structure development
GOBP_BONE_MATURATION	GO:0070977	anatomical structure development
GOBP_BONE_MINERALIZATION	GO:0030282	anatomical structure development
GOBP_BONE_MINERALIZATION_INVOLVED_IN_BONE_MATURATION	GO:0035630	anatomical structure development
GOBP_BONE_MORPHOGENESIS	GO:0060349	anatomical structure development
GOBP_BONE_REMODELING	GO:0046849	unmapped
GOBP_BONE_RESORPTION	GO:0045453	unmapped
GOBP_BONE_TRABECULA_FORMATION	GO:0060346	anatomical structure development
GOBP_BONE_TRABECULA_MORPHOGENESIS	GO:0061430	anatomical structure development
GOBP_BOX_C_D_SNORNP_ASSEMBLY	GO:0000492	protein-containing complex assembly
GOBP_BRADYKININ_CATABOLIC_PROCESS	GO:0010815	unmapped
GOBP_BRAINSTEM_DEVELOPMENT	GO:0003360	anatomical structure development
GOBP_BRAIN_DERIVED_NEUROTROPHIC_FACTOR_RECEPTOR_SIGNALING_PATHWAY	GO:0031547	signaling
GOBP_BRAIN_MORPHOGENESIS	GO:0048854	anatomical structure development
GOBP_BRANCHED_CHAIN_AMINO_ACID_METABOLIC_PROCESS	GO:0009081	amino acid metabolic process
GOBP_BRANCHED_CHAIN_AMINO_ACID_TRANSPORT	GO:0015803	unmapped
GOBP_BRANCHING_INVOLVED_IN_BLOOD_VESSEL_MORPHOGENESIS	GO:0001569	anatomical structure development
GOBP_BRANCHING_INVOLVED_IN_LABYRINTHINE_LAYER_MORPHOGENESIS	GO:0060670	anatomical structure development
GOBP_BRANCHING_INVOLVED_IN_MAMMARY_GLAND_DUCT_MORPHOGENESIS	GO:0060444	anatomical structure development
GOBP_BRANCHING_INVOLVED_IN_PROSTATE_GLAND_MORPHOGENESIS	GO:0060442	anatomical structure development
GOBP_BRANCHING_INVOLVED_IN_SALIVARY_GLAND_MORPHOGENESIS	GO:0060445	anatomical structure development
GOBP_BRANCHING_MORPHOGENESIS_OF_AN_EPITHELIAL_TUBE	GO:0048754	anatomical structure development
GOBP_BRANCHING_MORPHOGENESIS_OF_A_NERVE	GO:0048755	anatomical structure development
GOBP_BRANCHIOMOTOR_NEURON_AXON_GUIDANCE	GO:0021785	cell differentiation
GOBP_BRANCH_ELONGATION_INVOLVED_IN_MAMMARY_GLAND_DUCT_BRANCHING	GO:0060751	anatomical structure development
GOBP_BRANCH_ELONGATION_OF_AN_EPITHELIUM	GO:0060602	anatomical structure development
GOBP_BRONCHIOLE_DEVELOPMENT	GO:0060435	anatomical structure development
GOBP_BRONCHUS_DEVELOPMENT	GO:0060433	anatomical structure development
GOBP_BROWN_FAT_CELL_DIFFERENTIATION	GO:0050873	cell differentiation
GOBP_BRUSH_BORDER_ASSEMBLY	GO:1904970	unmapped
GOBP_BUD_ELONGATION_INVOLVED_IN_LUNG_BRANCHING	GO:0060449	anatomical structure development
GOBP_BUNDLE_OF_HIS_CELL_TO_PURKINJE_MYOCYTE_COMMUNICATION	GO:0086069	circulatory system process
GOBP_BUNDLE_OF_HIS_CELL_TO_PURKINJE_MYOCYTE_SIGNALING	GO:0086028	circulatory system process
GOBP_B_1_B_CELL_DIFFERENTIATION	GO:0001923	cell differentiation
GOBP_B_CELL_ACTIVATION	GO:0042113	immune system process
GOBP_B_CELL_ACTIVATION_INVOLVED_IN_IMMUNE_RESPONSE	GO:0002312	immune system process
GOBP_B_CELL_APOPTOTIC_PROCESS	GO:0001783	programmed cell death
GOBP_B_CELL_CHEMOTAXIS	GO:0035754	cell motility
GOBP_B_CELL_DIFFERENTIATION	GO:0030183	cell differentiation
GOBP_B_CELL_HOMEOSTASIS	GO:0001782	immune system process
GOBP_B_CELL_LINEAGE_COMMITMENT	GO:0002326	cell differentiation
GOBP_B_CELL_MEDIATED_IMMUNITY	GO:0019724	immune system process
GOBP_B_CELL_PROLIFERATION	GO:0042100	immune system process
GOBP_B_CELL_PROLIFERATION_INVOLVED_IN_IMMUNE_RESPONSE	GO:0002322	immune system process
GOBP_B_CELL_RECEPTOR_SIGNALING_PATHWAY	GO:0050853	signaling
GOBP_C21_STEROID_HORMONE_BIOSYNTHETIC_PROCESS	GO:0006700	lipid metabolic process
GOBP_C21_STEROID_HORMONE_METABOLIC_PROCESS	GO:0008207	lipid metabolic process
GOBP_C4_DICARBOXYLATE_TRANSPORT	GO:0015740	unmapped
GOBP_CADMIUM_ION_TRANSMEMBRANE_TRANSPORT	GO:0070574	transmembrane transport
GOBP_CALCINEURIN_MEDIATED_SIGNALING	GO:0097720	signaling
GOBP_CALCITONIN_FAMILY_RECEPTOR_SIGNALING_PATHWAY	GO:0097646	signaling
GOBP_CALCITONIN_GENE_RELATED_PEPTIDE_RECEPTOR_SIGNALING_PATHWAY	GO:1990408	signaling
GOBP_CALCITRIOL_BIOSYNTHETIC_PROCESS_FROM_CALCIOL	GO:0036378	lipid metabolic process
GOBP_CALCIUM_ACTIVATED_PHOSPHATIDYLCHOLINE_SCRAMBLING	GO:0061590	membrane organization
GOBP_CALCIUM_ACTIVATED_PHOSPHOLIPID_SCRAMBLING	GO:0061588	membrane organization
GOBP_CALCIUM_DEPENDENT_CELL_CELL_ADHESION_VIA_PLASMA_MEMBRANE_CELL_ADHESION_MOLECULES		unmapped
GOBP_CALCIUM_IMPORT_INTO_THE_MITOCHONDRION	GO:0036444	transmembrane transport
GOBP_CALCIUM_INDEPENDENT_CELL_CELL_ADHESION_VIA_PLASMA_MEMBRANE_CELL_ADHESION_MOLECULES		unmapped
GOBP_CALCIUM_ION_EXPORT_ACROSS_PLASMA_MEMBRANE	GO:1990034	transmembrane transport
GOBP_CALCIUM_ION_HOMEOSTASIS	GO:0055074	unmapped
GOBP_CALCIUM_ION_IMPORT	GO:0070509	unmapped
GOBP_CALCIUM_ION_IMPORT_ACROSS_PLASMA_MEMBRANE	GO:0098703	transmembrane transport
GOBP_CALCIUM_ION_IMPORT_INTO_SARCOPLASMIC_RETICULUM	GO:1990036	unmapped
GOBP_CALCIUM_ION_REGULATED_EXOCYTOSIS	GO:0017156	vesicle-mediated transport
GOBP_CALCIUM_ION_REGULATED_EXOCYTOSIS_OF_NEUROTRANSMITTER	GO:0048791	vesicle-mediated transport
GOBP_CALCIUM_ION_TRANSMEMBRANE_IMPORT_INTO_CYTOSOL	GO:0097553	transmembrane transport
GOBP_CALCIUM_ION_TRANSMEMBRANE_TRANSPORT	GO:0070588	transmembrane transport
GOBP_CALCIUM_ION_TRANSMEMBRANE_TRANSPORT_VIA_HIGH_VOLTAGE_GATED_CALCIUM_CHANNEL	GO:0061577	transmembrane transport
GOBP_CALCIUM_ION_TRANSPORT	GO:0006816	unmapped
GOBP_CALCIUM_ION_TRANSPORT_INTO_CYTOSOL	GO:0060402	transmembrane transport
GOBP_CALCIUM_MEDIATED_SIGNALING	GO:0019722	signaling
GOBP_CAMERA_TYPE_EYE_MORPHOGENESIS	GO:0048593	anatomical structure development
GOBP_CAMERA_TYPE_EYE_PHOTORECEPTOR_CELL_DIFFERENTIATION	GO:0060219	cell differentiation
GOBP_CAMKK_AMPK_SIGNALING_CASCADE	GO:0061762	signaling
GOBP_CAMP_BIOSYNTHETIC_PROCESS	GO:0006171	nucleobase-containing small molecule metabolic process
GOBP_CAMP_CATABOLIC_PROCESS	GO:0006198	nucleobase-containing small molecule metabolic process
GOBP_CAMP_MEDIATED_SIGNALING		unmapped
GOBP_CAMP_METABOLIC_PROCESS	GO:0046058	nucleobase-containing small molecule metabolic process
GOBP_CAMP_PKA_SIGNAL_TRANSDUCTION	GO:0141156	signaling
GOBP_CANNABINOID_SIGNALING_PATHWAY	GO:0038171	signaling
GOBP_CANONICAL_NF_KAPPAB_SIGNAL_TRANSDUCTION	GO:0007249	signaling
GOBP_CANONICAL_WNT_SIGNALING_PATHWAY	GO:0060070	signaling
GOBP_CAP_DEPENDENT_TRANSLATIONAL_INITIATION	GO:0002191	cytoplasmic translation
GOBP_CARBOHYDRATE_BIOSYNTHETIC_PROCESS	GO:0016051	carbohydrate metabolic process
GOBP_CARBOHYDRATE_CATABOLIC_PROCESS	GO:0016052	carbohydrate metabolic process
GOBP_CARBOHYDRATE_DERIVATIVE_BIOSYNTHETIC_PROCESS	GO:1901137	carbohydrate derivative metabolic process
GOBP_CARBOHYDRATE_DERIVATIVE_CATABOLIC_PROCESS	GO:1901136	carbohydrate derivative metabolic process
GOBP_CARBOHYDRATE_DERIVATIVE_METABOLIC_PROCESS	GO:1901135	carbohydrate derivative metabolic process
GOBP_CARBOHYDRATE_DERIVATIVE_TRANSPORT	GO:1901264	unmapped
GOBP_CARBOHYDRATE_HOMEOSTASIS	GO:0033500	unmapped
GOBP_CARBOHYDRATE_IMPORT_ACROSS_PLASMA_MEMBRANE	GO:0098704	transmembrane transport
GOBP_CARBOHYDRATE_MEDIATED_SIGNALING	GO:0009756	signaling
GOBP_CARBOHYDRATE_METABOLIC_PROCESS	GO:0005975	carbohydrate metabolic process
GOBP_CARBOHYDRATE_PHOSPHORYLATION	GO:0046835	carbohydrate metabolic process
GOBP_CARBOHYDRATE_TRANSPORT	GO:0008643	unmapped
GOBP_CARBON_CATABOLITE_REGULATION_OF_TRANSCRIPTION	GO:0045990	regulation of DNA-templated transcription
GOBP_CARBON_DIOXIDE_TRANSMEMBRANE_TRANSPORT	GO:0035378	transmembrane transport
GOBP_CARBON_DIOXIDE_TRANSPORT	GO:0015670	unmapped
GOBP_CARDIAC_ATRIUM_DEVELOPMENT	GO:0003230	anatomical structure development
GOBP_CARDIAC_ATRIUM_MORPHOGENESIS	GO:0003209	anatomical structure development
GOBP_CARDIAC_CELL_DEVELOPMENT	GO:0055006	cell differentiation
GOBP_CARDIAC_CELL_FATE_COMMITMENT	GO:0060911	cell differentiation
GOBP_CARDIAC_CHAMBER_DEVELOPMENT	GO:0003205	anatomical structure development
GOBP_CARDIAC_CHAMBER_FORMATION	GO:0003207	anatomical structure development
GOBP_CARDIAC_CHAMBER_MORPHOGENESIS	GO:0003206	anatomical structure development
GOBP_CARDIAC_CONDUCTION	GO:0061337	circulatory system process
GOBP_CARDIAC_CONDUCTION_SYSTEM_DEVELOPMENT	GO:0003161	anatomical structure development
GOBP_CARDIAC_EPITHELIAL_TO_MESENCHYMAL_TRANSITION	GO:0060317	cell differentiation
GOBP_CARDIAC_FIBROBLAST_CELL_DIFFERENTIATION	GO:0060935	cell differentiation
GOBP_CARDIAC_LEFT_VENTRICLE_MORPHOGENESIS	GO:0003214	anatomical structure development
GOBP_CARDIAC_MUSCLE_CELL_ACTION_POTENTIAL	GO:0086001	unmapped
GOBP_CARDIAC_MUSCLE_CELL_ACTION_POTENTIAL_INVOLVED_IN_CONTRACTION	GO:0086002	muscle system process
GOBP_CARDIAC_MUSCLE_CELL_CARDIAC_MUSCLE_CELL_ADHESION	GO:0086042	cell adhesion
GOBP_CARDIAC_MUSCLE_CELL_CONTRACTION	GO:0086003	muscle system process
GOBP_CARDIAC_MUSCLE_CELL_DIFFERENTIATION	GO:0055007	cell differentiation
GOBP_CARDIAC_MUSCLE_CELL_FATE_COMMITMENT	GO:0060923	cell differentiation
GOBP_CARDIAC_MUSCLE_CELL_MEMBRANE_REPOLARIZATION	GO:0099622	unmapped
GOBP_CARDIAC_MUSCLE_CELL_MYOBLAST_DIFFERENTIATION	GO:0060379	cell differentiation
GOBP_CARDIAC_MUSCLE_CELL_PROLIFERATION	GO:0060038	anatomical structure development
GOBP_CARDIAC_MUSCLE_CONTRACTION	GO:0060048	muscle system process
GOBP_CARDIAC_MUSCLE_MYOBLAST_PROLIFERATION	GO:0110021	unmapped
GOBP_CARDIAC_MUSCLE_TISSUE_DEVELOPMENT	GO:0048738	anatomical structure development
GOBP_CARDIAC_MUSCLE_TISSUE_MORPHOGENESIS	GO:0055008	anatomical structure development
GOBP_CARDIAC_MUSCLE_TISSUE_REGENERATION	GO:0061026	anatomical structure development
GOBP_CARDIAC_MYOFIBRIL_ASSEMBLY	GO:0055003	cytoskeleton organization
GOBP_CARDIAC_NEURAL_CREST_CELL_DEVELOPMENT_INVOLVED_IN_OUTFLOW_TRACT_MORPHOGENESIS	GO:0061309	cell differentiation
GOBP_CARDIAC_NEURAL_CREST_CELL_DIFFERENTIATION_INVOLVED_IN_HEART_DEVELOPMENT	GO:0061307	cell differentiation
GOBP_CARDIAC_NEURAL_CREST_CELL_MIGRATION_INVOLVED_IN_OUTFLOW_TRACT_MORPHOGENESIS	GO:0003253	cell differentiation
GOBP_CARDIAC_PACEMAKER_CELL_DEVELOPMENT	GO:0060926	cell differentiation
GOBP_CARDIAC_PACEMAKER_CELL_DIFFERENTIATION	GO:0060920	cell differentiation
GOBP_CARDIAC_RIGHT_VENTRICLE_MORPHOGENESIS	GO:0003215	anatomical structure development
GOBP_CARDIAC_SEPTUM_CELL_DIFFERENTIATION	GO:0003292	cell differentiation
GOBP_CARDIAC_SEPTUM_DEVELOPMENT	GO:0003279	anatomical structure development
GOBP_CARDIAC_SEPTUM_MORPHOGENESIS	GO:0060411	anatomical structure development
GOBP_CARDIAC_VASCULAR_SMOOTH_MUSCLE_CELL_DIFFERENTIATION	GO:0060947	cell differentiation
GOBP_CARDIAC_VENTRICLE_DEVELOPMENT	GO:0003231	anatomical structure development
GOBP_CARDIAC_VENTRICLE_FORMATION	GO:0003211	anatomical structure development
GOBP_CARDIAC_VENTRICLE_MORPHOGENESIS	GO:0003208	anatomical structure development
GOBP_CARDIOBLAST_DIFFERENTIATION	GO:0010002	cell differentiation
GOBP_CARDIOBLAST_PROLIFERATION	GO:0003263	anatomical structure development
GOBP_CARDIOCYTE_DIFFERENTIATION	GO:0035051	cell differentiation
GOBP_CARDIOLIPIN_ACYL_CHAIN_REMODELING	GO:0035965	lipid metabolic process
GOBP_CARDIOLIPIN_METABOLIC_PROCESS	GO:0032048	lipid metabolic process
GOBP_CARNITINE_BIOSYNTHETIC_PROCESS	GO:0045329	modified amino acid metabolic process
GOBP_CARNITINE_METABOLIC_PROCESS	GO:0009437	modified amino acid metabolic process
GOBP_CARNITINE_TRANSPORT	GO:0015879	unmapped
GOBP_CARTILAGE_CONDENSATION	GO:0001502	anatomical structure development
GOBP_CARTILAGE_DEVELOPMENT	GO:0051216	anatomical structure development
GOBP_CARTILAGE_DEVELOPMENT_INVOLVED_IN_ENDOCHONDRAL_BONE_MORPHOGENESIS	GO:0060351	anatomical structure development
GOBP_CARTILAGE_HOMEOSTASIS	GO:1990079	unmapped
GOBP_CARTILAGE_MORPHOGENESIS	GO:0060536	anatomical structure development
GOBP_CATECHOLAMINE_SECRETION	GO:0050432	unmapped
GOBP_CATECHOLAMINE_TRANSPORT		unmapped
GOBP_CATECHOLAMINE_UPTAKE	GO:0090493	unmapped
GOBP_CATECHOLAMINE_UPTAKE_INVOLVED_IN_SYNAPTIC_TRANSMISSION		unmapped
GOBP_CATECHOL_CONTAINING_COMPOUND_BIOSYNTHETIC_PROCESS	GO:0009713	unmapped
GOBP_CATECHOL_CONTAINING_COMPOUND_CATABOLIC_PROCESS	GO:0019614	unmapped
GOBP_CATECHOL_CONTAINING_COMPOUND_METABOLIC_PROCESS	GO:0009712	unmapped
GOBP_CAVEOLA_ASSEMBLY	GO:0070836	membrane organization
GOBP_CAVEOLIN_MEDIATED_ENDOCYTOSIS	GO:0072584	vesicle-mediated transport
GOBP_CD27_SIGNALING_PATHWAY	GO:0160162	signaling
GOBP_CD40_SIGNALING_PATHWAY	GO:0023035	signaling
GOBP_CD4_POSITIVE_ALPHA_BETA_T_CELL_ACTIVATION	GO:0035710	immune system process
GOBP_CD4_POSITIVE_ALPHA_BETA_T_CELL_CYTOKINE_PRODUCTION	GO:0035743	immune system process
GOBP_CD4_POSITIVE_ALPHA_BETA_T_CELL_DIFFERENTIATION	GO:0043367	cell differentiation
GOBP_CD4_POSITIVE_ALPHA_BETA_T_CELL_PROLIFERATION	GO:0035739	immune system process
GOBP_CD4_POSITIVE_CD25_POSITIVE_ALPHA_BETA_REGULATORY_T_CELL_DIFFERENTIATION	GO:0002361	cell differentiation
GOBP_CD4_POSITIVE_OR_CD8_POSITIVE_ALPHA_BETA_T_CELL_LINEAGE_COMMITMENT	GO:0043369	cell differentiation
GOBP_CD8_POSITIVE_ALPHA_BETA_T_CELL_ACTIVATION	GO:0036037	immune system process
GOBP_CD8_POSITIVE_ALPHA_BETA_T_CELL_DIFFERENTIATION	GO:0043374	cell differentiation
GOBP_CD8_POSITIVE_ALPHA_BETA_T_CELL_PROLIFERATION	GO:0035740	immune system process
GOBP_CDC42_PROTEIN_SIGNAL_TRANSDUCTION	GO:0032488	signaling
GOBP_CDP_CHOLINE_PATHWAY	GO:0006657	lipid metabolic process
GOBP_CDP_DIACYLGLYCEROL_METABOLIC_PROCESS	GO:0046341	lipid metabolic process
GOBP_CELLULAR_COMPONENT_ASSEMBLY_INVOLVED_IN_MORPHOGENESIS	GO:0010927	anatomical structure development
GOBP_CELLULAR_COMPONENT_DISASSEMBLY	GO:0022411	unmapped
GOBP_CELLULAR_COMPONENT_DISASSEMBLY_INVOLVED_IN_EXECUTION_PHASE_OF_APOPTOSIS	GO:0006921	programmed cell death
GOBP_CELLULAR_COMPONENT_MAINTENANCE	GO:0043954	unmapped
GOBP_CELLULAR_DEFENSE_RESPONSE	GO:0006968	unmapped
GOBP_CELLULAR_DETOXIFICATION_OF_ALDEHYDE	GO:0110095	detoxification
GOBP_CELLULAR_EXTRAVASATION	GO:0045123	cell motility
GOBP_CELLULAR_HOMEOSTASIS	GO:0019725	unmapped
GOBP_CELLULAR_HYPEROSMOTIC_RESPONSE	GO:0071474	unmapped
GOBP_CELLULAR_HYPOTONIC_RESPONSE	GO:0071476	unmapped
GOBP_CELLULAR_OXIDANT_DETOXIFICATION	GO:0098869	detoxification
GOBP_CELLULAR_PIGMENTATION	GO:0033059	unmapped
GOBP_CELLULAR_PROCESS_INVOLVED_IN_REPRODUCTION_IN_MULTICELLULAR_ORGANISM	GO:0022412	reproductive process
GOBP_CELLULAR_RESPIRATION	GO:0045333	generation of precursor metabolites and energy
GOBP_CELLULAR_RESPONSE_TO_ABIOTIC_STIMULUS	GO:0071214	unmapped
GOBP_CELLULAR_RESPONSE_TO_ACIDIC_PH	GO:0071468	unmapped
GOBP_CELLULAR_RESPONSE_TO_ACID_CHEMICAL	GO:0071229	unmapped
GOBP_CELLULAR_RESPONSE_TO_ALCOHOL	GO:0097306	unmapped
GOBP_CELLULAR_RESPONSE_TO_ALDEHYDE	GO:0110096	unmapped
GOBP_CELLULAR_RESPONSE_TO_ALDOSTERONE	GO:1904045	unmapped
GOBP_CELLULAR_RESPONSE_TO_ALKALOID	GO:0071312	unmapped
GOBP_CELLULAR_RESPONSE_TO_AMMONIUM_ION	GO:0071242	unmapped
GOBP_CELLULAR_RESPONSE_TO_AMYLOID_BETA	GO:1904646	unmapped
GOBP_CELLULAR_RESPONSE_TO_ANGIOTENSIN	GO:1904385	unmapped
GOBP_CELLULAR_RESPONSE_TO_ANTIBIOTIC	GO:0071236	unmapped
GOBP_CELLULAR_RESPONSE_TO_ARSENIC_CONTAINING_SUBSTANCE	GO:0071243	unmapped
GOBP_CELLULAR_RESPONSE_TO_ATP	GO:0071318	unmapped
GOBP_CELLULAR_RESPONSE_TO_BIOTIC_STIMULUS	GO:0071216	unmapped
GOBP_CELLULAR_RESPONSE_TO_BRAIN_DERIVED_NEUROTROPHIC_FACTOR_STIMULUS	GO:1990416	unmapped
GOBP_CELLULAR_RESPONSE_TO_CADMIUM_ION	GO:0071276	unmapped
GOBP_CELLULAR_RESPONSE_TO_CAFFEINE	GO:0071313	unmapped
GOBP_CELLULAR_RESPONSE_TO_CALCIUM_ION	GO:0071277	unmapped
GOBP_CELLULAR_RESPONSE_TO_CAMP	GO:0071320	unmapped
GOBP_CELLULAR_RESPONSE_TO_CARBOHYDRATE_STIMULUS	GO:0071322	unmapped
GOBP_CELLULAR_RESPONSE_TO_CGMP	GO:0071321	unmapped
GOBP_CELLULAR_RESPONSE_TO_CHEMICAL_STRESS	GO:0062197	unmapped
GOBP_CELLULAR_RESPONSE_TO_CHOLESTEROL	GO:0071397	unmapped
GOBP_CELLULAR_RESPONSE_TO_COCAINE	GO:0071314	unmapped
GOBP_CELLULAR_RESPONSE_TO_COLD	GO:0070417	unmapped
GOBP_CELLULAR_RESPONSE_TO_COPPER_ION	GO:0071280	unmapped
GOBP_CELLULAR_RESPONSE_TO_CORTICOSTEROID_STIMULUS	GO:0071384	unmapped
GOBP_CELLULAR_RESPONSE_TO_DEXAMETHASONE_STIMULUS	GO:0071549	unmapped
GOBP_CELLULAR_RESPONSE_TO_DSRNA	GO:0071359	unmapped
GOBP_CELLULAR_RESPONSE_TO_ELECTRICAL_STIMULUS	GO:0071257	unmapped
GOBP_CELLULAR_RESPONSE_TO_ENDOGENOUS_STIMULUS	GO:0071495	unmapped
GOBP_CELLULAR_RESPONSE_TO_EPINEPHRINE_STIMULUS	GO:0071872	unmapped
GOBP_CELLULAR_RESPONSE_TO_ESTRADIOL_STIMULUS	GO:0071392	unmapped
GOBP_CELLULAR_RESPONSE_TO_ESTROGEN_STIMULUS	GO:0071391	unmapped
GOBP_CELLULAR_RESPONSE_TO_ETHANOL	GO:0071361	unmapped
GOBP_CELLULAR_RESPONSE_TO_ETHER	GO:0071362	unmapped
GOBP_CELLULAR_RESPONSE_TO_EXOGENOUS_DSRNA	GO:0071360	unmapped
GOBP_CELLULAR_RESPONSE_TO_EXTERNAL_STIMULUS	GO:0071496	unmapped
GOBP_CELLULAR_RESPONSE_TO_FATTY_ACID	GO:0071398	unmapped
GOBP_CELLULAR_RESPONSE_TO_FLUID_SHEAR_STRESS	GO:0071498	unmapped
GOBP_CELLULAR_RESPONSE_TO_FOLLICLE_STIMULATING_HORMONE_STIMULUS	GO:0071372	unmapped
GOBP_CELLULAR_RESPONSE_TO_GAMMA_RADIATION	GO:0071480	unmapped
GOBP_CELLULAR_RESPONSE_TO_GLUCAGON_STIMULUS	GO:0071377	unmapped
GOBP_CELLULAR_RESPONSE_TO_GLUCOCORTICOID_STIMULUS	GO:0071385	unmapped
GOBP_CELLULAR_RESPONSE_TO_GLUCOSE_STARVATION	GO:0042149	unmapped
GOBP_CELLULAR_RESPONSE_TO_GONADOTROPIN_RELEASING_HORMONE	GO:0097211	unmapped
GOBP_CELLULAR_RESPONSE_TO_GONADOTROPIN_STIMULUS	GO:0071371	unmapped
GOBP_CELLULAR_RESPONSE_TO_GROWTH_HORMONE_STIMULUS	GO:0071378	unmapped
GOBP_CELLULAR_RESPONSE_TO_HEAT	GO:0034605	unmapped
GOBP_CELLULAR_RESPONSE_TO_HISTAMINE	GO:0071420	unmapped
GOBP_CELLULAR_RESPONSE_TO_HORMONE_STIMULUS	GO:0032870	unmapped
GOBP_CELLULAR_RESPONSE_TO_HYDROGEN_PEROXIDE	GO:0070301	unmapped
GOBP_CELLULAR_RESPONSE_TO_HYDROPEROXIDE	GO:0071447	unmapped
GOBP_CELLULAR_RESPONSE_TO_HYPEROXIA	GO:0071455	unmapped
GOBP_CELLULAR_RESPONSE_TO_INCREASED_OXYGEN_LEVELS	GO:0036295	unmapped
GOBP_CELLULAR_RESPONSE_TO_INSULIN_LIKE_GROWTH_FACTOR_STIMULUS	GO:1990314	unmapped
GOBP_CELLULAR_RESPONSE_TO_INSULIN_STIMULUS	GO:0032869	unmapped
GOBP_CELLULAR_RESPONSE_TO_INTERFERON_ALPHA	GO:0035457	unmapped
GOBP_CELLULAR_RESPONSE_TO_INTERFERON_BETA	GO:0035458	unmapped
GOBP_CELLULAR_RESPONSE_TO_INTERLEUKIN_1	GO:0071347	unmapped
GOBP_CELLULAR_RESPONSE_TO_INTERLEUKIN_13	GO:0035963	unmapped
GOBP_CELLULAR_RESPONSE_TO_IONIZING_RADIATION	GO:0071479	unmapped
GOBP_CELLULAR_RESPONSE_TO_IRON_ION	GO:0071281	unmapped
GOBP_CELLULAR_RESPONSE_TO_KETONE	GO:1901655	unmapped
GOBP_CELLULAR_RESPONSE_TO_LAMINAR_FLUID_SHEAR_STRESS	GO:0071499	unmapped
GOBP_CELLULAR_RESPONSE_TO_LEPTIN_STIMULUS	GO:0044320	unmapped
GOBP_CELLULAR_RESPONSE_TO_LEUCINE_STARVATION	GO:1990253	unmapped
GOBP_CELLULAR_RESPONSE_TO_LIGHT_INTENSITY	GO:0071484	unmapped
GOBP_CELLULAR_RESPONSE_TO_LIGHT_STIMULUS	GO:0071482	unmapped
GOBP_CELLULAR_RESPONSE_TO_LIPID	GO:0071396	unmapped
GOBP_CELLULAR_RESPONSE_TO_LIPOPROTEIN_PARTICLE_STIMULUS	GO:0071402	unmapped
GOBP_CELLULAR_RESPONSE_TO_LUTEINIZING_HORMONE_STIMULUS	GO:0071373	unmapped
GOBP_CELLULAR_RESPONSE_TO_L_GLUTAMATE	GO:1905232	unmapped
GOBP_CELLULAR_RESPONSE_TO_L_LEUCINE	GO:0071233	unmapped
GOBP_CELLULAR_RESPONSE_TO_MACROPHAGE_COLONY_STIMULATING_FACTOR_STIMULUS	GO:0036006	unmapped
GOBP_CELLULAR_RESPONSE_TO_MAGNESIUM_ION	GO:0071286	unmapped
GOBP_CELLULAR_RESPONSE_TO_MANGANESE_ION	GO:0071287	unmapped
GOBP_CELLULAR_RESPONSE_TO_METAL_ION	GO:0071248	unmapped
GOBP_CELLULAR_RESPONSE_TO_METHIONINE	GO:0061431	unmapped
GOBP_CELLULAR_RESPONSE_TO_MINERALOCORTICOID_STIMULUS	GO:0071389	unmapped
GOBP_CELLULAR_RESPONSE_TO_MOLECULE_OF_BACTERIAL_ORIGIN	GO:0071219	unmapped
GOBP_CELLULAR_RESPONSE_TO_MURAMYL_DIPEPTIDE	GO:0071225	unmapped
GOBP_CELLULAR_RESPONSE_TO_NICOTINE	GO:0071316	unmapped
GOBP_CELLULAR_RESPONSE_TO_NITROGEN_COMPOUND	GO:1901699	unmapped
GOBP_CELLULAR_RESPONSE_TO_NITROGEN_LEVELS	GO:0043562	unmapped
GOBP_CELLULAR_RESPONSE_TO_NITROSATIVE_STRESS	GO:0071500	unmapped
GOBP_CELLULAR_RESPONSE_TO_NUTRIENT	GO:0031670	unmapped
GOBP_CELLULAR_RESPONSE_TO_NUTRIENT_LEVELS	GO:0031669	unmapped
GOBP_CELLULAR_RESPONSE_TO_OSMOTIC_STRESS	GO:0071470	unmapped
GOBP_CELLULAR_RESPONSE_TO_OXIDATIVE_STRESS	GO:0034599	unmapped
GOBP_CELLULAR_RESPONSE_TO_OXIDISED_LOW_DENSITY_LIPOPROTEIN_PARTICLE_STIMULUS	GO:0140052	unmapped
GOBP_CELLULAR_RESPONSE_TO_OXYGEN_CONTAINING_COMPOUND	GO:1901701	unmapped
GOBP_CELLULAR_RESPONSE_TO_OXYGEN_LEVELS	GO:0071453	unmapped
GOBP_CELLULAR_RESPONSE_TO_OXYGEN_RADICAL	GO:0071450	unmapped
GOBP_CELLULAR_RESPONSE_TO_PARATHYROID_HORMONE_STIMULUS	GO:0071374	unmapped
GOBP_CELLULAR_RESPONSE_TO_PEPTIDE	GO:1901653	unmapped
GOBP_CELLULAR_RESPONSE_TO_PEPTIDE_HORMONE_STIMULUS	GO:0071375	unmapped
GOBP_CELLULAR_RESPONSE_TO_PEPTIDOGLYCAN	GO:0071224	unmapped
GOBP_CELLULAR_RESPONSE_TO_PH	GO:0071467	unmapped
GOBP_CELLULAR_RESPONSE_TO_POTASSIUM_ION	GO:0035865	unmapped
GOBP_CELLULAR_RESPONSE_TO_PROGESTERONE_STIMULUS	GO:0071393	unmapped
GOBP_CELLULAR_RESPONSE_TO_PROSTAGLANDIN_E_STIMULUS	GO:0071380	unmapped
GOBP_CELLULAR_RESPONSE_TO_PROSTAGLANDIN_STIMULUS	GO:0071379	unmapped
GOBP_CELLULAR_RESPONSE_TO_PURINE_CONTAINING_COMPOUND	GO:0071415	unmapped
GOBP_CELLULAR_RESPONSE_TO_RADIATION	GO:0071478	unmapped
GOBP_CELLULAR_RESPONSE_TO_REACTIVE_NITROGEN_SPECIES	GO:1902170	unmapped
GOBP_CELLULAR_RESPONSE_TO_REACTIVE_OXYGEN_SPECIES	GO:0034614	unmapped
GOBP_CELLULAR_RESPONSE_TO_RETINOIC_ACID	GO:0071300	unmapped
GOBP_CELLULAR_RESPONSE_TO_SALT	GO:1902075	unmapped
GOBP_CELLULAR_RESPONSE_TO_SALT_STRESS	GO:0071472	unmapped
GOBP_CELLULAR_RESPONSE_TO_SODIUM_ARSENITE	GO:1903936	unmapped
GOBP_CELLULAR_RESPONSE_TO_STARVATION	GO:0009267	unmapped
GOBP_CELLULAR_RESPONSE_TO_STEROID_HORMONE_STIMULUS	GO:0071383	unmapped
GOBP_CELLULAR_RESPONSE_TO_STEROL	GO:0036315	unmapped
GOBP_CELLULAR_RESPONSE_TO_STEROL_DEPLETION	GO:0071501	unmapped
GOBP_CELLULAR_RESPONSE_TO_STRESS	GO:0033554	unmapped
GOBP_CELLULAR_RESPONSE_TO_TESTOSTERONE_STIMULUS	GO:0071394	unmapped
GOBP_CELLULAR_RESPONSE_TO_THYROID_HORMONE_STIMULUS	GO:0097067	unmapped
GOBP_CELLULAR_RESPONSE_TO_TOPOLOGICALLY_INCORRECT_PROTEIN	GO:0035967	unmapped
GOBP_CELLULAR_RESPONSE_TO_TOXIC_SUBSTANCE	GO:0097237	unmapped
GOBP_CELLULAR_RESPONSE_TO_TYPE_III_INTERFERON	GO:0071358	defense response to other organism
GOBP_CELLULAR_RESPONSE_TO_TYPE_II_INTERFERON	GO:0071346	defense response to other organism
GOBP_CELLULAR_RESPONSE_TO_UNFOLDED_PROTEIN	GO:0034620	unmapped
GOBP_CELLULAR_RESPONSE_TO_UV	GO:0034644	unmapped
GOBP_CELLULAR_RESPONSE_TO_UV_A	GO:0071492	unmapped
GOBP_CELLULAR_RESPONSE_TO_UV_B	GO:0071493	unmapped
GOBP_CELLULAR_RESPONSE_TO_UV_C	GO:0071494	unmapped
GOBP_CELLULAR_RESPONSE_TO_VASCULAR_ENDOTHELIAL_GROWTH_FACTOR_STIMULUS	GO:0035924	unmapped
GOBP_CELLULAR_RESPONSE_TO_VIRUS	GO:0098586	unmapped
GOBP_CELLULAR_RESPONSE_TO_VITAMIN	GO:0071295	unmapped
GOBP_CELLULAR_RESPONSE_TO_VITAMIN_D	GO:0071305	unmapped
GOBP_CELLULAR_RESPONSE_TO_WATER_STIMULUS	GO:0071462	unmapped
GOBP_CELLULAR_RESPONSE_TO_XENOBIOTIC_STIMULUS	GO:0071466	unmapped
GOBP_CELLULAR_RESPONSE_TO_X_RAY	GO:0071481	unmapped
GOBP_CELLULAR_RESPONSE_TO_ZINC_ION	GO:0071294	unmapped
GOBP_CELLULAR_SENESCENCE	GO:0090398	unmapped
GOBP_CELL_ACTIVATION	GO:0001775	unmapped
GOBP_CELL_ACTIVATION_INVOLVED_IN_IMMUNE_RESPONSE	GO:0002263	immune system process
GOBP_CELL_ADHESION	GO:0007155	cell adhesion
GOBP_CELL_ADHESION_INVOLVED_IN_HEART_MORPHOGENESIS	GO:0061343	cell adhesion
GOBP_CELL_ADHESION_MEDIATED_BY_INTEGRIN	GO:0033627	cell adhesion
GOBP_CELL_ADHESION_MOLECULE_PRODUCTION	GO:0060352	unmapped
GOBP_CELL_AGGREGATION	GO:0098743	unmapped
GOBP_CELL_CELL_ADHESION	GO:0098609	cell adhesion
GOBP_CELL_CELL_ADHESION_INVOLVED_IN_GASTRULATION	GO:0070586	cell adhesion
GOBP_CELL_CELL_ADHESION_MEDIATED_BY_CADHERIN	GO:0044331	cell adhesion
GOBP_CELL_CELL_ADHESION_MEDIATED_BY_INTEGRIN	GO:0033631	cell adhesion
GOBP_CELL_CELL_ADHESION_VIA_PLASMA_MEMBRANE_ADHESION_MOLECULES		unmapped
GOBP_CELL_CELL_JUNCTION_ASSEMBLY	GO:0007043	cell junction organization
GOBP_CELL_CELL_JUNCTION_DISASSEMBLY	GO:0150147	cell junction organization
GOBP_CELL_CELL_JUNCTION_MAINTENANCE	GO:0045217	cell junction organization
GOBP_CELL_CELL_JUNCTION_ORGANIZATION	GO:0045216	cell junction organization
GOBP_CELL_CELL_RECOGNITION	GO:0009988	unmapped
GOBP_CELL_CELL_SIGNALING	GO:0007267	signaling
GOBP_CELL_CELL_SIGNALING_INVOLVED_IN_CARDIAC_CONDUCTION		unmapped
GOBP_CELL_CHEMOTAXIS	GO:0060326	cell motility
GOBP_CELL_COMMUNICATION_BY_ELECTRICAL_COUPLING	GO:0010644	unmapped
GOBP_CELL_COMMUNICATION_BY_ELECTRICAL_COUPLING_INVOLVED_IN_CARDIAC_CONDUCTION	GO:0086064	circulatory system process
GOBP_CELL_COMMUNICATION_INVOLVED_IN_CARDIAC_CONDUCTION	GO:0086065	circulatory system process
GOBP_CELL_CYCLE	GO:0007049	unmapped
GOBP_CELL_CYCLE_CHECKPOINT_SIGNALING	GO:0000075	signaling
GOBP_CELL_CYCLE_DNA_REPLICATION	GO:0044786	DNA replication
GOBP_CELL_CYCLE_DNA_REPLICATION_INITIATION	GO:1902292	DNA replication
GOBP_CELL_CYCLE_G1_S_PHASE_TRANSITION	GO:0044843	unmapped
GOBP_CELL_CYCLE_G2_M_PHASE_TRANSITION	GO:0044839	unmapped
GOBP_CELL_CYCLE_PHASE_TRANSITION	GO:0044770	unmapped
GOBP_CELL_CYCLE_PROCESS	GO:0022402	unmapped
GOBP_CELL_DIFFERENTIATION_INVOLVED_IN_EMBRYONIC_PLACENTA_DEVELOPMENT	GO:0060706	cell differentiation
GOBP_CELL_DIFFERENTIATION_INVOLVED_IN_KIDNEY_DEVELOPMENT	GO:0061005	cell differentiation
GOBP_CELL_DIFFERENTIATION_INVOLVED_IN_METANEPHROS_DEVELOPMENT		unmapped
GOBP_CELL_DIFFERENTIATION_INVOLVED_IN_PHENOTYPIC_SWITCHING	GO:0090679	cell differentiation
GOBP_CELL_DIFFERENTIATION_IN_HINDBRAIN	GO:0021533	cell differentiation
GOBP_CELL_DIFFERENTIATION_IN_SPINAL_CORD	GO:0021515	cell differentiation
GOBP_CELL_DIVISION	GO:0051301	unmapped
GOBP_CELL_FATE_COMMITMENT	GO:0045165	cell differentiation
GOBP_CELL_FATE_COMMITMENT_INVOLVED_IN_FORMATION_OF_PRIMARY_GERM_LAYER	GO:0060795	cell differentiation
GOBP_CELL_FATE_COMMITMENT_INVOLVED_IN_PATTERN_SPECIFICATION	GO:0060581	cell differentiation
GOBP_CELL_FATE_DETERMINATION	GO:0001709	cell differentiation
GOBP_CELL_FATE_SPECIFICATION	GO:0001708	cell differentiation
GOBP_CELL_FATE_SPECIFICATION_INVOLVED_IN_PATTERN_SPECIFICATION	GO:0060573	cell differentiation
GOBP_CELL_GROWTH	GO:0016049	unmapped
GOBP_CELL_JUNCTION_ASSEMBLY	GO:0034329	cell junction organization
GOBP_CELL_JUNCTION_DISASSEMBLY	GO:0150146	cell junction organization
GOBP_CELL_JUNCTION_MAINTENANCE	GO:0034331	cell junction organization
GOBP_CELL_JUNCTION_ORGANIZATION	GO:0034330	cell junction organization
GOBP_CELL_KILLING	GO:0001906	unmapped
GOBP_CELL_MATRIX_ADHESION	GO:0007160	cell adhesion
GOBP_CELL_MATURATION	GO:0048469	cell differentiation
GOBP_CELL_MIGRATION_INVOLVED_IN_GASTRULATION	GO:0042074	anatomical structure development
GOBP_CELL_MIGRATION_INVOLVED_IN_HEART_DEVELOPMENT	GO:0060973	anatomical structure development
GOBP_CELL_MIGRATION_INVOLVED_IN_KIDNEY_DEVELOPMENT	GO:0035787	anatomical structure development
GOBP_CELL_MIGRATION_INVOLVED_IN_METANEPHROS_DEVELOPMENT	GO:0035788	anatomical structure development
GOBP_CELL_MIGRATION_INVOLVED_IN_SPROUTING_ANGIOGENESIS	GO:0002042	anatomical structure development
GOBP_CELL_MIGRATION_IN_HINDBRAIN	GO:0021535	anatomical structure development
GOBP_CELL_MORPHOGENESIS	GO:0000902	anatomical structure development
GOBP_CELL_MORPHOGENESIS_INVOLVED_IN_NEURON_DIFFERENTIATION	GO:0048667	cell differentiation
GOBP_CELL_MOTILITY	GO:0048870	cell motility
GOBP_CELL_MOTILITY_INVOLVED_IN_CEREBRAL_CORTEX_RADIAL_GLIA_GUIDED_MIGRATION	GO:0021814	cell differentiation
GOBP_CELL_PROJECTION_ASSEMBLY	GO:0030031	unmapped
GOBP_CELL_PROJECTION_MORPHOGENESIS	GO:0048858	anatomical structure development
GOBP_CELL_PROJECTION_ORGANIZATION	GO:0030030	unmapped
GOBP_CELL_PROLIFERATION_INVOLVED_IN_HEART_MORPHOGENESIS	GO:0061323	anatomical structure development
GOBP_CELL_PROLIFERATION_INVOLVED_IN_KIDNEY_DEVELOPMENT	GO:0072111	anatomical structure development
GOBP_CELL_PROLIFERATION_INVOLVED_IN_METANEPHROS_DEVELOPMENT	GO:0072203	anatomical structure development
GOBP_CELL_PROLIFERATION_IN_BONE_MARROW	GO:0071838	unmapped
GOBP_CELL_PROLIFERATION_IN_FOREBRAIN	GO:0021846	anatomical structure development
GOBP_CELL_PROLIFERATION_IN_HINDBRAIN	GO:0021534	anatomical structure development
GOBP_CELL_PROLIFERATION_IN_MIDBRAIN	GO:0033278	anatomical structure development
GOBP_CELL_RECOGNITION	GO:0008037	unmapped
GOBP_CELL_REDOX_HOMEOSTASIS	GO:0045454	unmapped
GOBP_CELL_SUBSTRATE_ADHESION	GO:0031589	cell adhesion
GOBP_CELL_SUBSTRATE_JUNCTION_DISASSEMBLY	GO:0120180	cell junction organization
GOBP_CELL_SUBSTRATE_JUNCTION_ORGANIZATION	GO:0150115	cell junction organization
GOBP_CELL_SURFACE_PATTERN_RECOGNITION_RECEPTOR_SIGNALING_PATHWAY	GO:0002752	defense response to other organism
GOBP_CELL_SURFACE_RECEPTOR_PROTEIN_SERINE_THREONINE_KINASE_SIGNALING_PATHWAY	GO:0007178	signaling
GOBP_CELL_SURFACE_RECEPTOR_PROTEIN_TYROSINE_KINASE_SIGNALING_PATHWAY	GO:0007169	signaling
GOBP_CELL_SURFACE_RECEPTOR_PROTEIN_TYROSINE_PHOSPHATASE_SIGNALING_PATHWAY	GO:0007185	signaling
GOBP_CELL_SURFACE_RECEPTOR_SIGNALING_PATHWAY_INVOLVED_IN_HEART_DEVELOPMENT	GO:0061311	signaling
GOBP_CELL_SURFACE_RECEPTOR_SIGNALING_PATHWAY_VIA_JAK_STAT	GO:0007259	signaling
GOBP_CELL_SURFACE_RECEPTOR_SIGNALING_PATHWAY_VIA_STAT	GO:0097696	signaling
GOBP_CELL_SURFACE_TOLL_LIKE_RECEPTOR_SIGNALING_PATHWAY	GO:0140895	defense response to other organism
GOBP_CELL_VOLUME_HOMEOSTASIS	GO:0006884	unmapped
GOBP_CEMENTUM_MINERALIZATION	GO:0071529	anatomical structure development
GOBP_CENTRAL_NERVOUS_SYSTEM_DEVELOPMENT	GO:0007417	anatomical structure development
GOBP_CENTRAL_NERVOUS_SYSTEM_MATURATION	GO:0021626	anatomical structure development
GOBP_CENTRAL_NERVOUS_SYSTEM_MYELIN_FORMATION	GO:0032289	cell differentiation
GOBP_CENTRAL_NERVOUS_SYSTEM_MYELIN_MAINTENANCE	GO:0032286	membrane organization
GOBP_CENTRAL_NERVOUS_SYSTEM_NEURON_AXONOGENESIS	GO:0021955	cell differentiation
GOBP_CENTRAL_NERVOUS_SYSTEM_NEURON_DEVELOPMENT	GO:0021954	cell differentiation
GOBP_CENTRAL_NERVOUS_SYSTEM_NEURON_DIFFERENTIATION	GO:0021953	cell differentiation
GOBP_CENTRAL_NERVOUS_SYSTEM_PROJECTION_NEURON_AXONOGENESIS	GO:0021952	cell differentiation
GOBP_CENTRAL_NERVOUS_SYSTEM_VASCULOGENESIS	GO:0022009	cell differentiation
GOBP_CENTRIOLE_ASSEMBLY	GO:0098534	cytoskeleton organization
GOBP_CENTRIOLE_CENTRIOLE_COHESION	GO:0010457	cytoskeleton organization
GOBP_CENTRIOLE_ELONGATION	GO:0061511	cytoskeleton organization
GOBP_CENTROMERE_COMPLEX_ASSEMBLY		unmapped
GOBP_CENTROMERIC_SISTER_CHROMATID_COHESION	GO:0070601	unmapped
GOBP_CENTROSOME_DUPLICATION	GO:0051298	cytoskeleton organization
GOBP_CENTROSOME_SEPARATION	GO:0051299	cytoskeleton organization
GOBP_CERAMIDE_1_PHOSPHATE_TRANSPORT	GO:1902389	unmapped
GOBP_CERAMIDE_BIOSYNTHETIC_PROCESS	GO:0046513	lipid metabolic process
GOBP_CERAMIDE_CATABOLIC_PROCESS	GO:0046514	lipid metabolic process
GOBP_CERAMIDE_METABOLIC_PROCESS	GO:0006672	lipid metabolic process
GOBP_CERAMIDE_TRANSPORT	GO:0035627	unmapped
GOBP_CEREBELLAR_CORTEX_DEVELOPMENT	GO:0021695	anatomical structure development
GOBP_CEREBELLAR_CORTEX_FORMATION	GO:0021697	anatomical structure development
GOBP_CEREBELLAR_CORTEX_MORPHOGENESIS	GO:0021696	anatomical structure development
GOBP_CEREBELLAR_GRANULAR_LAYER_DEVELOPMENT	GO:0021681	anatomical structure development
GOBP_CEREBELLAR_GRANULAR_LAYER_FORMATION	GO:0021684	anatomical structure development
GOBP_CEREBELLAR_GRANULAR_LAYER_MORPHOGENESIS	GO:0021683	anatomical structure development
GOBP_CEREBELLAR_PURKINJE_CELL_LAYER_DEVELOPMENT	GO:0021680	anatomical structure development
GOBP_CEREBELLAR_PURKINJE_CELL_LAYER_FORMATION	GO:0021694	anatomical structure development
GOBP_CEREBELLAR_PURKINJE_CELL_LAYER_MORPHOGENESIS	GO:0021692	anatomical structure development
GOBP_CEREBRAL_CORTEX_CELL_MIGRATION	GO:0021795	anatomical structure development
GOBP_CEREBRAL_CORTEX_DEVELOPMENT	GO:0021987	anatomical structure development
GOBP_CEREBRAL_CORTEX_GABAERGIC_INTERNEURON_DEVELOPMENT	GO:0021894	cell differentiation
GOBP_CEREBRAL_CORTEX_GABAERGIC_INTERNEURON_DIFFERENTIATION	GO:0021892	cell differentiation
GOBP_CEREBRAL_CORTEX_GABAERGIC_INTERNEURON_MIGRATION	GO:0021853	cell differentiation
GOBP_CEREBRAL_CORTEX_NEURON_DIFFERENTIATION	GO:0021895	cell differentiation
GOBP_CEREBRAL_CORTEX_RADIALLY_ORIENTED_CELL_MIGRATION	GO:0021799	anatomical structure development
GOBP_CEREBRAL_CORTEX_REGIONALIZATION	GO:0021796	anatomical structure development
GOBP_CEREBRAL_CORTEX_TANGENTIAL_MIGRATION	GO:0021800	anatomical structure development
GOBP_CEREBROSPINAL_FLUID_CIRCULATION	GO:0090660	microtubule-based movement
GOBP_CGAS_STING_SIGNALING_PATHWAY	GO:0140896	defense response to other organism
GOBP_CGMP_BIOSYNTHETIC_PROCESS	GO:0006182	nucleobase-containing small molecule metabolic process
GOBP_CGMP_CATABOLIC_PROCESS	GO:0046069	nucleobase-containing small molecule metabolic process
GOBP_CGMP_MEDIATED_SIGNALING		unmapped
GOBP_CGMP_METABOLIC_PROCESS	GO:0046068	nucleobase-containing small molecule metabolic process
GOBP_CHAPERONE_MEDIATED_AUTOPHAGY	GO:0061684	protein catabolic process
GOBP_CHAPERONE_MEDIATED_PROTEIN_COMPLEX_ASSEMBLY	GO:0051131	protein-containing complex assembly
GOBP_CHAPERONE_MEDIATED_PROTEIN_FOLDING		unmapped
GOBP_CHEMICAL_HOMEOSTASIS	GO:0048878	unmapped
GOBP_CHEMICAL_SYNAPTIC_TRANSMISSION_POSTSYNAPTIC	GO:0099565	signaling
GOBP_CHEMOKINE_C_C_MOTIF_LIGAND_5_PRODUCTION	GO:0071609	unmapped
GOBP_CHEMOKINE_C_X_C_MOTIF_LIGAND_12_SIGNALING_PATHWAY	GO:0038146	signaling
GOBP_CHEMOKINE_C_X_C_MOTIF_LIGAND_1_PRODUCTION	GO:0072566	unmapped
GOBP_CHEMOKINE_C_X_C_MOTIF_LIGAND_2_PRODUCTION	GO:0072567	unmapped
GOBP_CHEMOKINE_PRODUCTION	GO:0032602	unmapped
GOBP_CHEMOREPULSION_OF_AXON	GO:0061643	cell differentiation
GOBP_CHEMOSENSORY_BEHAVIOR	GO:0007635	unmapped
GOBP_CHIASMA_ASSEMBLY	GO:0051026	DNA recombination
GOBP_CHITIN_METABOLIC_PROCESS	GO:0006030	carbohydrate derivative metabolic process
GOBP_CHLORIDE_TRANSPORT	GO:0006821	unmapped
GOBP_CHOLANGIOCYTE_PROLIFERATION	GO:1990705	unmapped
GOBP_CHOLESTEROL_CATABOLIC_PROCESS	GO:0006707	lipid metabolic process
GOBP_CHOLESTEROL_EFFLUX	GO:0033344	unmapped
GOBP_CHOLESTEROL_IMPORT	GO:0070508	unmapped
GOBP_CHOLESTEROL_STORAGE	GO:0010878	unmapped
GOBP_CHOLINE_METABOLIC_PROCESS	GO:0019695	unmapped
GOBP_CHOLINE_TRANSPORT	GO:0015871	unmapped
GOBP_CHONDROBLAST_DIFFERENTIATION	GO:0060591	cell differentiation
GOBP_CHONDROCYTE_DEVELOPMENT	GO:0002063	cell differentiation
GOBP_CHONDROCYTE_DEVELOPMENT_INVOLVED_IN_ENDOCHONDRAL_BONE_MORPHOGENESIS	GO:0003433	cell differentiation
GOBP_CHONDROCYTE_DIFFERENTIATION	GO:0002062	cell differentiation
GOBP_CHONDROCYTE_DIFFERENTIATION_INVOLVED_IN_ENDOCHONDRAL_BONE_MORPHOGENESIS	GO:0003413	cell differentiation
GOBP_CHONDROCYTE_HYPERTROPHY	GO:0003415	cell differentiation
GOBP_CHONDROCYTE_PROLIFERATION	GO:0035988	unmapped
GOBP_CHONDROITIN_SULFATE_PROTEOGLYCAN_BIOSYNTHETIC_PROCESS	GO:0050650	glycoprotein biosynthetic process
GOBP_CHONDROITIN_SULFATE_PROTEOGLYCAN_METABOLIC_PROCESS	GO:0050654	carbohydrate derivative metabolic process
GOBP_CHORIONIC_TROPHOBLAST_CELL_DIFFERENTIATION	GO:0060718	cell differentiation
GOBP_CHORIONIC_TROPHOBLAST_CELL_PROLIFERATION	GO:0097360	unmapped
GOBP_CHORION_DEVELOPMENT	GO:0060717	anatomical structure development
GOBP_CHORIO_ALLANTOIC_FUSION	GO:0060710	cell adhesion
GOBP_CHROMATIN_LOOPING	GO:0140588	chromatin organization
GOBP_CHROMATIN_ORGANIZATION	GO:0006325	chromatin organization
GOBP_CHROMATIN_REMODELING	GO:0006338	chromatin organization
GOBP_CHROMATIN_REMODELING_AT_CENTROMERE		unmapped
GOBP_CHROMOSOMAL_5_METHYLCYTOSINE_DNA_DEMETHYLATION_PATHWAY	GO:0141166	unmapped
GOBP_CHROMOSOME_ATTACHMENT_TO_THE_NUCLEAR_ENVELOPE	GO:0097240	unmapped
GOBP_CHROMOSOME_CONDENSATION	GO:0030261	unmapped
GOBP_CHROMOSOME_LOCALIZATION	GO:0050000	unmapped
GOBP_CHROMOSOME_MOVEMENT_TOWARDS_SPINDLE_POLE	GO:0051305	microtubule-based movement
GOBP_CHROMOSOME_ORGANIZATION	GO:0051276	unmapped
GOBP_CHROMOSOME_ORGANIZATION_INVOLVED_IN_MEIOTIC_CELL_CYCLE	GO:0070192	reproductive process
GOBP_CHROMOSOME_SEGREGATION	GO:0007059	chromosome segregation
GOBP_CHROMOSOME_SEPARATION	GO:0051304	chromosome segregation
GOBP_CHRONIC_INFLAMMATORY_RESPONSE	GO:0002544	inflammatory response
GOBP_CHYLOMICRON_REMODELING	GO:0034371	unmapped
GOBP_CILIARY_BASAL_BODY_ORGANIZATION	GO:0032053	cilium organization
GOBP_CILIARY_NEUROTROPHIC_FACTOR_MEDIATED_SIGNALING_PATHWAY	GO:0070120	signaling
GOBP_CILIUM_DISASSEMBLY	GO:0061523	cilium organization
GOBP_CILIUM_MOVEMENT	GO:0003341	microtubule-based movement
GOBP_CILIUM_ORGANIZATION	GO:0044782	cilium organization
GOBP_CILIUM_OR_FLAGELLUM_DEPENDENT_CELL_MOTILITY	GO:0001539	cell motility
GOBP_CIRCADIAN_REGULATION_OF_GENE_EXPRESSION	GO:0032922	unmapped
GOBP_CIRCADIAN_RHYTHM	GO:0007623	unmapped
GOBP_CIRCADIAN_SLEEP_WAKE_CYCLE	GO:0042745	unmapped
GOBP_CIRCADIAN_SLEEP_WAKE_CYCLE_NON_REM_SLEEP	GO:0042748	unmapped
GOBP_CIRCADIAN_SLEEP_WAKE_CYCLE_REM_SLEEP	GO:0042747	unmapped
GOBP_CIRCADIAN_SLEEP_WAKE_CYCLE_SLEEP	GO:0050802	unmapped
GOBP_CIRCULATORY_SYSTEM_DEVELOPMENT	GO:0072359	anatomical structure development
GOBP_CIRCULATORY_SYSTEM_PROCESS	GO:0003013	circulatory system process
GOBP_CITRULLINE_BIOSYNTHETIC_PROCESS		unmapped
GOBP_CITRULLINE_METABOLIC_PROCESS		unmapped
GOBP_CLATHRIN_COATED_VESICLE_CARGO_LOADING	GO:0035652	vesicle-mediated transport
GOBP_CLATHRIN_COAT_ASSEMBLY	GO:0048268	protein-containing complex assembly
GOBP_CLATHRIN_COAT_DISASSEMBLY	GO:0072318	vesicle-mediated transport
GOBP_CLATHRIN_DEPENDENT_ENDOCYTOSIS	GO:0072583	vesicle-mediated transport
GOBP_CLEARANCE_OF_FOREIGN_INTRACELLULAR_NUCLEIC_ACIDS	GO:0099046	defense response to other organism
GOBP_CLEAVAGE_FURROW_FORMATION	GO:0036089	membrane organization
GOBP_CLUSTERING_OF_VOLTAGE_GATED_SODIUM_CHANNELS	GO:0045162	membrane organization
GOBP_CMP_CATABOLIC_PROCESS	GO:0006248	nucleobase-containing small molecule metabolic process
GOBP_CMP_METABOLIC_PROCESS	GO:0046035	nucleobase-containing small molecule metabolic process
GOBP_CMP_N_ACETYLNEURAMINATE_BIOSYNTHETIC_PROCESS	GO:0006055	nucleobase-containing small molecule metabolic process
GOBP_CMP_N_ACETYLNEURAMINATE_METABOLIC_PROCESS	GO:0046381	nucleobase-containing small molecule metabolic process
GOBP_COBALAMIN_METABOLIC_PROCESS	GO:0009235	unmapped
GOBP_COBALAMIN_TRANSPORT	GO:0015889	unmapped
GOBP_COBALT_ION_TRANSPORT	GO:0006824	transmembrane transport
GOBP_COCHLEA_DEVELOPMENT	GO:0090102	anatomical structure development
GOBP_COCHLEA_MORPHOGENESIS	GO:0090103	anatomical structure development
GOBP_COENZYME_A_BIOSYNTHETIC_PROCESS	GO:0015937	nucleobase-containing small molecule metabolic process
GOBP_COENZYME_A_METABOLIC_PROCESS	GO:0015936	nucleobase-containing small molecule metabolic process
GOBP_COGNITION	GO:0050890	nervous system process
GOBP_COLLAGEN_ACTIVATED_SIGNALING_PATHWAY	GO:0038065	signaling
GOBP_COLLAGEN_ACTIVATED_TYROSINE_KINASE_RECEPTOR_SIGNALING_PATHWAY	GO:0038063	signaling
GOBP_COLLAGEN_BIOSYNTHETIC_PROCESS	GO:0032964	unmapped
GOBP_COLLAGEN_CATABOLIC_PROCESS	GO:0030574	unmapped
GOBP_COLLAGEN_FIBRIL_ORGANIZATION	GO:0030199	extracellular matrix organization
GOBP_COLLAGEN_METABOLIC_PROCESS	GO:0032963	unmapped
GOBP_COLLATERAL_SPROUTING	GO:0048668	cell differentiation
GOBP_COLLATERAL_SPROUTING_IN_ABSENCE_OF_INJURY	GO:0048669	cell differentiation
GOBP_COLLECTING_DUCT_DEVELOPMENT	GO:0072044	anatomical structure development
GOBP_COLUMNAR_CUBOIDAL_EPITHELIAL_CELL_DEVELOPMENT	GO:0002066	cell differentiation
GOBP_COLUMNAR_CUBOIDAL_EPITHELIAL_CELL_DIFFERENTIATION	GO:0002065	cell differentiation
GOBP_COLUMNAR_CUBOIDAL_EPITHELIAL_CELL_MATURATION	GO:0002069	cell differentiation
GOBP_COMMA_SHAPED_BODY_MORPHOGENESIS	GO:0072049	anatomical structure development
GOBP_COMMISSURAL_NEURON_AXON_GUIDANCE	GO:0071679	cell differentiation
GOBP_COMMITMENT_OF_NEURONAL_CELL_TO_SPECIFIC_NEURON_TYPE_IN_FOREBRAIN	GO:0021902	cell differentiation
GOBP_COMMON_BILE_DUCT_DEVELOPMENT	GO:0061009	anatomical structure development
GOBP_COMMON_MYELOID_PROGENITOR_CELL_PROLIFERATION	GO:0035726	unmapped
GOBP_COMPARTMENT_PATTERN_SPECIFICATION	GO:0007386	anatomical structure development
GOBP_COMPLEMENT_ACTIVATION	GO:0006956	immune system process
GOBP_COMPLEMENT_ACTIVATION_ALTERNATIVE_PATHWAY	GO:0006957	defense response to other organism
GOBP_COMPLEMENT_ACTIVATION_CLASSICAL_PATHWAY	GO:0006958	immune system process
GOBP_COMPLEMENT_ACTIVATION_LECTIN_PATHWAY	GO:0001867	defense response to other organism
GOBP_COMPLEMENT_DEPENDENT_CYTOTOXICITY	GO:0097278	unmapped
GOBP_COMPLEMENT_RECEPTOR_MEDIATED_SIGNALING_PATHWAY	GO:0002430	signaling
GOBP_CONDITIONED_PLACE_PREFERENCE	GO:1990708	nervous system process
GOBP_CONNECTIVE_TISSUE_DEVELOPMENT	GO:0061448	anatomical structure development
GOBP_CONNECTIVE_TISSUE_REPLACEMENT	GO:0097709	unmapped
GOBP_CONNECTIVE_TISSUE_REPLACEMENT_INVOLVED_IN_INFLAMMATORY_RESPONSE_WOUND_HEALING	GO:0002248	inflammatory response
GOBP_CONSTITUTIVE_HETEROCHROMATIN_FORMATION	GO:0140719	chromatin organization
GOBP_CONSTITUTIVE_SECRETORY_PATHWAY	GO:0045054	vesicle-mediated transport
GOBP_CONVERGENT_EXTENSION	GO:0060026	anatomical structure development
GOBP_CONVERGENT_EXTENSION_INVOLVED_IN_AXIS_ELONGATION	GO:0060028	anatomical structure development
GOBP_CONVERGENT_EXTENSION_INVOLVED_IN_GASTRULATION	GO:0060027	anatomical structure development
GOBP_CONVERGENT_EXTENSION_INVOLVED_IN_ORGANOGENESIS	GO:0060029	anatomical structure development
GOBP_COP9_SIGNALOSOME_ASSEMBLY	GO:0010387	protein-containing complex assembly
GOBP_COPII_COATED_VESICLE_BUDDING	GO:0090114	vesicle-mediated transport
GOBP_COPII_COATED_VESICLE_CARGO_LOADING	GO:0090110	vesicle-mediated transport
GOBP_COPI_COATED_VESICLE_BUDDING	GO:0035964	vesicle-mediated transport
GOBP_COPPER_ION_HOMEOSTASIS	GO:0055070	unmapped
GOBP_COPPER_ION_IMPORT	GO:0015677	unmapped
GOBP_COPPER_ION_TRANSMEMBRANE_TRANSPORT	GO:0035434	transmembrane transport
GOBP_COPPER_ION_TRANSPORT	GO:0006825	unmapped
GOBP_COPULATION	GO:0007620	reproductive process
GOBP_CORNEA_DEVELOPMENT_IN_CAMERA_TYPE_EYE	GO:0061303	anatomical structure development
GOBP_CORNIFICATION	GO:0070268	programmed cell death
GOBP_CORNIFIED_ENVELOPE_ASSEMBLY	GO:1903575	membrane organization
GOBP_CORONARY_ARTERY_MORPHOGENESIS	GO:0060982	anatomical structure development
GOBP_CORONARY_VASCULATURE_DEVELOPMENT	GO:0060976	anatomical structure development
GOBP_CORONARY_VASCULATURE_MORPHOGENESIS	GO:0060977	anatomical structure development
GOBP_CORPUS_CALLOSUM_DEVELOPMENT	GO:0022038	anatomical structure development
GOBP_CORPUS_CALLOSUM_MORPHOGENESIS	GO:0021540	cell differentiation
GOBP_CORTICAL_ACTIN_CYTOSKELETON_ORGANIZATION	GO:0030866	cytoskeleton organization
GOBP_CORTICAL_CYTOSKELETON_ORGANIZATION	GO:0030865	cytoskeleton organization
GOBP_CORTICAL_MICROTUBULE_ORGANIZATION	GO:0043622	cytoskeleton organization
GOBP_CORTICOSPINAL_TRACT_MORPHOGENESIS	GO:0021957	cell differentiation
GOBP_CORTICOSTEROID_HORMONE_SECRETION	GO:0035930	signaling
GOBP_CORTICOSTERONE_SECRETION	GO:0035934	signaling
GOBP_CORTICOTROPIN_SECRETION	GO:0051458	signaling
GOBP_CORTISOL_BIOSYNTHETIC_PROCESS	GO:0034651	lipid metabolic process
GOBP_CORTISOL_METABOLIC_PROCESS	GO:0034650	lipid metabolic process
GOBP_CORTISOL_SECRETION	GO:0043400	signaling
GOBP_COTRANSLATIONAL_PROTEIN_TARGETING_TO_MEMBRANE	GO:0006613	unmapped
GOBP_CO_TRANSCRIPTIONAL_MRNA_3_END_PROCESSING_CLEAVAGE_AND_POLYADENYLATION_PATHWAY	GO:0180010	mRNA metabolic process
GOBP_CO_TRANSCRIPTIONAL_RNA_3_END_PROCESSING_CLEAVAGE_AND_POLYADENYLATION_PATHWAY	GO:0180012	unmapped
GOBP_CRANIAL_GANGLION_DEVELOPMENT	GO:0061550	anatomical structure development
GOBP_CRANIAL_NERVE_DEVELOPMENT	GO:0021545	anatomical structure development
GOBP_CRANIAL_NERVE_FORMATION	GO:0021603	anatomical structure development
GOBP_CRANIAL_NERVE_MORPHOGENESIS	GO:0021602	anatomical structure development
GOBP_CRANIAL_NERVE_STRUCTURAL_ORGANIZATION	GO:0021604	anatomical structure development
GOBP_CRANIAL_SKELETAL_SYSTEM_DEVELOPMENT	GO:1904888	anatomical structure development
GOBP_CRANIAL_SUTURE_MORPHOGENESIS	GO:0060363	anatomical structure development
GOBP_CRANIOFACIAL_SUTURE_MORPHOGENESIS	GO:0097094	anatomical structure development
GOBP_CRD_MEDIATED_MRNA_STABILIZATION	GO:0070934	mRNA metabolic process
GOBP_CRISTAE_FORMATION	GO:0042407	mitochondrion organization
GOBP_CUT_METABOLIC_PROCESS		unmapped
GOBP_CXCL12_ACTIVATED_CXCR4_SIGNALING_PATHWAY	GO:0038160	signaling
GOBP_CYCLIC_GMP_AMP_TRANSMEMBRANE_IMPORT_ACROSS_PLASMA_MEMBRANE	GO:0140361	transmembrane transport
GOBP_CYCLIC_NUCLEOTIDE_BIOSYNTHETIC_PROCESS	GO:0009190	nucleobase-containing small molecule metabolic process
GOBP_CYCLIC_NUCLEOTIDE_CATABOLIC_PROCESS	GO:0009214	nucleobase-containing small molecule metabolic process
GOBP_CYCLIC_NUCLEOTIDE_METABOLIC_PROCESS	GO:0009187	nucleobase-containing small molecule metabolic process
GOBP_CYCLIC_NUCLEOTIDE_TRANSPORT	GO:0070729	unmapped
GOBP_CYSTEINE_CATABOLIC_PROCESS		unmapped
GOBP_CYSTEINE_METABOLIC_PROCESS		unmapped
GOBP_CYTIDINE_METABOLIC_PROCESS	GO:0046087	nucleobase-containing small molecule metabolic process
GOBP_CYTIDINE_TO_URIDINE_EDITING	GO:0016554	unmapped
GOBP_CYTOCHROME_COMPLEX_ASSEMBLY	GO:0017004	protein-containing complex assembly
GOBP_CYTOCHROME_METABOLIC_PROCESS	GO:1903604	unmapped
GOBP_CYTOKINESIS	GO:0000910	cytokinesis
GOBP_CYTOKINETIC_PROCESS	GO:0032506	cytokinesis
GOBP_CYTOKINE_MEDIATED_SIGNALING_PATHWAY	GO:0019221	signaling
GOBP_CYTOKINE_PRECURSOR_PROCESSING	GO:0140447	protein maturation
GOBP_CYTOKINE_PRODUCTION	GO:0001816	unmapped
GOBP_CYTOKINE_PRODUCTION_INVOLVED_IN_IMMUNE_RESPONSE	GO:0002367	immune system process
GOBP_CYTOKINE_PRODUCTION_INVOLVED_IN_INFLAMMATORY_RESPONSE	GO:0002534	inflammatory response
GOBP_CYTOLYSIS	GO:0019835	unmapped
GOBP_CYTOLYSIS_BY_HOST_OF_SYMBIONT_CELLS		unmapped
GOBP_CYTOLYSIS_IN_ANOTHER_ORGANISM	GO:0051715	unmapped
GOBP_CYTOPLASMIC_MICROTUBULE_ORGANIZATION	GO:0031122	cytoskeleton organization
GOBP_CYTOPLASMIC_PATTERN_RECOGNITION_RECEPTOR_SIGNALING_PATHWAY	GO:0002753	defense response to other organism
GOBP_CYTOPLASMIC_TRANSLATION	GO:0002181	cytoplasmic translation
GOBP_CYTOPLASMIC_TRANSLATIONAL_ELONGATION	GO:0002182	cytoplasmic translation
GOBP_CYTOPLASMIC_TRANSLATIONAL_INITIATION	GO:0002183	cytoplasmic translation
GOBP_CYTOPLASM_ORGANIZATION	GO:0007028	unmapped
GOBP_CYTOSKELETON_DEPENDENT_CYTOKINESIS	GO:0061640	cytokinesis
GOBP_CYTOSKELETON_DEPENDENT_INTRACELLULAR_TRANSPORT	GO:0030705	unmapped
GOBP_CYTOSKELETON_ORGANIZATION	GO:0007010	cytoskeleton organization
GOBP_CYTOSOLIC_CILIOGENESIS	GO:0061824	cilium organization
GOBP_CYTOSOLIC_RIBOSOME_ASSEMBLY	GO:0042256	ribosome biogenesis
GOBP_CYTOSOLIC_TRANSPORT	GO:0016482	unmapped
GOBP_CYTOSOL_TO_ENDOPLASMIC_RETICULUM_TRANSPORT	GO:0046967	transmembrane transport
GOBP_C_TERMINAL_PROTEIN_AMINO_ACID_MODIFICATION	GO:0018410	unmapped
GOBP_C_TERMINAL_PROTEIN_DEGLUTAMYLATION	GO:0035609	unmapped
GOBP_C_X_C_CHEMOKINE_RECEPTOR_CXCR4_SIGNALING_PATHWAY	GO:0038159	signaling
GOBP_DAMP_METABOLIC_PROCESS	GO:0046053	nucleobase-containing small molecule metabolic process
GOBP_DCMP_METABOLIC_PROCESS	GO:0046063	nucleobase-containing small molecule metabolic process
GOBP_DEADENYLATION_DEPENDENT_DECAPPING_OF_NUCLEAR_TRANSCRIBED_MRNA	GO:0000290	mRNA metabolic process
GOBP_DECIDUALIZATION	GO:0046697	anatomical structure development
GOBP_DEDIFFERENTIATION	GO:0043696	unmapped
GOBP_DEFENSE_RESPONSE_TO_BACTERIUM	GO:0042742	unmapped
GOBP_DEFENSE_RESPONSE_TO_GRAM_NEGATIVE_BACTERIUM	GO:0050829	unmapped
GOBP_DEFENSE_RESPONSE_TO_GRAM_POSITIVE_BACTERIUM	GO:0050830	unmapped
GOBP_DEFENSE_RESPONSE_TO_OTHER_ORGANISM	GO:0098542	defense response to other organism
GOBP_DEFENSE_RESPONSE_TO_SYMBIONT	GO:0140546	defense response to other organism
GOBP_DEFENSE_RESPONSE_TO_TUMOR_CELL	GO:0002357	unmapped
GOBP_DEFENSE_RESPONSE_TO_VIRUS	GO:0051607	unmapped
GOBP_DEFINITIVE_ERYTHROCYTE_DIFFERENTIATION	GO:0060318	cell differentiation
GOBP_DEFINITIVE_HEMOPOIESIS	GO:0060216	cell differentiation
GOBP_DEHYDROASCORBIC_ACID_TRANSPORT	GO:0070837	unmapped
GOBP_DELAMINATION	GO:0060232	cell adhesion
GOBP_DEMETHYLATION	GO:0070988	unmapped
GOBP_DENDRITE_ARBORIZATION	GO:0140059	cell differentiation
GOBP_DENDRITE_DEVELOPMENT	GO:0016358	cell differentiation
GOBP_DENDRITE_EXTENSION	GO:0097484	cell differentiation
GOBP_DENDRITE_MORPHOGENESIS	GO:0048813	cell differentiation
GOBP_DENDRITE_SELF_AVOIDANCE	GO:0070593	cell differentiation
GOBP_DENDRITIC_CELL_ANTIGEN_PROCESSING_AND_PRESENTATION	GO:0002468	immune system process
GOBP_DENDRITIC_CELL_APOPTOTIC_PROCESS	GO:0097048	programmed cell death
GOBP_DENDRITIC_CELL_CHEMOTAXIS	GO:0002407	cell motility
GOBP_DENDRITIC_CELL_CYTOKINE_PRODUCTION	GO:0002371	immune system process
GOBP_DENDRITIC_CELL_DIFFERENTIATION	GO:0097028	cell differentiation
GOBP_DENDRITIC_CELL_MIGRATION	GO:0036336	cell motility
GOBP_DENDRITIC_SPINE_DEVELOPMENT	GO:0060996	cell differentiation
GOBP_DENDRITIC_SPINE_MAINTENANCE	GO:0097062	cell junction organization
GOBP_DENDRITIC_SPINE_MORPHOGENESIS	GO:0060997	cell junction organization
GOBP_DENDRITIC_TRANSPORT	GO:0098935	microtubule-based movement
GOBP_DENSE_CORE_GRANULE_EXOCYTOSIS	GO:1990504	vesicle-mediated transport
GOBP_DENSE_CORE_GRANULE_TRANSPORT	GO:1901950	unmapped
GOBP_DENTATE_GYRUS_DEVELOPMENT	GO:0021542	anatomical structure development
GOBP_DENTINOGENESIS	GO:0097187	anatomical structure development
GOBP_DEOXYRIBONUCLEOSIDE_CATABOLIC_PROCESS		unmapped
GOBP_DEOXYRIBONUCLEOSIDE_DIPHOSPHATE_METABOLIC_PROCESS		unmapped
GOBP_DEOXYRIBONUCLEOSIDE_METABOLIC_PROCESS		unmapped
GOBP_DEOXYRIBONUCLEOSIDE_MONOPHOSPHATE_BIOSYNTHETIC_PROCESS	GO:0009157	nucleobase-containing small molecule metabolic process
GOBP_DEOXYRIBONUCLEOSIDE_MONOPHOSPHATE_CATABOLIC_PROCESS	GO:0009159	nucleobase-containing small molecule metabolic process
GOBP_DEOXYRIBONUCLEOSIDE_MONOPHOSPHATE_METABOLIC_PROCESS		unmapped
GOBP_DEOXYRIBONUCLEOSIDE_TRIPHOSPHATE_METABOLIC_PROCESS	GO:0009200	nucleobase-containing small molecule metabolic process
GOBP_DEOXYRIBONUCLEOTIDE_BIOSYNTHETIC_PROCESS	GO:0009263	unmapped
GOBP_DEOXYRIBONUCLEOTIDE_CATABOLIC_PROCESS	GO:0009264	unmapped
GOBP_DEOXYRIBONUCLEOTIDE_METABOLIC_PROCESS	GO:0009262	unmapped
GOBP_DEPHOSPHORYLATION	GO:0016311	unmapped
GOBP_DEPYRIMIDINATION	GO:0045008	DNA repair
GOBP_DERMATAN_SULFATE_PROTEOGLYCAN_BIOSYNTHETIC_PROCESS	GO:0050651	glycoprotein biosynthetic process
GOBP_DERMATAN_SULFATE_PROTEOGLYCAN_METABOLIC_PROCESS	GO:0050655	carbohydrate derivative metabolic process
GOBP_DESMOSOME_ASSEMBLY	GO:0002159	cell junction organization
GOBP_DESMOSOME_ORGANIZATION	GO:0002934	cell junction organization
GOBP_DETECTION_OF_ABIOTIC_STIMULUS	GO:0009582	unmapped
GOBP_DETECTION_OF_BACTERIUM	GO:0016045	unmapped
GOBP_DETECTION_OF_BIOTIC_STIMULUS	GO:0009595	unmapped
GOBP_DETECTION_OF_CALCIUM_ION	GO:0005513	unmapped
GOBP_DETECTION_OF_CELL_DENSITY	GO:0060245	unmapped
GOBP_DETECTION_OF_CHEMICAL_STIMULUS	GO:0009593	unmapped
GOBP_DETECTION_OF_CHEMICAL_STIMULUS_INVOLVED_IN_SENSORY_PERCEPTION_OF_TASTE	GO:0050912	nervous system process
GOBP_DETECTION_OF_EXTERNAL_BIOTIC_STIMULUS	GO:0098581	unmapped
GOBP_DETECTION_OF_LIGHT_STIMULUS	GO:0009583	unmapped
GOBP_DETECTION_OF_LIGHT_STIMULUS_INVOLVED_IN_SENSORY_PERCEPTION	GO:0050962	nervous system process
GOBP_DETECTION_OF_LIPOPOLYSACCHARIDE	GO:0032497	unmapped
GOBP_DETECTION_OF_MECHANICAL_STIMULUS	GO:0050982	unmapped
GOBP_DETECTION_OF_MECHANICAL_STIMULUS_INVOLVED_IN_SENSORY_PERCEPTION	GO:0050974	nervous system process
GOBP_DETECTION_OF_MECHANICAL_STIMULUS_INVOLVED_IN_SENSORY_PERCEPTION_OF_PAIN	GO:0050966	nervous system process
GOBP_DETECTION_OF_MECHANICAL_STIMULUS_INVOLVED_IN_SENSORY_PERCEPTION_OF_SOUND	GO:0050910	nervous system process
GOBP_DETECTION_OF_MOLECULE_OF_BACTERIAL_ORIGIN	GO:0032490	unmapped
GOBP_DETECTION_OF_MUSCLE_STRETCH	GO:0035995	unmapped
GOBP_DETECTION_OF_OTHER_ORGANISM	GO:0098543	unmapped
GOBP_DETECTION_OF_OXYGEN	GO:0003032	unmapped
GOBP_DETECTION_OF_STIMULUS	GO:0051606	unmapped
GOBP_DETECTION_OF_STIMULUS_INVOLVED_IN_SENSORY_PERCEPTION	GO:0050906	nervous system process
GOBP_DETECTION_OF_STIMULUS_INVOLVED_IN_SENSORY_PERCEPTION_OF_PAIN		unmapped
GOBP_DETECTION_OF_TEMPERATURE_STIMULUS	GO:0016048	unmapped
GOBP_DETECTION_OF_TEMPERATURE_STIMULUS_INVOLVED_IN_SENSORY_PERCEPTION_OF_PAIN	GO:0050965	nervous system process
GOBP_DETECTION_OF_TEMPERATURE_STIMULUS_INVOLVED_IN_THERMOCEPTION	GO:0050960	nervous system process
GOBP_DETECTION_OF_VISIBLE_LIGHT	GO:0009584	unmapped
GOBP_DETERMINATION_OF_ADULT_LIFESPAN	GO:0008340	unmapped
GOBP_DETERMINATION_OF_DIGESTIVE_TRACT_LEFT_RIGHT_ASYMMETRY	GO:0071907	anatomical structure development
GOBP_DETERMINATION_OF_DORSAL_VENTRAL_ASYMMETRY	GO:0048262	anatomical structure development
GOBP_DETERMINATION_OF_LEFT_RIGHT_ASYMMETRY_IN_LATERAL_MESODERM	GO:0003140	anatomical structure development
GOBP_DETERMINATION_OF_LIVER_LEFT_RIGHT_ASYMMETRY	GO:0071910	anatomical structure development
GOBP_DETERMINATION_OF_PANCREATIC_LEFT_RIGHT_ASYMMETRY	GO:0035469	anatomical structure development
GOBP_DETOXIFICATION	GO:0098754	detoxification
GOBP_DETOXIFICATION_OF_CADMIUM_ION	GO:0071585	detoxification
GOBP_DETOXIFICATION_OF_COPPER_ION	GO:0010273	detoxification
GOBP_DETOXIFICATION_OF_INORGANIC_COMPOUND	GO:0061687	detoxification
GOBP_DETOXIFICATION_OF_NITROGEN_COMPOUND	GO:0051410	detoxification
GOBP_DEVELOPMENTAL_CELL_GROWTH	GO:0048588	cell differentiation
GOBP_DEVELOPMENTAL_GROWTH	GO:0048589	unmapped
GOBP_DEVELOPMENTAL_GROWTH_INVOLVED_IN_MORPHOGENESIS	GO:0060560	anatomical structure development
GOBP_DEVELOPMENTAL_INDUCTION	GO:0031128	unmapped
GOBP_DEVELOPMENTAL_MATURATION	GO:0021700	unmapped
GOBP_DEVELOPMENTAL_PIGMENTATION	GO:0048066	unmapped
GOBP_DEVELOPMENTAL_PROCESS_INVOLVED_IN_REPRODUCTION	GO:0003006	reproductive process
GOBP_DEVELOPMENT_OF_PRIMARY_FEMALE_SEXUAL_CHARACTERISTICS	GO:0046545	anatomical structure development
GOBP_DEVELOPMENT_OF_PRIMARY_SEXUAL_CHARACTERISTICS	GO:0045137	anatomical structure development
GOBP_DEVELOPMENT_OF_SECONDARY_FEMALE_SEXUAL_CHARACTERISTICS		unmapped
GOBP_DEVELOPMENT_OF_SECONDARY_SEXUAL_CHARACTERISTICS		unmapped
GOBP_DE_NOVO_AMP_BIOSYNTHETIC_PROCESS	GO:0044208	nucleobase-containing small molecule metabolic process
GOBP_DE_NOVO_CENTRIOLE_ASSEMBLY	GO:0097742	cytoskeleton organization
GOBP_DE_NOVO_CENTRIOLE_ASSEMBLY_INVOLVED_IN_MULTI_CILIATED_EPITHELIAL_CELL_DIFFERENTIATION	GO:0098535	cytoskeleton organization
GOBP_DE_NOVO_IMP_BIOSYNTHETIC_PROCESS	GO:0006189	nucleobase-containing small molecule metabolic process
GOBP_DE_NOVO_NAD_BIOSYNTHETIC_PROCESS_FROM_L_TRYPTOPHAN	GO:0034354	nucleobase-containing small molecule metabolic process
GOBP_DE_NOVO_POST_TRANSLATIONAL_PROTEIN_FOLDING	GO:0051084	protein maturation
GOBP_DE_NOVO_PROTEIN_FOLDING	GO:0006458	protein maturation
GOBP_DE_NOVO_PYRIMIDINE_NUCLEOBASE_BIOSYNTHETIC_PROCESS	GO:0006207	nucleobase-containing small molecule metabolic process
GOBP_DGMP_METABOLIC_PROCESS	GO:0046054	nucleobase-containing small molecule metabolic process
GOBP_DIACYLGLYCEROL_BIOSYNTHETIC_PROCESS	GO:0006651	lipid metabolic process
GOBP_DIACYLGLYCEROL_CATABOLIC_PROCESS	GO:0046340	lipid metabolic process
GOBP_DIACYLGLYCEROL_METABOLIC_PROCESS	GO:0046339	lipid metabolic process
GOBP_DIADENOSINE_POLYPHOSPHATE_CATABOLIC_PROCESS	GO:0015961	nucleobase-containing small molecule metabolic process
GOBP_DIADENOSINE_POLYPHOSPHATE_METABOLIC_PROCESS	GO:0015959	nucleobase-containing small molecule metabolic process
GOBP_DIAPEDESIS	GO:0050904	cell motility
GOBP_DIAPHRAGM_DEVELOPMENT	GO:0060539	anatomical structure development
GOBP_DICARBOXYLIC_ACID_BIOSYNTHETIC_PROCESS	GO:0043650	unmapped
GOBP_DICARBOXYLIC_ACID_CATABOLIC_PROCESS	GO:0043649	unmapped
GOBP_DICARBOXYLIC_ACID_METABOLIC_PROCESS	GO:0043648	unmapped
GOBP_DICARBOXYLIC_ACID_TRANSPORT	GO:0006835	unmapped
GOBP_DICHOTOMOUS_SUBDIVISION_OF_AN_EPITHELIAL_TERMINAL_UNIT	GO:0060600	anatomical structure development
GOBP_DIENCEPHALON_DEVELOPMENT	GO:0021536	anatomical structure development
GOBP_DIET_INDUCED_THERMOGENESIS	GO:0002024	unmapped
GOBP_DIGESTION	GO:0007586	unmapped
GOBP_DIGESTIVE_SYSTEM_DEVELOPMENT	GO:0055123	anatomical structure development
GOBP_DIGESTIVE_SYSTEM_PROCESS	GO:0022600	digestive system process
GOBP_DIGESTIVE_TRACT_MORPHOGENESIS	GO:0048546	anatomical structure development
GOBP_DIOL_BIOSYNTHETIC_PROCESS	GO:0034312	unmapped
GOBP_DIOL_METABOLIC_PROCESS	GO:0034311	unmapped
GOBP_DIPEPTIDE_TRANSMEMBRANE_TRANSPORT	GO:0035442	transmembrane transport
GOBP_DIPHOSPHOINOSITOL_POLYPHOSPHATE_METABOLIC_PROCESS	GO:0071543	unmapped
GOBP_DIRECT_OSSIFICATION	GO:0036072	unmapped
GOBP_DISACCHARIDE_METABOLIC_PROCESS	GO:0005984	carbohydrate metabolic process
GOBP_DISRUPTION_OF_ANATOMICAL_STRUCTURE_IN_ANOTHER_ORGANISM	GO:0141060	unmapped
GOBP_DISRUPTION_OF_CELLULAR_ANATOMICAL_STRUCTURE_IN_ANOTHER_ORGANISM	GO:0140975	unmapped
GOBP_DISTAL_CONVOLUTED_TUBULE_DEVELOPMENT	GO:0072025	anatomical structure development
GOBP_DISTAL_TUBULE_DEVELOPMENT	GO:0072017	anatomical structure development
GOBP_DITERPENOID_BIOSYNTHETIC_PROCESS	GO:0016102	lipid metabolic process
GOBP_DNA_ALKYLATION_REPAIR	GO:0006307	DNA repair
GOBP_DNA_BIOSYNTHETIC_PROCESS	GO:0071897	unmapped
GOBP_DNA_CATABOLIC_PROCESS	GO:0006308	unmapped
GOBP_DNA_CONFORMATION_CHANGE	GO:0071103	unmapped
GOBP_DNA_CYTOSINE_DEAMINATION	GO:0070383	unmapped
GOBP_DNA_DAMAGE_RESPONSE	GO:0006974	unmapped
GOBP_DNA_DAMAGE_RESPONSE_SIGNAL_TRANSDUCTION_BY_P53_CLASS_MEDIATOR	GO:0030330	signaling
GOBP_DNA_DEAMINATION	GO:0045006	unmapped
GOBP_DNA_DOUBLE_STRAND_BREAK_PROCESSING	GO:0000729	DNA repair
GOBP_DNA_ENDOREDUPLICATION	GO:0042023	DNA replication
GOBP_DNA_GEOMETRIC_CHANGE	GO:0032392	unmapped
GOBP_DNA_INTEGRATION	GO:0015074	unmapped
GOBP_DNA_INTEGRITY_CHECKPOINT_SIGNALING	GO:0031570	signaling
GOBP_DNA_METABOLIC_PROCESS	GO:0006259	unmapped
GOBP_DNA_METHYLATION_DEPENDENT_CONSTITUTIVE_HETEROCHROMATIN_FORMATION	GO:0006346	chromatin organization
GOBP_DNA_MODIFICATION	GO:0006304	unmapped
GOBP_DNA_PROTECTION	GO:0042262	unmapped
GOBP_DNA_RECOMBINATION	GO:0006310	DNA recombination
GOBP_DNA_REPAIR	GO:0006281	DNA repair
GOBP_DNA_REPAIR_COMPLEX_ASSEMBLY	GO:0090735	protein-containing complex assembly
GOBP_DNA_REPAIR_DEPENDENT_CHROMATIN_REMODELING	GO:0140861	chromatin organization
GOBP_DNA_REPLICATION	GO:0006260	DNA replication
GOBP_DNA_REPLICATION_CHECKPOINT_SIGNALING	GO:0000076	signaling
GOBP_DNA_REPLICATION_DEPENDENT_CHROMATIN_ASSEMBLY	GO:0006335	chromatin organization
GOBP_DNA_REPLICATION_INITIATION	GO:0006270	DNA replication
GOBP_DNA_REPLICATION_SYNTHESIS_OF_PRIMER	GO:0006269	DNA replication
GOBP_DNA_STRAND_ELONGATION	GO:0022616	unmapped
GOBP_DNA_STRAND_ELONGATION_INVOLVED_IN_DNA_REPLICATION	GO:0006271	DNA replication
GOBP_DNA_STRAND_INVASION	GO:0042148	DNA recombination
GOBP_DNA_STRAND_RESECTION_INVOLVED_IN_REPLICATION_FORK_PROCESSING	GO:0110025	DNA replication
GOBP_DNA_SYNTHESIS_INVOLVED_IN_DNA_REPAIR	GO:0000731	DNA repair
GOBP_DNA_TEMPLATED_DNA_REPLICATION	GO:0006261	DNA replication
GOBP_DNA_TEMPLATED_DNA_REPLICATION_MAINTENANCE_OF_FIDELITY	GO:0045005	DNA replication
GOBP_DNA_TEMPLATED_TRANSCRIPTION_ELONGATION	GO:0006354	DNA-templated transcription
GOBP_DNA_TEMPLATED_TRANSCRIPTION_INITIATION	GO:0006352	DNA-templated transcription
GOBP_DNA_TEMPLATED_TRANSCRIPTION_TERMINATION	GO:0006353	DNA-templated transcription
GOBP_DNA_TOPOLOGICAL_CHANGE	GO:0006265	unmapped
GOBP_DOLICHOL_LINKED_OLIGOSACCHARIDE_BIOSYNTHETIC_PROCESS	GO:0006488	glycoprotein biosynthetic process
GOBP_DOLICHOL_METABOLIC_PROCESS		unmapped
GOBP_DOLICHYL_DIPHOSPHATE_BIOSYNTHETIC_PROCESS	GO:0006489	glycoprotein biosynthetic process
GOBP_DOPAMINERGIC_NEURON_AXON_GUIDANCE	GO:0036514	cell differentiation
GOBP_DOPAMINERGIC_NEURON_DIFFERENTIATION	GO:0071542	cell differentiation
GOBP_DOPAMINE_BIOSYNTHETIC_PROCESS	GO:0042416	unmapped
GOBP_DOPAMINE_METABOLIC_PROCESS	GO:0042417	unmapped
GOBP_DOPAMINE_SECRETION	GO:0014046	signaling
GOBP_DOPAMINE_TRANSPORT		unmapped
GOBP_DORSAL_AORTA_DEVELOPMENT	GO:0035907	anatomical structure development
GOBP_DORSAL_AORTA_MORPHOGENESIS	GO:0035912	anatomical structure development
GOBP_DORSAL_ROOT_GANGLION_DEVELOPMENT	GO:1990791	anatomical structure development
GOBP_DORSAL_SPINAL_CORD_DEVELOPMENT	GO:0021516	anatomical structure development
GOBP_DORSAL_VENTRAL_AXIS_SPECIFICATION	GO:0009950	anatomical structure development
GOBP_DORSAL_VENTRAL_NEURAL_TUBE_PATTERNING	GO:0021904	anatomical structure development
GOBP_DORSAL_VENTRAL_PATTERN_FORMATION	GO:0009953	anatomical structure development
GOBP_DOUBLE_STRAND_BREAK_REPAIR	GO:0006302	DNA repair
GOBP_DOUBLE_STRAND_BREAK_REPAIR_INVOLVED_IN_MEIOTIC_RECOMBINATION	GO:1990918	DNA repair
GOBP_DOUBLE_STRAND_BREAK_REPAIR_VIA_ALTERNATIVE_NONHOMOLOGOUS_END_JOINING	GO:0097681	DNA repair
GOBP_DOUBLE_STRAND_BREAK_REPAIR_VIA_BREAK_INDUCED_REPLICATION	GO:0000727	DNA repair
GOBP_DOUBLE_STRAND_BREAK_REPAIR_VIA_CLASSICAL_NONHOMOLOGOUS_END_JOINING	GO:0097680	DNA repair
GOBP_DOUBLE_STRAND_BREAK_REPAIR_VIA_NONHOMOLOGOUS_END_JOINING	GO:0006303	DNA repair
GOBP_DOUBLE_STRAND_BREAK_REPAIR_VIA_SINGLE_STRAND_ANNEALING	GO:0045002	DNA repair
GOBP_DOUBLE_STRAND_BREAK_REPAIR_VIA_SYNTHESIS_DEPENDENT_STRAND_ANNEALING	GO:0045003	DNA repair
GOBP_DRINKING_BEHAVIOR	GO:0042756	unmapped
GOBP_DTMP_METABOLIC_PROCESS	GO:0046073	nucleobase-containing small molecule metabolic process
GOBP_DTTP_METABOLIC_PROCESS	GO:0046075	nucleobase-containing small molecule metabolic process
GOBP_DUCTUS_ARTERIOSUS_CLOSURE	GO:0097070	anatomical structure development
GOBP_DUMP_CATABOLIC_PROCESS	GO:0046079	nucleobase-containing small molecule metabolic process
GOBP_DUMP_METABOLIC_PROCESS	GO:0046078	nucleobase-containing small molecule metabolic process
GOBP_D_AMINO_ACID_TRANSPORT	GO:0042940	unmapped
GOBP_D_ASPARTATE_TRANSMEMBRANE_TRANSPORT	GO:0070777	transmembrane transport
GOBP_D_GLUCOSE_IMPORT		unmapped
GOBP_D_GLUCOSE_IMPORT_ACROSS_PLASMA_MEMBRANE	GO:0098708	transmembrane transport
GOBP_D_GLUCURONATE_CATABOLIC_PROCESS_TO_D_XYLULOSE_5_PHOSPHATE		unmapped
GOBP_EARLY_ENDOSOME_TO_GOLGI_TRANSPORT	GO:0034498	vesicle-mediated transport
GOBP_EARLY_ENDOSOME_TO_RECYCLING_ENDOSOME_TRANSPORT		unmapped
GOBP_EAR_DEVELOPMENT	GO:0043583	anatomical structure development
GOBP_EAR_MORPHOGENESIS	GO:0042471	anatomical structure development
GOBP_EATING_BEHAVIOR	GO:0042755	unmapped
GOBP_ECTODERMAL_CELL_DIFFERENTIATION	GO:0010668	cell differentiation
GOBP_ECTODERMAL_PLACODE_DEVELOPMENT	GO:0071696	anatomical structure development
GOBP_ECTODERM_DEVELOPMENT	GO:0007398	anatomical structure development
GOBP_ECTOPIC_GERM_CELL_PROGRAMMED_CELL_DEATH	GO:0035234	programmed cell death
GOBP_EGG_ACTIVATION	GO:0007343	reproductive process
GOBP_ELASTIC_FIBER_ASSEMBLY	GO:0048251	extracellular matrix organization
GOBP_ELASTIN_CATABOLIC_PROCESS	GO:0060309	protein catabolic process
GOBP_ELASTIN_METABOLIC_PROCESS	GO:0051541	carbohydrate derivative metabolic process
GOBP_ELECTRON_TRANSPORT_CHAIN	GO:0022900	generation of precursor metabolites and energy
GOBP_EMBRYONIC_APPENDAGE_MORPHOGENESIS	GO:0035113	anatomical structure development
GOBP_EMBRYONIC_AXIS_SPECIFICATION	GO:0000578	anatomical structure development
GOBP_EMBRYONIC_BODY_MORPHOGENESIS	GO:0010172	anatomical structure development
GOBP_EMBRYONIC_BRAIN_DEVELOPMENT	GO:1990403	anatomical structure development
GOBP_EMBRYONIC_CAMERA_TYPE_EYE_DEVELOPMENT	GO:0031076	anatomical structure development
GOBP_EMBRYONIC_CAMERA_TYPE_EYE_FORMATION	GO:0060900	anatomical structure development
GOBP_EMBRYONIC_CAMERA_TYPE_EYE_MORPHOGENESIS	GO:0048596	anatomical structure development
GOBP_EMBRYONIC_CLEAVAGE	GO:0040016	anatomical structure development
GOBP_EMBRYONIC_CRANIAL_SKELETON_MORPHOGENESIS	GO:0048701	anatomical structure development
GOBP_EMBRYONIC_DIGESTIVE_TRACT_DEVELOPMENT	GO:0048566	anatomical structure development
GOBP_EMBRYONIC_DIGESTIVE_TRACT_MORPHOGENESIS	GO:0048557	anatomical structure development
GOBP_EMBRYONIC_DIGIT_MORPHOGENESIS	GO:0042733	anatomical structure development
GOBP_EMBRYONIC_EPITHELIAL_TUBE_FORMATION	GO:0001838	anatomical structure development
GOBP_EMBRYONIC_EYE_MORPHOGENESIS	GO:0048048	anatomical structure development
GOBP_EMBRYONIC_FORELIMB_MORPHOGENESIS	GO:0035115	anatomical structure development
GOBP_EMBRYONIC_HEART_TUBE_DEVELOPMENT	GO:0035050	anatomical structure development
GOBP_EMBRYONIC_HEART_TUBE_LEFT_RIGHT_PATTERN_FORMATION	GO:0060971	anatomical structure development
GOBP_EMBRYONIC_HEART_TUBE_MORPHOGENESIS	GO:0003143	anatomical structure development
GOBP_EMBRYONIC_HEMOPOIESIS	GO:0035162	cell differentiation
GOBP_EMBRYONIC_HINDLIMB_MORPHOGENESIS	GO:0035116	anatomical structure development
GOBP_EMBRYONIC_MORPHOGENESIS	GO:0048598	anatomical structure development
GOBP_EMBRYONIC_NEUROCRANIUM_MORPHOGENESIS	GO:0048702	anatomical structure development
GOBP_EMBRYONIC_OLFACTORY_BULB_INTERNEURON_PRECURSOR_MIGRATION	GO:0021831	cell differentiation
GOBP_EMBRYONIC_ORGAN_DEVELOPMENT	GO:0048568	anatomical structure development
GOBP_EMBRYONIC_ORGAN_MORPHOGENESIS	GO:0048562	anatomical structure development
GOBP_EMBRYONIC_PATTERN_SPECIFICATION	GO:0009880	anatomical structure development
GOBP_EMBRYONIC_PLACENTA_DEVELOPMENT	GO:0001892	anatomical structure development
GOBP_EMBRYONIC_PLACENTA_MORPHOGENESIS	GO:0060669	anatomical structure development
GOBP_EMBRYONIC_PROCESS_INVOLVED_IN_FEMALE_PREGNANCY	GO:0060136	anatomical structure development
GOBP_EMBRYONIC_RETINA_MORPHOGENESIS_IN_CAMERA_TYPE_EYE	GO:0060059	anatomical structure development
GOBP_EMBRYONIC_SKELETAL_JOINT_DEVELOPMENT	GO:0072498	anatomical structure development
GOBP_EMBRYONIC_SKELETAL_JOINT_MORPHOGENESIS	GO:0060272	anatomical structure development
GOBP_EMBRYONIC_SKELETAL_SYSTEM_DEVELOPMENT	GO:0048706	anatomical structure development
GOBP_EMBRYONIC_SKELETAL_SYSTEM_MORPHOGENESIS	GO:0048704	anatomical structure development
GOBP_EMBRYONIC_VISCEROCRANIUM_MORPHOGENESIS	GO:0048703	anatomical structure development
GOBP_EMBRYO_DEVELOPMENT	GO:0009790	anatomical structure development
GOBP_EMBRYO_DEVELOPMENT_ENDING_IN_BIRTH_OR_EGG_HATCHING	GO:0009792	anatomical structure development
GOBP_EMBRYO_IMPLANTATION	GO:0007566	anatomical structure development
GOBP_ENAMEL_MINERALIZATION	GO:0070166	anatomical structure development
GOBP_ENDOCARDIAL_CELL_DIFFERENTIATION	GO:0060956	cell differentiation
GOBP_ENDOCARDIAL_CUSHION_DEVELOPMENT	GO:0003197	anatomical structure development
GOBP_ENDOCARDIAL_CUSHION_FORMATION	GO:0003272	anatomical structure development
GOBP_ENDOCARDIAL_CUSHION_FUSION	GO:0003274	cell adhesion
GOBP_ENDOCARDIAL_CUSHION_MORPHOGENESIS	GO:0003203	anatomical structure development
GOBP_ENDOCARDIAL_CUSHION_TO_MESENCHYMAL_TRANSITION	GO:0090500	cell differentiation
GOBP_ENDOCARDIUM_DEVELOPMENT	GO:0003157	anatomical structure development
GOBP_ENDOCARDIUM_MORPHOGENESIS	GO:0003160	anatomical structure development
GOBP_ENDOCHONDRAL_BONE_MORPHOGENESIS	GO:0060350	anatomical structure development
GOBP_ENDOCRINE_HORMONE_SECRETION		unmapped
GOBP_ENDOCRINE_PANCREAS_DEVELOPMENT	GO:0031018	anatomical structure development
GOBP_ENDOCRINE_PROCESS	GO:0050886	endocrine process
GOBP_ENDOCRINE_SYSTEM_DEVELOPMENT	GO:0035270	anatomical structure development
GOBP_ENDOCYTIC_RECYCLING	GO:0032456	vesicle-mediated transport
GOBP_ENDOCYTOSIS	GO:0006897	vesicle-mediated transport
GOBP_ENDOCYTOSIS_INVOLVED_IN_VIRAL_ENTRY_INTO_HOST_CELL	GO:0075509	unmapped
GOBP_ENDODERMAL_CELL_FATE_COMMITMENT	GO:0001711	cell differentiation
GOBP_ENDODERMAL_CELL_FATE_SPECIFICATION	GO:0001714	cell differentiation
GOBP_ENDODERM_DEVELOPMENT	GO:0007492	anatomical structure development
GOBP_ENDODERM_FORMATION	GO:0001706	anatomical structure development
GOBP_ENDOLYSOSOMAL_TOLL_LIKE_RECEPTOR_SIGNALING_PATHWAY	GO:0140894	defense response to other organism
GOBP_ENDOMEMBRANE_SYSTEM_ORGANIZATION	GO:0010256	unmapped
GOBP_ENDONUCLEOLYTIC_CLEAVAGE_IN_5_ETS_OF_TRICISTRONIC_RRNA_TRANSCRIPT_SSU_RRNA_5_8S_RRNA_LSU_RRNA	GO:0000480	ribosome biogenesis
GOBP_ENDONUCLEOLYTIC_CLEAVAGE_IN_ITS1_TO_SEPARATE_SSU_RRNA_FROM_5_8S_RRNA_AND_LSU_RRNA_FROM_TRICISTRONIC_RRNA_TRANSCRIPT_SSU_RRNA_5_8S_RRNA_LSU_RRNA	GO:0000447	ribosome biogenesis
GOBP_ENDONUCLEOLYTIC_CLEAVAGE_OF_TRICISTRONIC_RRNA_TRANSCRIPT_SSU_RRNA_5_8S_RRNA_LSU_RRNA	GO:0000479	ribosome biogenesis
GOBP_ENDOPLASMIC_RETICULUM_CALCIUM_ION_HOMEOSTASIS	GO:0032469	unmapped
GOBP_ENDOPLASMIC_RETICULUM_LOCALIZATION	GO:0051643	unmapped
GOBP_ENDOPLASMIC_RETICULUM_MANNOSE_TRIMMING	GO:1904380	carbohydrate derivative metabolic process
GOBP_ENDOPLASMIC_RETICULUM_MEMBRANE_FUSION	GO:0016320	membrane organization
GOBP_ENDOPLASMIC_RETICULUM_MEMBRANE_ORGANIZATION	GO:0090158	membrane organization
GOBP_ENDOPLASMIC_RETICULUM_ORGANIZATION	GO:0007029	unmapped
GOBP_ENDOPLASMIC_RETICULUM_PLASMA_MEMBRANE_TETHERING		unmapped
GOBP_ENDOPLASMIC_RETICULUM_TO_CYTOSOL_TRANSPORT	GO:1903513	unmapped
GOBP_ENDOPLASMIC_RETICULUM_TO_GOLGI_VESICLE_MEDIATED_TRANSPORT	GO:0006888	vesicle-mediated transport
GOBP_ENDOPLASMIC_RETICULUM_TUBULAR_NETWORK_FORMATION	GO:0071787	unmapped
GOBP_ENDOPLASMIC_RETICULUM_TUBULAR_NETWORK_MEMBRANE_ORGANIZATION	GO:1990809	membrane organization
GOBP_ENDOPLASMIC_RETICULUM_TUBULAR_NETWORK_ORGANIZATION	GO:0071786	unmapped
GOBP_ENDOSOMAL_LUMEN_ACIDIFICATION	GO:0048388	unmapped
GOBP_ENDOSOMAL_TRANSPORT	GO:0016197	vesicle-mediated transport
GOBP_ENDOSOMAL_VESICLE_FUSION	GO:0034058	vesicle-mediated transport
GOBP_ENDOSOME_ORGANIZATION	GO:0007032	unmapped
GOBP_ENDOSOME_TO_LYSOSOME_TRANSPORT	GO:0008333	vesicle-mediated transport
GOBP_ENDOSOME_TO_LYSOSOME_TRANSPORT_VIA_MULTIVESICULAR_BODY_SORTING_PATHWAY	GO:0032510	vesicle-mediated transport
GOBP_ENDOSOME_TO_PLASMA_MEMBRANE_PROTEIN_TRANSPORT	GO:0099638	intracellular protein transport
GOBP_ENDOTHELIAL_CELL_ACTIVATION	GO:0042118	unmapped
GOBP_ENDOTHELIAL_CELL_APOPTOTIC_PROCESS	GO:0072577	programmed cell death
GOBP_ENDOTHELIAL_CELL_CHEMOTAXIS	GO:0035767	cell motility
GOBP_ENDOTHELIAL_CELL_DEVELOPMENT	GO:0001885	cell differentiation
GOBP_ENDOTHELIAL_CELL_DIFFERENTIATION	GO:0045446	cell differentiation
GOBP_ENDOTHELIAL_CELL_FATE_COMMITMENT	GO:0060839	cell differentiation
GOBP_ENDOTHELIAL_CELL_MATRIX_ADHESION	GO:0090673	cell adhesion
GOBP_ENDOTHELIAL_CELL_MATRIX_ADHESION_VIA_FIBRONECTIN		unmapped
GOBP_ENDOTHELIAL_CELL_MIGRATION	GO:0043542	cell motility
GOBP_ENDOTHELIAL_CELL_MORPHOGENESIS	GO:0001886	cell differentiation
GOBP_ENDOTHELIAL_CELL_PROLIFERATION	GO:0001935	unmapped
GOBP_ENDOTHELIN_RECEPTOR_SIGNALING_PATHWAY	GO:0086100	signaling
GOBP_ENDOTHELIUM_DEVELOPMENT	GO:0003158	anatomical structure development
GOBP_ENERGY_DERIVATION_BY_OXIDATION_OF_ORGANIC_COMPOUNDS	GO:0015980	generation of precursor metabolites and energy
GOBP_ENERGY_HOMEOSTASIS	GO:0097009	unmapped
GOBP_ENERGY_RESERVE_METABOLIC_PROCESS	GO:0006112	generation of precursor metabolites and energy
GOBP_ENGULFMENT_OF_APOPTOTIC_CELL	GO:0043652	vesicle-mediated transport
GOBP_ENSHEATHMENT_OF_NEURONS	GO:0007272	anatomical structure development
GOBP_ENTERIC_NERVOUS_SYSTEM_DEVELOPMENT	GO:0048484	anatomical structure development
GOBP_ENTEROENDOCRINE_CELL_DIFFERENTIATION	GO:0035883	cell differentiation
GOBP_ENTRAINMENT_OF_CIRCADIAN_CLOCK	GO:0009649	unmapped
GOBP_ENTRAINMENT_OF_CIRCADIAN_CLOCK_BY_PHOTOPERIOD	GO:0043153	unmapped
GOBP_ENUCLEATE_ERYTHROCYTE_DEVELOPMENT	GO:0048822	cell differentiation
GOBP_ENUCLEATE_ERYTHROCYTE_DIFFERENTIATION	GO:0043353	cell differentiation
GOBP_ENUCLEATE_ERYTHROCYTE_MATURATION	GO:0043354	cell differentiation
GOBP_ENZYME_LINKED_RECEPTOR_PROTEIN_SIGNALING_PATHWAY	GO:0007167	signaling
GOBP_EOSINOPHIL_ACTIVATION	GO:0043307	immune system process
GOBP_EOSINOPHIL_CHEMOTAXIS	GO:0048245	cell motility
GOBP_EOSINOPHIL_DIFFERENTIATION	GO:0030222	cell differentiation
GOBP_EOSINOPHIL_MEDIATED_IMMUNITY	GO:0002447	immune system process
GOBP_EOSINOPHIL_MIGRATION	GO:0072677	cell motility
GOBP_EPHRIN_RECEPTOR_SIGNALING_PATHWAY	GO:0048013	signaling
GOBP_EPIBOLY	GO:0090504	anatomical structure development
GOBP_EPIDERMAL_CELL_DIFFERENTIATION	GO:0009913	cell differentiation
GOBP_EPIDERMAL_CELL_FATE_SPECIFICATION	GO:0009957	cell differentiation
GOBP_EPIDERMIS_DEVELOPMENT	GO:0008544	anatomical structure development
GOBP_EPIDERMIS_MORPHOGENESIS	GO:0048730	anatomical structure development
GOBP_EPIGENETIC_PROGRAMMING_IN_THE_ZYGOTIC_PRONUCLEI	GO:0044725	chromatin organization
GOBP_EPIGENETIC_PROGRAMMING_OF_GENE_EXPRESSION	GO:0043045	chromatin organization
GOBP_EPIGENETIC_REGULATION_OF_GENE_EXPRESSION	GO:0040029	chromatin organization
GOBP_EPINEPHRINE_METABOLIC_PROCESS	GO:0042414	unmapped
GOBP_EPINEPHRINE_SECRETION	GO:0048242	unmapped
GOBP_EPINEPHRINE_TRANSPORT		unmapped
GOBP_EPITHELIAL_CELL_APOPTOTIC_PROCESS	GO:1904019	programmed cell death
GOBP_EPITHELIAL_CELL_CELL_ADHESION	GO:0090136	cell adhesion
GOBP_EPITHELIAL_CELL_DEVELOPMENT	GO:0002064	cell differentiation
GOBP_EPITHELIAL_CELL_DIFFERENTIATION	GO:0030855	cell differentiation
GOBP_EPITHELIAL_CELL_DIFFERENTIATION_INVOLVED_IN_KIDNEY_DEVELOPMENT	GO:0035850	cell differentiation
GOBP_EPITHELIAL_CELL_DIFFERENTIATION_INVOLVED_IN_PROSTATE_GLAND_DEVELOPMENT	GO:0060742	cell differentiation
GOBP_EPITHELIAL_CELL_FATE_COMMITMENT	GO:0072148	cell differentiation
GOBP_EPITHELIAL_CELL_MATURATION	GO:0002070	cell differentiation
GOBP_EPITHELIAL_CELL_MORPHOGENESIS	GO:0003382	cell differentiation
GOBP_EPITHELIAL_CELL_PROLIFERATION	GO:0050673	unmapped
GOBP_EPITHELIAL_CELL_PROLIFERATION_INVOLVED_IN_LUNG_MORPHOGENESIS	GO:0060502	anatomical structure development
GOBP_EPITHELIAL_CELL_PROLIFERATION_INVOLVED_IN_MAMMARY_GLAND_DUCT_ELONGATION	GO:0060750	anatomical structure development
GOBP_EPITHELIAL_CELL_PROLIFERATION_INVOLVED_IN_PROSTATE_GLAND_DEVELOPMENT	GO:0060767	anatomical structure development
GOBP_EPITHELIAL_CELL_PROLIFERATION_INVOLVED_IN_RENAL_TUBULE_MORPHOGENESIS	GO:2001013	anatomical structure development
GOBP_EPITHELIAL_CELL_PROLIFERATION_INVOLVED_IN_SALIVARY_GLAND_MORPHOGENESIS	GO:0060664	anatomical structure development
GOBP_EPITHELIAL_CILIUM_MOVEMENT_INVOLVED_IN_DETERMINATION_OF_LEFT_RIGHT_ASYMMETRY	GO:0060287	microtubule-based movement
GOBP_EPITHELIAL_FLUID_TRANSPORT	GO:0042045	unmapped
GOBP_EPITHELIAL_MESENCHYMAL_CELL_SIGNALING	GO:0060684	signaling
GOBP_EPITHELIAL_STRUCTURE_MAINTENANCE	GO:0010669	unmapped
GOBP_EPITHELIAL_TO_MESENCHYMAL_TRANSITION	GO:0001837	cell differentiation
GOBP_EPITHELIAL_TO_MESENCHYMAL_TRANSITION_INVOLVED_IN_ENDOCARDIAL_CUSHION_FORMATION	GO:0003198	cell differentiation
GOBP_EPITHELIAL_TUBE_BRANCHING_INVOLVED_IN_LUNG_MORPHOGENESIS	GO:0060441	anatomical structure development
GOBP_EPITHELIAL_TUBE_MORPHOGENESIS	GO:0060562	anatomical structure development
GOBP_EPITHELIUM_DEVELOPMENT	GO:0060429	anatomical structure development
GOBP_EPOXIDE_METABOLIC_PROCESS	GO:0097176	unmapped
GOBP_EPOXYGENASE_P450_PATHWAY	GO:0019373	lipid metabolic process
GOBP_EQUILIBRIOCEPTION	GO:0050957	nervous system process
GOBP_ERAD_PATHWAY	GO:0036503	protein catabolic process
GOBP_ERBB2_EGFR_SIGNALING_PATHWAY	GO:0038134	signaling
GOBP_ERBB2_ERBB4_SIGNALING_PATHWAY	GO:0038135	signaling
GOBP_ERBB2_SIGNALING_PATHWAY	GO:0038128	signaling
GOBP_ERBB3_SIGNALING_PATHWAY	GO:0038129	signaling
GOBP_ERBB4_ERBB4_SIGNALING_PATHWAY	GO:0038138	signaling
GOBP_ERBB4_SIGNALING_PATHWAY	GO:0038130	signaling
GOBP_ERBB_SIGNALING_PATHWAY	GO:0038127	signaling
GOBP_ERK1_AND_ERK2_CASCADE	GO:0070371	signaling
GOBP_ERK5_CASCADE	GO:0070375	signaling
GOBP_ERROR_FREE_TRANSLESION_SYNTHESIS	GO:0070987	DNA replication
GOBP_ERROR_PRONE_TRANSLESION_SYNTHESIS	GO:0042276	DNA replication
GOBP_ERYTHROCYTE_DEVELOPMENT	GO:0048821	cell differentiation
GOBP_ERYTHROCYTE_HOMEOSTASIS	GO:0034101	immune system process
GOBP_ERYTHROCYTE_MATURATION	GO:0043249	cell differentiation
GOBP_ERYTHROPOIETIN_MEDIATED_SIGNALING_PATHWAY	GO:0038162	signaling
GOBP_ERYTHROSE_4_PHOSPHATE_PHOSPHOENOLPYRUVATE_FAMILY_AMINO_ACID_CATABOLIC_PROCESS		unmapped
GOBP_ERYTHROSE_4_PHOSPHATE_PHOSPHOENOLPYRUVATE_FAMILY_AMINO_ACID_METABOLIC_PROCESS		unmapped
GOBP_ER_NUCLEUS_SIGNALING_PATHWAY	GO:0006984	signaling
GOBP_ER_OVERLOAD_RESPONSE	GO:0006983	signaling
GOBP_ESCRT_COMPLEX_DISASSEMBLY	GO:1904896	unmapped
GOBP_ESTABLISHMENT_OF_BLOOD_BRAIN_BARRIER	GO:0060856	cell differentiation
GOBP_ESTABLISHMENT_OF_BLOOD_RETINAL_BARRIER	GO:1990963	cell differentiation
GOBP_ESTABLISHMENT_OF_CELL_POLARITY	GO:0030010	establishment or maintenance of cell polarity
GOBP_ESTABLISHMENT_OF_CENTROSOME_LOCALIZATION	GO:0051660	unmapped
GOBP_ESTABLISHMENT_OF_ENDOTHELIAL_BARRIER	GO:0061028	cell differentiation
GOBP_ESTABLISHMENT_OF_ENDOTHELIAL_INTESTINAL_BARRIER	GO:0090557	cell differentiation
GOBP_ESTABLISHMENT_OF_EPITHELIAL_CELL_APICAL_BASAL_POLARITY	GO:0045198	cell differentiation
GOBP_ESTABLISHMENT_OF_EPITHELIAL_CELL_POLARITY	GO:0090162	establishment or maintenance of cell polarity
GOBP_ESTABLISHMENT_OF_GOLGI_LOCALIZATION	GO:0051683	unmapped
GOBP_ESTABLISHMENT_OF_LEFT_RIGHT_ASYMMETRY	GO:0061966	anatomical structure development
GOBP_ESTABLISHMENT_OF_LYMPHOCYTE_POLARITY	GO:0001767	establishment or maintenance of cell polarity
GOBP_ESTABLISHMENT_OF_MEIOTIC_SPINDLE_LOCALIZATION	GO:0051295	cytoskeleton organization
GOBP_ESTABLISHMENT_OF_MITOCHONDRION_LOCALIZATION	GO:0051654	unmapped
GOBP_ESTABLISHMENT_OF_MITOCHONDRION_LOCALIZATION_MICROTUBULE_MEDIATED	GO:0034643	microtubule-based movement
GOBP_ESTABLISHMENT_OF_MITOTIC_SISTER_CHROMATID_COHESION	GO:0034087	mitotic cell cycle
GOBP_ESTABLISHMENT_OF_MITOTIC_SPINDLE_LOCALIZATION	GO:0040001	cytoskeleton organization
GOBP_ESTABLISHMENT_OF_ORGANELLE_LOCALIZATION	GO:0051656	unmapped
GOBP_ESTABLISHMENT_OF_PIGMENT_GRANULE_LOCALIZATION	GO:0051905	unmapped
GOBP_ESTABLISHMENT_OF_PLANAR_POLARITY_OF_EMBRYONIC_EPITHELIUM	GO:0042249	anatomical structure development
GOBP_ESTABLISHMENT_OF_PROTEIN_LOCALIZATION	GO:0045184	unmapped
GOBP_ESTABLISHMENT_OF_PROTEIN_LOCALIZATION_TO_CHROMATIN	GO:0071169	unmapped
GOBP_ESTABLISHMENT_OF_PROTEIN_LOCALIZATION_TO_CHROMOSOME	GO:0070199	unmapped
GOBP_ESTABLISHMENT_OF_PROTEIN_LOCALIZATION_TO_ENDOPLASMIC_RETICULUM	GO:0072599	unmapped
GOBP_ESTABLISHMENT_OF_PROTEIN_LOCALIZATION_TO_MEMBRANE	GO:0090150	unmapped
GOBP_ESTABLISHMENT_OF_PROTEIN_LOCALIZATION_TO_MITOCHONDRIAL_MEMBRANE		unmapped
GOBP_ESTABLISHMENT_OF_PROTEIN_LOCALIZATION_TO_ORGANELLE	GO:0072594	unmapped
GOBP_ESTABLISHMENT_OF_PROTEIN_LOCALIZATION_TO_PEROXISOME	GO:0072663	unmapped
GOBP_ESTABLISHMENT_OF_PROTEIN_LOCALIZATION_TO_PLASMA_MEMBRANE	GO:0061951	unmapped
GOBP_ESTABLISHMENT_OF_PROTEIN_LOCALIZATION_TO_TELOMERE	GO:0070200	unmapped
GOBP_ESTABLISHMENT_OF_PROTEIN_LOCALIZATION_TO_VACUOLE	GO:0072666	unmapped
GOBP_ESTABLISHMENT_OF_RNA_LOCALIZATION	GO:0051236	unmapped
GOBP_ESTABLISHMENT_OF_SERTOLI_CELL_BARRIER	GO:0097368	cell differentiation
GOBP_ESTABLISHMENT_OF_SISTER_CHROMATID_COHESION	GO:0034085	unmapped
GOBP_ESTABLISHMENT_OF_SKIN_BARRIER	GO:0061436	anatomical structure development
GOBP_ESTABLISHMENT_OF_SPINDLE_ORIENTATION	GO:0051294	cytoskeleton organization
GOBP_ESTABLISHMENT_OF_TISSUE_POLARITY	GO:0007164	anatomical structure development
GOBP_ESTABLISHMENT_OR_MAINTENANCE_OF_BIPOLAR_CELL_POLARITY	GO:0061245	establishment or maintenance of cell polarity
GOBP_ESTABLISHMENT_OR_MAINTENANCE_OF_CELL_POLARITY	GO:0007163	establishment or maintenance of cell polarity
GOBP_ESTABLISHMENT_OR_MAINTENANCE_OF_CELL_POLARITY_REGULATING_CELL_SHAPE	GO:0071963	establishment or maintenance of cell polarity
GOBP_ESTABLISHMENT_OR_MAINTENANCE_OF_CYTOSKELETON_POLARITY	GO:0030952	cytoskeleton organization
GOBP_ESTABLISHMENT_OR_MAINTENANCE_OF_MONOPOLAR_CELL_POLARITY	GO:0061339	establishment or maintenance of cell polarity
GOBP_ESTABLISHMENT_OR_MAINTENANCE_OF_TRANSMEMBRANE_ELECTROCHEMICAL_GRADIENT	GO:0010248	transmembrane transport
GOBP_ESTROGEN_BIOSYNTHETIC_PROCESS	GO:0006703	lipid metabolic process
GOBP_ESTROGEN_METABOLIC_PROCESS	GO:0008210	lipid metabolic process
GOBP_ESTROGEN_RECEPTOR_SIGNALING_PATHWAY	GO:0030520	signaling
GOBP_ESTROUS_CYCLE	GO:0044849	reproductive process
GOBP_ETHANOLAMINE_CONTAINING_COMPOUND_METABOLIC_PROCESS		unmapped
GOBP_ETHANOL_METABOLIC_PROCESS	GO:0006067	unmapped
GOBP_ETHER_BIOSYNTHETIC_PROCESS	GO:1901503	unmapped
GOBP_ETHER_METABOLIC_PROCESS		unmapped
GOBP_EXCITATORY_CHEMICAL_SYNAPTIC_TRANSMISSION	GO:0098976	signaling
GOBP_EXCITATORY_SYNAPSE_ASSEMBLY	GO:1904861	cell junction organization
GOBP_EXCRETION	GO:0007588	unmapped
GOBP_EXECUTION_PHASE_OF_APOPTOSIS	GO:0097194	programmed cell death
GOBP_EXIT_FROM_MITOSIS	GO:0010458	mitotic nuclear division
GOBP_EXOCRINE_PANCREAS_DEVELOPMENT	GO:0031017	anatomical structure development
GOBP_EXOCRINE_SYSTEM_DEVELOPMENT	GO:0035272	anatomical structure development
GOBP_EXOCYST_LOCALIZATION	GO:0051601	unmapped
GOBP_EXOCYTIC_PROCESS	GO:0140029	vesicle-mediated transport
GOBP_EXOCYTOSIS	GO:0006887	vesicle-mediated transport
GOBP_EXONUCLEOLYTIC_TRIMMING_TO_GENERATE_MATURE_3_END_OF_5_8S_RRNA_FROM_TRICISTRONIC_RRNA_TRANSCRIPT_SSU_RRNA_5_8S_RRNA_LSU_RRNA	GO:0000467	ribosome biogenesis
GOBP_EXPLORATION_BEHAVIOR	GO:0035640	unmapped
GOBP_EXPORT_ACROSS_PLASMA_MEMBRANE	GO:0140115	transmembrane transport
GOBP_EXPORT_FROM_CELL	GO:0140352	unmapped
GOBP_EXTERNAL_ENCAPSULATING_STRUCTURE_ORGANIZATION	GO:0045229	unmapped
GOBP_EXTRACELLULAR_EXOSOME_ASSEMBLY	GO:0071971	unmapped
GOBP_EXTRACELLULAR_MATRIX_ASSEMBLY	GO:0085029	extracellular matrix organization
GOBP_EXTRACELLULAR_MATRIX_CELL_SIGNALING	GO:0035426	signaling
GOBP_EXTRACELLULAR_MATRIX_CONSTITUENT_SECRETION	GO:0070278	extracellular matrix organization
GOBP_EXTRACELLULAR_MATRIX_DISASSEMBLY	GO:0022617	extracellular matrix organization
GOBP_EXTRACELLULAR_REGULATION_OF_SIGNAL_TRANSDUCTION	GO:1900115	signaling
GOBP_EXTRACELLULAR_TRANSPORT	GO:0006858	unmapped
GOBP_EXTRACELLULAR_VESICLE_BIOGENESIS	GO:0140112	unmapped
GOBP_EXTRAEMBRYONIC_MEMBRANE_DEVELOPMENT	GO:1903867	anatomical structure development
GOBP_EXTRAOCULAR_SKELETAL_MUSCLE_DEVELOPMENT	GO:0002074	anatomical structure development
GOBP_EXTRINSIC_APOPTOTIC_SIGNALING_PATHWAY	GO:0097191	programmed cell death
GOBP_EXTRINSIC_APOPTOTIC_SIGNALING_PATHWAY_VIA_DEATH_DOMAIN_RECEPTORS	GO:0008625	programmed cell death
GOBP_EYELID_DEVELOPMENT_IN_CAMERA_TYPE_EYE	GO:0061029	anatomical structure development
GOBP_EYE_MORPHOGENESIS	GO:0048592	anatomical structure development
GOBP_EYE_PHOTORECEPTOR_CELL_DEVELOPMENT	GO:0042462	cell differentiation
GOBP_EYE_PHOTORECEPTOR_CELL_DIFFERENTIATION	GO:0001754	cell differentiation
GOBP_EYE_PIGMENTATION	GO:0048069	unmapped
GOBP_FACE_DEVELOPMENT	GO:0060324	anatomical structure development
GOBP_FACE_MORPHOGENESIS	GO:0060325	anatomical structure development
GOBP_FACIAL_NERVE_MORPHOGENESIS	GO:0021610	anatomical structure development
GOBP_FACIAL_NERVE_STRUCTURAL_ORGANIZATION	GO:0021612	anatomical structure development
GOBP_FACULTATIVE_HETEROCHROMATIN_FORMATION	GO:0140718	chromatin organization
GOBP_FARNESYL_DIPHOSPHATE_METABOLIC_PROCESS	GO:0045338	lipid metabolic process
GOBP_FAS_SIGNALING_PATHWAY	GO:0036337	signaling
GOBP_FATTY_ACID_ALPHA_OXIDATION	GO:0001561	lipid metabolic process
GOBP_FATTY_ACID_BETA_OXIDATION	GO:0006635	lipid metabolic process
GOBP_FATTY_ACID_BETA_OXIDATION_USING_ACYL_COA_DEHYDROGENASE	GO:0033539	lipid metabolic process
GOBP_FATTY_ACID_BETA_OXIDATION_USING_ACYL_COA_OXIDASE	GO:0033540	lipid metabolic process
GOBP_FATTY_ACID_BIOSYNTHETIC_PROCESS	GO:0006633	lipid metabolic process
GOBP_FATTY_ACID_CATABOLIC_PROCESS	GO:0009062	lipid metabolic process
GOBP_FATTY_ACID_DERIVATIVE_BIOSYNTHETIC_PROCESS	GO:1901570	lipid metabolic process
GOBP_FATTY_ACID_DERIVATIVE_CATABOLIC_PROCESS	GO:1901569	lipid metabolic process
GOBP_FATTY_ACID_DERIVATIVE_METABOLIC_PROCESS	GO:1901568	lipid metabolic process
GOBP_FATTY_ACID_ELONGATION	GO:0030497	lipid metabolic process
GOBP_FATTY_ACID_ELONGATION_SATURATED_FATTY_ACID	GO:0019367	lipid metabolic process
GOBP_FATTY_ACID_HOMEOSTASIS	GO:0055089	unmapped
GOBP_FATTY_ACID_METABOLIC_PROCESS	GO:0006631	lipid metabolic process
GOBP_FATTY_ACID_OMEGA_OXIDATION	GO:0010430	lipid metabolic process
GOBP_FATTY_ACID_TRANSMEMBRANE_TRANSPORT	GO:1902001	transmembrane transport
GOBP_FATTY_ACID_TRANSPORT	GO:0015908	unmapped
GOBP_FATTY_ACYL_COA_BIOSYNTHETIC_PROCESS	GO:0046949	nucleobase-containing small molecule metabolic process
GOBP_FATTY_ACYL_COA_CATABOLIC_PROCESS	GO:0036115	nucleobase-containing small molecule metabolic process
GOBP_FATTY_ACYL_COA_METABOLIC_PROCESS	GO:0035337	nucleobase-containing small molecule metabolic process
GOBP_FAT_CELL_DIFFERENTIATION	GO:0045444	cell differentiation
GOBP_FAT_CELL_PROLIFERATION	GO:0070341	unmapped
GOBP_FAT_PAD_DEVELOPMENT	GO:0060613	anatomical structure development
GOBP_FAT_SOLUBLE_VITAMIN_BIOSYNTHETIC_PROCESS	GO:0042362	vitamin metabolic process
GOBP_FAT_SOLUBLE_VITAMIN_CATABOLIC_PROCESS	GO:0042363	vitamin metabolic process
GOBP_FAT_SOLUBLE_VITAMIN_METABOLIC_PROCESS		unmapped
GOBP_FC_EPSILON_RECEPTOR_SIGNALING_PATHWAY	GO:0038095	signaling
GOBP_FC_GAMMA_RECEPTOR_SIGNALING_PATHWAY	GO:0038094	signaling
GOBP_FC_RECEPTOR_MEDIATED_INHIBITORY_SIGNALING_PATHWAY	GO:0002774	signaling
GOBP_FC_RECEPTOR_MEDIATED_STIMULATORY_SIGNALING_PATHWAY	GO:0002431	signaling
GOBP_FC_RECEPTOR_SIGNALING_PATHWAY	GO:0038093	signaling
GOBP_FEAR_RESPONSE	GO:0042596	unmapped
GOBP_FEEDING_BEHAVIOR	GO:0007631	unmapped
GOBP_FEMALE_GAMETE_GENERATION	GO:0007292	reproductive process
GOBP_FEMALE_GENITALIA_DEVELOPMENT	GO:0030540	anatomical structure development
GOBP_FEMALE_MATING_BEHAVIOR	GO:0060180	reproductive process
GOBP_FEMALE_MEIOSIS_CHROMOSOME_SEGREGATION	GO:0016321	meiotic nuclear division
GOBP_FEMALE_MEIOSIS_I	GO:0007144	meiotic nuclear division
GOBP_FEMALE_MEIOTIC_NUCLEAR_DIVISION	GO:0007143	meiotic nuclear division
GOBP_FEMALE_SEX_DIFFERENTIATION	GO:0046660	anatomical structure development
GOBP_FERMENTATION	GO:0006113	generation of precursor metabolites and energy
GOBP_FERROPTOSIS	GO:0097707	programmed cell death
GOBP_FERTILIZATION	GO:0009566	reproductive process
GOBP_FEVER_GENERATION	GO:0001660	inflammatory response
GOBP_FIBRINOLYSIS	GO:0042730	wound healing
GOBP_FIBROBLAST_ACTIVATION	GO:0072537	unmapped
GOBP_FIBROBLAST_APOPTOTIC_PROCESS	GO:0044346	programmed cell death
GOBP_FIBROBLAST_GROWTH_FACTOR_PRODUCTION	GO:0090269	unmapped
GOBP_FIBROBLAST_GROWTH_FACTOR_RECEPTOR_SIGNALING_PATHWAY	GO:0008543	signaling
GOBP_FIBROBLAST_MIGRATION	GO:0010761	cell motility
GOBP_FIBROBLAST_PROLIFERATION	GO:0048144	unmapped
GOBP_FILOPODIUM_ASSEMBLY	GO:0046847	unmapped
GOBP_FLAVIN_CONTAINING_COMPOUND_METABOLIC_PROCESS	GO:0042726	unmapped
GOBP_FLAVONE_METABOLIC_PROCESS	GO:0051552	unmapped
GOBP_FLAVONOID_METABOLIC_PROCESS	GO:0009812	unmapped
GOBP_FLOOR_PLATE_DEVELOPMENT	GO:0033504	anatomical structure development
GOBP_FLUID_TRANSPORT	GO:0042044	unmapped
GOBP_FOAM_CELL_DIFFERENTIATION	GO:0090077	cell differentiation
GOBP_FOCAL_ADHESION_ASSEMBLY	GO:0048041	cell junction organization
GOBP_FOLIC_ACID_CONTAINING_COMPOUND_BIOSYNTHETIC_PROCESS	GO:0009396	modified amino acid metabolic process
GOBP_FOLIC_ACID_CONTAINING_COMPOUND_METABOLIC_PROCESS	GO:0006760	modified amino acid metabolic process
GOBP_FOLIC_ACID_METABOLIC_PROCESS	GO:0046655	modified amino acid metabolic process
GOBP_FOLIC_ACID_TRANSPORT	GO:0015884	unmapped
GOBP_FOLLICLE_STIMULATING_HORMONE_SECRETION	GO:0046884	signaling
GOBP_FOREBRAIN_CELL_MIGRATION	GO:0021885	anatomical structure development
GOBP_FOREBRAIN_DEVELOPMENT	GO:0030900	anatomical structure development
GOBP_FOREBRAIN_DORSAL_VENTRAL_PATTERN_FORMATION	GO:0021798	anatomical structure development
GOBP_FOREBRAIN_GENERATION_OF_NEURONS	GO:0021872	cell differentiation
GOBP_FOREBRAIN_MORPHOGENESIS	GO:0048853	anatomical structure development
GOBP_FOREBRAIN_NEUROBLAST_DIVISION	GO:0021873	cell differentiation
GOBP_FOREBRAIN_NEURON_DEVELOPMENT	GO:0021884	cell differentiation
GOBP_FOREBRAIN_NEURON_FATE_COMMITMENT	GO:0021877	cell differentiation
GOBP_FOREBRAIN_RADIAL_GLIAL_CELL_DIFFERENTIATION	GO:0021861	cell differentiation
GOBP_FOREBRAIN_REGIONALIZATION	GO:0021871	anatomical structure development
GOBP_FOREBRAIN_VENTRICULAR_ZONE_PROGENITOR_CELL_DIVISION	GO:0021869	anatomical structure development
GOBP_FOREGUT_MORPHOGENESIS	GO:0007440	anatomical structure development
GOBP_FORELIMB_MORPHOGENESIS	GO:0035136	anatomical structure development
GOBP_FORMATE_METABOLIC_PROCESS	GO:0015942	unmapped
GOBP_FORMATION_OF_ANATOMICAL_BOUNDARY	GO:0048859	anatomical structure development
GOBP_FORMATION_OF_CYTOPLASMIC_TRANSLATION_INITIATION_COMPLEX	GO:0001732	cytoplasmic translation
GOBP_FORMATION_OF_EXTRACHROMOSOMAL_CIRCULAR_DNA	GO:0001325	unmapped
GOBP_FORMATION_OF_PRIMARY_GERM_LAYER	GO:0001704	anatomical structure development
GOBP_FORMATION_OF_QUADRUPLE_SL_U4_U5_U6_SNRNP	GO:0000353	mRNA metabolic process
GOBP_FORMATION_OF_TRANSLATION_PREINITIATION_COMPLEX	GO:0001731	cytoplasmic translation
GOBP_FREE_UBIQUITIN_CHAIN_POLYMERIZATION	GO:0010994	protein-containing complex assembly
GOBP_FRUCTOSE_1_6_BISPHOSPHATE_METABOLIC_PROCESS	GO:0030388	carbohydrate derivative metabolic process
GOBP_FRUCTOSE_2_6_BISPHOSPHATE_METABOLIC_PROCESS	GO:0006003	carbohydrate derivative metabolic process
GOBP_FRUCTOSE_6_PHOSPHATE_METABOLIC_PROCESS	GO:0006002	carbohydrate derivative metabolic process
GOBP_FRUCTOSE_METABOLIC_PROCESS	GO:0006000	carbohydrate metabolic process
GOBP_FRUCTOSE_TRANSMEMBRANE_TRANSPORT	GO:0015755	transmembrane transport
GOBP_FUCOSE_CATABOLIC_PROCESS		unmapped
GOBP_FUCOSE_METABOLIC_PROCESS	GO:0006004	carbohydrate metabolic process
GOBP_FUCOSYLATION		unmapped
GOBP_FUNGIFORM_PAPILLA_DEVELOPMENT	GO:0061196	anatomical structure development
GOBP_FUNGIFORM_PAPILLA_MORPHOGENESIS	GO:0061197	anatomical structure development
GOBP_FUSED_ANTRUM_STAGE	GO:0048165	cell differentiation
GOBP_G0_TO_G1_TRANSITION	GO:0045023	unmapped
GOBP_G1_TO_G0_TRANSITION	GO:0070314	unmapped
GOBP_G1_TO_G0_TRANSITION_INVOLVED_IN_CELL_DIFFERENTIATION	GO:0070315	cell differentiation
GOBP_G2_MI_TRANSITION_OF_MEIOTIC_CELL_CYCLE	GO:0008315	reproductive process
GOBP_GABAERGIC_NEURON_DIFFERENTIATION	GO:0097154	cell differentiation
GOBP_GALACTOLIPID_BIOSYNTHETIC_PROCESS	GO:0019375	lipid metabolic process
GOBP_GALACTOLIPID_METABOLIC_PROCESS	GO:0019374	lipid metabolic process
GOBP_GALACTOSE_CATABOLIC_PROCESS	GO:0019388	carbohydrate metabolic process
GOBP_GALACTOSE_CATABOLIC_PROCESS_VIA_UDP_GALACTOSE_LELOIR_PATHWAY		unmapped
GOBP_GALACTOSE_METABOLIC_PROCESS	GO:0006012	carbohydrate metabolic process
GOBP_GALACTOSE_TRANSMEMBRANE_TRANSPORT	GO:0015757	transmembrane transport
GOBP_GAMETE_GENERATION	GO:0007276	reproductive process
GOBP_GAMMA_AMINOBUTYRIC_ACID_BIOSYNTHETIC_PROCESS		unmapped
GOBP_GAMMA_AMINOBUTYRIC_ACID_IMPORT	GO:0051939	unmapped
GOBP_GAMMA_AMINOBUTYRIC_ACID_METABOLIC_PROCESS		unmapped
GOBP_GAMMA_AMINOBUTYRIC_ACID_RECEPTOR_CLUSTERING	GO:0097112	cell junction organization
GOBP_GAMMA_AMINOBUTYRIC_ACID_SECRETION	GO:0014051	unmapped
GOBP_GAMMA_AMINOBUTYRIC_ACID_SIGNALING_PATHWAY	GO:0007214	signaling
GOBP_GAMMA_AMINOBUTYRIC_ACID_TRANSPORT	GO:0015812	unmapped
GOBP_GAMMA_DELTA_T_CELL_ACTIVATION	GO:0046629	immune system process
GOBP_GAMMA_DELTA_T_CELL_DIFFERENTIATION	GO:0042492	cell differentiation
GOBP_GANGLION_DEVELOPMENT	GO:0061548	anatomical structure development
GOBP_GANGLIOSIDE_BIOSYNTHETIC_PROCESS	GO:0001574	lipid metabolic process
GOBP_GANGLIOSIDE_BIOSYNTHETIC_PROCESS_VIA_LACTOSYLCERAMIDE		unmapped
GOBP_GANGLIOSIDE_CATABOLIC_PROCESS	GO:0006689	lipid metabolic process
GOBP_GANGLIOSIDE_METABOLIC_PROCESS	GO:0001573	lipid metabolic process
GOBP_GAP_JUNCTION_ASSEMBLY	GO:0016264	cell junction organization
GOBP_GAP_JUNCTION_MEDIATED_INTERCELLULAR_TRANSPORT	GO:1990349	unmapped
GOBP_GASTRIC_ACID_SECRETION	GO:0001696	digestive system process
GOBP_GASTRIC_MOTILITY	GO:0035482	digestive system process
GOBP_GASTRO_INTESTINAL_SYSTEM_SMOOTH_MUSCLE_CONTRACTION	GO:0014831	muscle system process
GOBP_GASTRULATION	GO:0007369	anatomical structure development
GOBP_GASTRULATION_WITH_MOUTH_FORMING_SECOND	GO:0001702	anatomical structure development
GOBP_GAS_TRANSPORT	GO:0015669	unmapped
GOBP_GDP_L_FUCOSE_METABOLIC_PROCESS	GO:0046368	nucleobase-containing small molecule metabolic process
GOBP_GDP_MANNOSE_BIOSYNTHETIC_PROCESS	GO:0009298	nucleobase-containing small molecule metabolic process
GOBP_GDP_MANNOSE_METABOLIC_PROCESS	GO:0019673	nucleobase-containing small molecule metabolic process
GOBP_GDP_METABOLIC_PROCESS	GO:0046710	nucleobase-containing small molecule metabolic process
GOBP_GENERAL_ADAPTATION_SYNDROME	GO:0051866	unmapped
GOBP_GENERAL_ADAPTATION_SYNDROME_BEHAVIORAL_PROCESS	GO:0051867	unmapped
GOBP_GENERATION_OF_NEURONS	GO:0048699	cell differentiation
GOBP_GENERATION_OF_PRECURSOR_METABOLITES_AND_ENERGY	GO:0006091	generation of precursor metabolites and energy
GOBP_GENITALIA_DEVELOPMENT	GO:0048806	anatomical structure development
GOBP_GENITALIA_MORPHOGENESIS	GO:0035112	anatomical structure development
GOBP_GENOMIC_IMPRINTING	GO:0071514	chromatin organization
GOBP_GEPHYRIN_CLUSTERING_INVOLVED_IN_POSTSYNAPTIC_DENSITY_ASSEMBLY	GO:0097116	cell junction organization
GOBP_GERMINAL_CENTER_B_CELL_DIFFERENTIATION	GO:0002314	cell differentiation
GOBP_GERMINAL_CENTER_FORMATION	GO:0002467	anatomical structure development
GOBP_GERM_CELL_MIGRATION		unmapped
GOBP_GERM_CELL_PROLIFERATION	GO:0036093	reproductive process
GOBP_GERM_LINE_STEM_CELL_POPULATION_MAINTENANCE	GO:0030718	unmapped
GOBP_GLANDULAR_EPITHELIAL_CELL_DEVELOPMENT	GO:0002068	cell differentiation
GOBP_GLANDULAR_EPITHELIAL_CELL_DIFFERENTIATION	GO:0002067	cell differentiation
GOBP_GLANDULAR_EPITHELIAL_CELL_MATURATION	GO:0002071	cell differentiation
GOBP_GLAND_DEVELOPMENT	GO:0048732	anatomical structure development
GOBP_GLAND_MORPHOGENESIS	GO:0022612	anatomical structure development
GOBP_GLIAL_CELL_ACTIVATION	GO:0061900	inflammatory response
GOBP_GLIAL_CELL_APOPTOTIC_PROCESS	GO:0034349	programmed cell death
GOBP_GLIAL_CELL_DERIVED_NEUROTROPHIC_FACTOR_RECEPTOR_SIGNALING_PATHWAY	GO:0035860	signaling
GOBP_GLIAL_CELL_DEVELOPMENT	GO:0021782	cell differentiation
GOBP_GLIAL_CELL_DIFFERENTIATION	GO:0010001	cell differentiation
GOBP_GLIAL_CELL_FATE_COMMITMENT	GO:0021781	cell differentiation
GOBP_GLIAL_CELL_FATE_SPECIFICATION	GO:0021780	cell differentiation
GOBP_GLIAL_CELL_MIGRATION	GO:0008347	cell differentiation
GOBP_GLIAL_CELL_PROLIFERATION	GO:0014009	cell differentiation
GOBP_GLIOGENESIS	GO:0042063	cell differentiation
GOBP_GLOMERULAR_BASEMENT_MEMBRANE_DEVELOPMENT	GO:0032836	extracellular matrix organization
GOBP_GLOMERULAR_ENDOTHELIUM_DEVELOPMENT	GO:0072011	anatomical structure development
GOBP_GLOMERULAR_EPITHELIAL_CELL_DEVELOPMENT	GO:0072310	cell differentiation
GOBP_GLOMERULAR_EPITHELIUM_DEVELOPMENT	GO:0072010	anatomical structure development
GOBP_GLOMERULAR_MESANGIAL_CELL_DEVELOPMENT	GO:0072144	cell differentiation
GOBP_GLOMERULAR_MESANGIAL_CELL_PROLIFERATION	GO:0072110	anatomical structure development
GOBP_GLOMERULAR_MESANGIUM_DEVELOPMENT	GO:0072109	anatomical structure development
GOBP_GLOMERULUS_DEVELOPMENT	GO:0032835	anatomical structure development
GOBP_GLOMERULUS_MORPHOGENESIS	GO:0072102	anatomical structure development
GOBP_GLOMERULUS_VASCULATURE_MORPHOGENESIS	GO:0072103	anatomical structure development
GOBP_GLOSSOPHARYNGEAL_NERVE_DEVELOPMENT	GO:0021563	anatomical structure development
GOBP_GLUCAN_BIOSYNTHETIC_PROCESS	GO:0009250	carbohydrate metabolic process
GOBP_GLUCAN_METABOLIC_PROCESS	GO:0044042	carbohydrate metabolic process
GOBP_GLUCOCORTICOID_BIOSYNTHETIC_PROCESS	GO:0006704	lipid metabolic process
GOBP_GLUCOCORTICOID_METABOLIC_PROCESS	GO:0008211	lipid metabolic process
GOBP_GLUCOCORTICOID_SECRETION	GO:0035933	signaling
GOBP_GLUCOSAMINE_CONTAINING_COMPOUND_CATABOLIC_PROCESS	GO:1901072	carbohydrate derivative metabolic process
GOBP_GLUCOSAMINE_CONTAINING_COMPOUND_METABOLIC_PROCESS		unmapped
GOBP_GLUCOSE_6_PHOSPHATE_METABOLIC_PROCESS	GO:0051156	carbohydrate derivative metabolic process
GOBP_GLUCOSE_CATABOLIC_PROCESS	GO:0006007	carbohydrate metabolic process
GOBP_GLUCOSE_CATABOLIC_PROCESS_TO_LACTATE		unmapped
GOBP_GLUCOSE_IMPORT_IN_RESPONSE_TO_INSULIN_STIMULUS	GO:0044381	transmembrane transport
GOBP_GLUCOSE_METABOLIC_PROCESS	GO:0006006	carbohydrate metabolic process
GOBP_GLUCOSYLCERAMIDE_CATABOLIC_PROCESS	GO:0006680	lipid metabolic process
GOBP_GLUCOSYLCERAMIDE_METABOLIC_PROCESS	GO:0006678	lipid metabolic process
GOBP_GLUTAMATERGIC_NEURON_DIFFERENTIATION	GO:1905962	cell differentiation
GOBP_GLUTAMATE_BIOSYNTHETIC_PROCESS		unmapped
GOBP_GLUTAMATE_CATABOLIC_PROCESS		unmapped
GOBP_GLUTAMATE_METABOLIC_PROCESS	GO:0006536	amino acid metabolic process
GOBP_GLUTAMATE_RECEPTOR_SIGNALING_PATHWAY	GO:0007215	signaling
GOBP_GLUTAMATE_REUPTAKE	GO:0051935	transmembrane transport
GOBP_GLUTAMATE_SECRETION	GO:0014047	unmapped
GOBP_GLUTAMATE_SECRETION_NEUROTRANSMISSION	GO:0061535	signaling
GOBP_GLUTAMINE_FAMILY_AMINO_ACID_BIOSYNTHETIC_PROCESS		unmapped
GOBP_GLUTAMINE_FAMILY_AMINO_ACID_CATABOLIC_PROCESS		unmapped
GOBP_GLUTAMINE_FAMILY_AMINO_ACID_METABOLIC_PROCESS		unmapped
GOBP_GLUTAMINE_METABOLIC_PROCESS		unmapped
GOBP_GLUTAMINE_TRANSPORT		unmapped
GOBP_GLUTATHIONE_CATABOLIC_PROCESS	GO:0006751	modified amino acid metabolic process
GOBP_GLUTATHIONE_METABOLIC_PROCESS	GO:0006749	modified amino acid metabolic process
GOBP_GLUTATHIONE_TRANSMEMBRANE_TRANSPORT	GO:0034775	transmembrane transport
GOBP_GLUTATHIONE_TRANSPORT	GO:0034635	unmapped
GOBP_GLYCERALDEHYDE_3_PHOSPHATE_METABOLIC_PROCESS	GO:0019682	carbohydrate derivative metabolic process
GOBP_GLYCEROLIPID_BIOSYNTHETIC_PROCESS	GO:0045017	lipid metabolic process
GOBP_GLYCEROLIPID_CATABOLIC_PROCESS	GO:0046503	lipid metabolic process
GOBP_GLYCEROLIPID_METABOLIC_PROCESS	GO:0046486	lipid metabolic process
GOBP_GLYCEROL_3_PHOSPHATE_METABOLIC_PROCESS	GO:0006072	carbohydrate derivative metabolic process
GOBP_GLYCEROL_ETHER_METABOLIC_PROCESS		unmapped
GOBP_GLYCEROL_TRANSMEMBRANE_TRANSPORT	GO:0015793	transmembrane transport
GOBP_GLYCEROPHOSPHOLIPID_BIOSYNTHETIC_PROCESS	GO:0046474	lipid metabolic process
GOBP_GLYCEROPHOSPHOLIPID_CATABOLIC_PROCESS	GO:0046475	lipid metabolic process
GOBP_GLYCEROPHOSPHOLIPID_METABOLIC_PROCESS	GO:0006650	lipid metabolic process
GOBP_GLYCINE_BIOSYNTHETIC_PROCESS	GO:0006545	amino acid metabolic process
GOBP_GLYCINE_IMPORT_ACROSS_PLASMA_MEMBRANE	GO:1903804	transmembrane transport
GOBP_GLYCINE_METABOLIC_PROCESS	GO:0006544	amino acid metabolic process
GOBP_GLYCINE_TRANSPORT	GO:0015816	unmapped
GOBP_GLYCOLIPID_BIOSYNTHETIC_PROCESS	GO:0009247	lipid metabolic process
GOBP_GLYCOLIPID_CATABOLIC_PROCESS	GO:0019377	lipid metabolic process
GOBP_GLYCOLIPID_TRANSPORT	GO:0046836	unmapped
GOBP_GLYCOLYTIC_PROCESS_THROUGH_FRUCTOSE_6_PHOSPHATE	GO:0061615	nucleobase-containing small molecule metabolic process
GOBP_GLYCOLYTIC_PROCESS_THROUGH_GLUCOSE_6_PHOSPHATE	GO:0061620	nucleobase-containing small molecule metabolic process
GOBP_GLYCOPHAGY	GO:0061723	carbohydrate metabolic process
GOBP_GLYCOPROTEIN_BIOSYNTHETIC_PROCESS	GO:0009101	glycoprotein biosynthetic process
GOBP_GLYCOPROTEIN_CATABOLIC_PROCESS	GO:0006516	protein catabolic process
GOBP_GLYCOPROTEIN_METABOLIC_PROCESS	GO:0009100	carbohydrate derivative metabolic process
GOBP_GLYCOSAMINOGLYCAN_BIOSYNTHETIC_PROCESS	GO:0006024	carbohydrate derivative metabolic process
GOBP_GLYCOSAMINOGLYCAN_CATABOLIC_PROCESS	GO:0006027	carbohydrate derivative metabolic process
GOBP_GLYCOSAMINOGLYCAN_METABOLIC_PROCESS	GO:0030203	carbohydrate derivative metabolic process
GOBP_GLYCOSIDE_CATABOLIC_PROCESS	GO:0016139	carbohydrate derivative metabolic process
GOBP_GLYCOSIDE_METABOLIC_PROCESS	GO:0016137	carbohydrate derivative metabolic process
GOBP_GLYCOSIDE_TRANSPORT	GO:1901656	unmapped
GOBP_GLYCOSPHINGOLIPID_BIOSYNTHETIC_PROCESS	GO:0006688	lipid metabolic process
GOBP_GLYCOSPHINGOLIPID_METABOLIC_PROCESS	GO:0006687	lipid metabolic process
GOBP_GLYCOSYLATION		unmapped
GOBP_GLYCOSYLCERAMIDE_BIOSYNTHETIC_PROCESS		unmapped
GOBP_GLYCOSYLCERAMIDE_CATABOLIC_PROCESS	GO:0046477	lipid metabolic process
GOBP_GLYCOSYLCERAMIDE_METABOLIC_PROCESS	GO:0006677	lipid metabolic process
GOBP_GLYCOSYL_COMPOUND_BIOSYNTHETIC_PROCESS	GO:1901659	carbohydrate derivative metabolic process
GOBP_GLYCOSYL_COMPOUND_CATABOLIC_PROCESS	GO:1901658	carbohydrate derivative metabolic process
GOBP_GLYCOSYL_COMPOUND_METABOLIC_PROCESS		unmapped
GOBP_GLYOXYLATE_METABOLIC_PROCESS	GO:0046487	unmapped
GOBP_GMP_BIOSYNTHETIC_PROCESS	GO:0006177	nucleobase-containing small molecule metabolic process
GOBP_GMP_CATABOLIC_PROCESS	GO:0046038	nucleobase-containing small molecule metabolic process
GOBP_GMP_METABOLIC_PROCESS	GO:0046037	nucleobase-containing small molecule metabolic process
GOBP_GMP_SALVAGE	GO:0032263	nucleobase-containing small molecule metabolic process
GOBP_GOLGI_DISASSEMBLY	GO:0090166	unmapped
GOBP_GOLGI_LOCALIZATION	GO:0051645	unmapped
GOBP_GOLGI_LUMEN_ACIDIFICATION	GO:0061795	unmapped
GOBP_GOLGI_ORGANIZATION	GO:0007030	unmapped
GOBP_GOLGI_REASSEMBLY	GO:0090168	unmapped
GOBP_GOLGI_RIBBON_FORMATION	GO:0090161	unmapped
GOBP_GOLGI_TO_ENDOSOME_TRANSPORT	GO:0006895	vesicle-mediated transport
GOBP_GOLGI_TO_LYSOSOME_TRANSPORT	GO:0090160	vesicle-mediated transport
GOBP_GOLGI_TO_PLASMA_MEMBRANE_PROTEIN_TRANSPORT	GO:0043001	protein localization to plasma membrane
GOBP_GOLGI_TO_PLASMA_MEMBRANE_TRANSPORT	GO:0006893	vesicle-mediated transport
GOBP_GOLGI_TO_VACUOLE_TRANSPORT	GO:0006896	vesicle-mediated transport
GOBP_GOLGI_VESICLE_BUDDING	GO:0048194	vesicle-mediated transport
GOBP_GOLGI_VESICLE_TRANSPORT	GO:0048193	vesicle-mediated transport
GOBP_GONADAL_MESODERM_DEVELOPMENT	GO:0007506	anatomical structure development
GOBP_GONADOTROPHIN_RELEASING_HORMONE_NEURONAL_MIGRATION_TO_THE_HYPOTHALAMUS	GO:0021828	cell differentiation
GOBP_GONADOTROPIN_SECRETION	GO:0032274	signaling
GOBP_GPI_ANCHOR_METABOLIC_PROCESS	GO:0006505	lipid metabolic process
GOBP_GRANULOCYTE_ACTIVATION	GO:0036230	immune system process
GOBP_GRANULOCYTE_CHEMOTAXIS	GO:0071621	cell motility
GOBP_GRANULOCYTE_COLONY_STIMULATING_FACTOR_PRODUCTION	GO:0071611	unmapped
GOBP_GRANULOCYTE_COLONY_STIMULATING_FACTOR_SIGNALING_PATHWAY	GO:0038158	signaling
GOBP_GRANULOCYTE_DIFFERENTIATION	GO:0030851	cell differentiation
GOBP_GRANULOCYTE_MACROPHAGE_COLONY_STIMULATING_FACTOR_PRODUCTION	GO:0032604	unmapped
GOBP_GRANULOCYTE_MIGRATION	GO:0097530	cell motility
GOBP_GRANZYME_MEDIATED_PROGRAMMED_CELL_DEATH_SIGNALING_PATHWAY	GO:0140507	programmed cell death
GOBP_GROOMING_BEHAVIOR	GO:0007625	unmapped
GOBP_GROWTH	GO:0040007	unmapped
GOBP_GROWTH_HORMONE_RECEPTOR_SIGNALING_PATHWAY_VIA_JAK_STAT	GO:0060397	signaling
GOBP_GROWTH_HORMONE_SECRETION	GO:0030252	signaling
GOBP_GROWTH_INVOLVED_IN_HEART_MORPHOGENESIS	GO:0003241	anatomical structure development
GOBP_GROWTH_PLATE_CARTILAGE_CHONDROCYTE_DEVELOPMENT	GO:0003431	cell differentiation
GOBP_GROWTH_PLATE_CARTILAGE_CHONDROCYTE_DIFFERENTIATION	GO:0003418	cell differentiation
GOBP_GROWTH_PLATE_CARTILAGE_DEVELOPMENT	GO:0003417	anatomical structure development
GOBP_GTP_BIOSYNTHETIC_PROCESS	GO:0006183	nucleobase-containing small molecule metabolic process
GOBP_GTP_METABOLIC_PROCESS	GO:0046039	nucleobase-containing small molecule metabolic process
GOBP_GUANINE_METABOLIC_PROCESS	GO:0046098	nucleobase-containing small molecule metabolic process
GOBP_GUANINE_NUCLEOTIDE_TRANSPORT	GO:0001408	unmapped
GOBP_G_PROTEIN_COUPLED_ACETYLCHOLINE_RECEPTOR_SIGNALING_PATHWAY	GO:0007213	signaling
GOBP_G_PROTEIN_COUPLED_DOPAMINE_RECEPTOR_SIGNALING_PATHWAY	GO:0007212	signaling
GOBP_G_PROTEIN_COUPLED_GLUTAMATE_RECEPTOR_SIGNALING_PATHWAY	GO:0007216	signaling
GOBP_G_PROTEIN_COUPLED_OPIOID_RECEPTOR_SIGNALING_PATHWAY	GO:0038003	signaling
GOBP_G_PROTEIN_COUPLED_OPSIN_SIGNALING_PATHWAY	GO:0016056	signaling
GOBP_G_PROTEIN_COUPLED_PURINERGIC_NUCLEOTIDE_RECEPTOR_SIGNALING_PATHWAY	GO:0035589	signaling
GOBP_G_PROTEIN_COUPLED_PURINERGIC_RECEPTOR_SIGNALING_PATHWAY	GO:0035588	signaling
GOBP_G_PROTEIN_COUPLED_RECEPTOR_INTERNALIZATION	GO:0002031	vesicle-mediated transport
GOBP_G_PROTEIN_COUPLED_RECEPTOR_SIGNALING_PATHWAY	GO:0007186	signaling
GOBP_G_PROTEIN_COUPLED_RECEPTOR_SIGNALING_PATHWAY_COUPLED_TO_CYCLIC_NUCLEOTIDE_SECOND_MESSENGER	GO:0007187	signaling
GOBP_G_PROTEIN_COUPLED_RECEPTOR_SIGNALING_PATHWAY_INVOLVED_IN_HEART_PROCESS	GO:0086103	circulatory system process
GOBP_G_PROTEIN_COUPLED_SEROTONIN_RECEPTOR_SIGNALING_PATHWAY	GO:0098664	signaling
GOBP_HAIR_CELL_DIFFERENTIATION	GO:0035315	cell differentiation
GOBP_HAIR_FOLLICLE_MATURATION	GO:0048820	anatomical structure development
GOBP_HAIR_FOLLICLE_PLACODE_FORMATION	GO:0060789	anatomical structure development
GOBP_HARD_PALATE_DEVELOPMENT	GO:0060022	anatomical structure development
GOBP_HEAD_DEVELOPMENT	GO:0060322	anatomical structure development
GOBP_HEAD_MORPHOGENESIS	GO:0060323	anatomical structure development
GOBP_HEART_DEVELOPMENT	GO:0007507	anatomical structure development
GOBP_HEART_FIELD_SPECIFICATION	GO:0003128	anatomical structure development
GOBP_HEART_FORMATION	GO:0060914	anatomical structure development
GOBP_HEART_GROWTH	GO:0060419	anatomical structure development
GOBP_HEART_MORPHOGENESIS	GO:0003007	anatomical structure development
GOBP_HEART_PROCESS	GO:0003015	circulatory system process
GOBP_HEART_TRABECULA_FORMATION	GO:0060347	anatomical structure development
GOBP_HEART_TRABECULA_MORPHOGENESIS	GO:0061384	anatomical structure development
GOBP_HEART_VALVE_DEVELOPMENT	GO:0003170	anatomical structure development
GOBP_HEART_VALVE_FORMATION	GO:0003188	anatomical structure development
GOBP_HEART_VALVE_MORPHOGENESIS	GO:0003179	anatomical structure development
GOBP_HEAT_ACCLIMATION	GO:0010286	unmapped
GOBP_HEAT_GENERATION	GO:0031649	unmapped
GOBP_HEMATOPOIETIC_OR_LYMPHOID_ORGAN_DEVELOPMENT	GO:0048534	anatomical structure development
GOBP_HEMATOPOIETIC_PROGENITOR_CELL_DIFFERENTIATION	GO:0002244	cell differentiation
GOBP_HEMATOPOIETIC_STEM_CELL_DIFFERENTIATION	GO:0060218	cell differentiation
GOBP_HEMATOPOIETIC_STEM_CELL_HOMEOSTASIS	GO:0061484	unmapped
GOBP_HEMATOPOIETIC_STEM_CELL_MIGRATION	GO:0035701	cell motility
GOBP_HEMATOPOIETIC_STEM_CELL_MIGRATION_TO_BONE_MARROW	GO:0097241	cell motility
GOBP_HEMATOPOIETIC_STEM_CELL_PROLIFERATION	GO:0071425	cell differentiation
GOBP_HEME_A_METABOLIC_PROCESS		unmapped
GOBP_HEME_B_METABOLIC_PROCESS		unmapped
GOBP_HEME_TRANSPORT	GO:0015886	unmapped
GOBP_HEMIDESMOSOME_ASSEMBLY	GO:0031581	cell junction organization
GOBP_HEMOGLOBIN_BIOSYNTHETIC_PROCESS	GO:0042541	unmapped
GOBP_HEMOGLOBIN_METABOLIC_PROCESS	GO:0020027	unmapped
GOBP_HEMOPOIESIS	GO:0030097	cell differentiation
GOBP_HEMOSTASIS	GO:0007599	unmapped
GOBP_HEPARAN_SULFATE_PROTEOGLYCAN_BIOSYNTHETIC_PROCESS	GO:0015012	glycoprotein biosynthetic process
GOBP_HEPARAN_SULFATE_PROTEOGLYCAN_CATABOLIC_PROCESS	GO:0030200	protein catabolic process
GOBP_HEPARAN_SULFATE_PROTEOGLYCAN_METABOLIC_PROCESS	GO:0030201	carbohydrate derivative metabolic process
GOBP_HEPARIN_PROTEOGLYCAN_BIOSYNTHETIC_PROCESS	GO:0030210	glycoprotein biosynthetic process
GOBP_HEPARIN_PROTEOGLYCAN_METABOLIC_PROCESS	GO:0030202	carbohydrate derivative metabolic process
GOBP_HEPATICOBILIARY_SYSTEM_DEVELOPMENT	GO:0061008	anatomical structure development
GOBP_HEPATIC_STELLATE_CELL_ACTIVATION	GO:0035733	unmapped
GOBP_HEPATOCYTE_APOPTOTIC_PROCESS	GO:0097284	programmed cell death
GOBP_HEPATOCYTE_DIFFERENTIATION	GO:0070365	cell differentiation
GOBP_HEPATOCYTE_GROWTH_FACTOR_RECEPTOR_SIGNALING_PATHWAY	GO:0048012	signaling
GOBP_HEPOXILIN_METABOLIC_PROCESS		unmapped
GOBP_HETEROCHROMATIN_FORMATION	GO:0031507	chromatin organization
GOBP_HETEROCHROMATIN_ORGANIZATION	GO:0070828	chromatin organization
GOBP_HETEROPHILIC_CELL_CELL_ADHESION_VIA_PLASMA_MEMBRANE_CELL_ADHESION_MOLECULES		unmapped
GOBP_HETEROTYPIC_CELL_CELL_ADHESION	GO:0034113	cell adhesion
GOBP_HEXOSE_PHOSPHATE_TRANSPORT	GO:0015712	unmapped
GOBP_HIGH_DENSITY_LIPOPROTEIN_PARTICLE_ASSEMBLY	GO:0034380	protein-containing complex assembly
GOBP_HIGH_DENSITY_LIPOPROTEIN_PARTICLE_CLEARANCE	GO:0034384	unmapped
GOBP_HIGH_DENSITY_LIPOPROTEIN_PARTICLE_REMODELING	GO:0034375	unmapped
GOBP_HINDBRAIN_DEVELOPMENT	GO:0030902	anatomical structure development
GOBP_HINDBRAIN_MATURATION	GO:0021578	anatomical structure development
GOBP_HINDBRAIN_MORPHOGENESIS	GO:0021575	anatomical structure development
GOBP_HINDBRAIN_RADIAL_GLIA_GUIDED_CELL_MIGRATION	GO:0021932	anatomical structure development
GOBP_HINDBRAIN_TANGENTIAL_CELL_MIGRATION	GO:0021934	anatomical structure development
GOBP_HINDGUT_DEVELOPMENT	GO:0061525	anatomical structure development
GOBP_HINDLIMB_MORPHOGENESIS	GO:0035137	anatomical structure development
GOBP_HIPPOCAMPAL_NEURON_APOPTOTIC_PROCESS	GO:0110088	programmed cell death
GOBP_HIPPOCAMPUS_DEVELOPMENT	GO:0021766	anatomical structure development
GOBP_HIPPO_SIGNALING	GO:0035329	signaling
GOBP_HISTAMINE_METABOLIC_PROCESS	GO:0001692	unmapped
GOBP_HISTAMINE_SECRETION	GO:0001821	unmapped
GOBP_HISTAMINE_TRANSPORT	GO:0051608	unmapped
GOBP_HISTONE_MRNA_CATABOLIC_PROCESS	GO:0071044	mRNA metabolic process
GOBP_HISTONE_MRNA_METABOLIC_PROCESS	GO:0008334	mRNA metabolic process
GOBP_HIS_PURKINJE_SYSTEM_DEVELOPMENT	GO:0003164	anatomical structure development
GOBP_HOMEOSTASIS_OF_NUMBER_OF_CELLS	GO:0048872	unmapped
GOBP_HOMEOSTASIS_OF_NUMBER_OF_CELLS_WITHIN_A_TISSUE	GO:0048873	unmapped
GOBP_HOMEOSTATIC_PROCESS	GO:0042592	unmapped
GOBP_HOMOCYSTEINE_METABOLIC_PROCESS	GO:0050667	amino acid metabolic process
GOBP_HOMOLOGOUS_CHROMOSOME_PAIRING_AT_MEIOSIS	GO:0007129	meiotic nuclear division
GOBP_HOMOLOGOUS_CHROMOSOME_SEGREGATION	GO:0045143	meiotic nuclear division
GOBP_HOMOLOGOUS_RECOMBINATION	GO:0035825	DNA recombination
GOBP_HOMOPHILIC_CELL_ADHESION_VIA_PLASMA_MEMBRANE_ADHESION_MOLECULES		unmapped
GOBP_HOMOTYPIC_CELL_CELL_ADHESION	GO:0034109	cell adhesion
GOBP_HORMONE_BIOSYNTHETIC_PROCESS	GO:0042446	unmapped
GOBP_HORMONE_CATABOLIC_PROCESS	GO:0042447	unmapped
GOBP_HORMONE_MEDIATED_APOPTOTIC_SIGNALING_PATHWAY	GO:0008628	programmed cell death
GOBP_HORMONE_MEDIATED_SIGNALING_PATHWAY	GO:0009755	signaling
GOBP_HORMONE_METABOLIC_PROCESS	GO:0042445	unmapped
GOBP_HORMONE_TRANSPORT	GO:0009914	unmapped
GOBP_HOST_MEDIATED_REGULATION_OF_INTESTINAL_MICROBIOTA_COMPOSITION		unmapped
GOBP_HOST_MEDIATED_SUPPRESSION_OF_SYMBIONT_INVASION	GO:0046597	defense response to other organism
GOBP_HRI_MEDIATED_SIGNALING	GO:0140468	signaling
GOBP_HUMORAL_IMMUNE_RESPONSE	GO:0006959	immune system process
GOBP_HUMORAL_IMMUNE_RESPONSE_MEDIATED_BY_CIRCULATING_IMMUNOGLOBULIN	GO:0002455	immune system process
GOBP_HYALOID_VASCULAR_PLEXUS_REGRESSION	GO:1990384	anatomical structure development
GOBP_HYALURONAN_BIOSYNTHETIC_PROCESS	GO:0030213	carbohydrate derivative metabolic process
GOBP_HYALURONAN_CATABOLIC_PROCESS	GO:0030214	carbohydrate derivative metabolic process
GOBP_HYALURONAN_METABOLIC_PROCESS	GO:0030212	carbohydrate derivative metabolic process
GOBP_HYDROCARBON_METABOLIC_PROCESS	GO:0120252	unmapped
GOBP_HYDROGEN_PEROXIDE_BIOSYNTHETIC_PROCESS	GO:0050665	unmapped
GOBP_HYDROGEN_PEROXIDE_CATABOLIC_PROCESS	GO:0042744	unmapped
GOBP_HYDROGEN_PEROXIDE_METABOLIC_PROCESS	GO:0042743	unmapped
GOBP_HYDROGEN_SULFIDE_METABOLIC_PROCESS	GO:0070813	sulfur compound metabolic process
GOBP_HYPEROSMOTIC_RESPONSE	GO:0006972	unmapped
GOBP_HYPEROSMOTIC_SALINITY_RESPONSE	GO:0042538	unmapped
GOBP_HYPERSENSITIVITY	GO:0002524	inflammatory response
GOBP_HYPOTHALAMUS_CELL_DIFFERENTIATION	GO:0021979	cell differentiation
GOBP_HYPOTHALAMUS_CELL_MIGRATION	GO:0021855	anatomical structure development
GOBP_HYPOTHALAMUS_DEVELOPMENT	GO:0021854	anatomical structure development
GOBP_HYPOTHALAMUS_GONADOTROPHIN_RELEASING_HORMONE_NEURON_DIFFERENTIATION	GO:0021886	cell differentiation
GOBP_HYPOTONIC_RESPONSE	GO:0006971	unmapped
GOBP_HYPOXIA_INDUCIBLE_FACTOR_1ALPHA_SIGNALING_PATHWAY	GO:0097411	signaling
GOBP_ICOSANOID_BIOSYNTHETIC_PROCESS	GO:0046456	unmapped
GOBP_ICOSANOID_CATABOLIC_PROCESS	GO:1901523	lipid metabolic process
GOBP_ICOSANOID_METABOLIC_PROCESS	GO:0006690	unmapped
GOBP_ICOSANOID_SECRETION	GO:0032309	unmapped
GOBP_ICOSANOID_TRANSPORT	GO:0071715	unmapped
GOBP_IMIDAZOLE_CONTAINING_COMPOUND_METABOLIC_PROCESS	GO:0052803	unmapped
GOBP_IMMATURE_B_CELL_DIFFERENTIATION	GO:0002327	cell differentiation
GOBP_IMMATURE_T_CELL_PROLIFERATION	GO:0033079	immune system process
GOBP_IMMUNE_COMPLEX_CLEARANCE	GO:0002434	immune system process
GOBP_IMMUNE_EFFECTOR_PROCESS	GO:0002252	immune system process
GOBP_IMMUNE_RESPONSE_INHIBITING_CELL_SURFACE_RECEPTOR_SIGNALING_PATHWAY	GO:0002767	signaling
GOBP_IMMUNE_RESPONSE_INHIBITING_SIGNAL_TRANSDUCTION	GO:0002765	signaling
GOBP_IMMUNE_RESPONSE_REGULATING_CELL_SURFACE_RECEPTOR_SIGNALING_PATHWAY	GO:0002768	signaling
GOBP_IMMUNE_RESPONSE_REGULATING_CELL_SURFACE_RECEPTOR_SIGNALING_PATHWAY_INVOLVED_IN_PHAGOCYTOSIS		unmapped
GOBP_IMMUNE_RESPONSE_REGULATING_SIGNALING_PATHWAY	GO:0002764	signaling
GOBP_IMMUNE_RESPONSE_TO_TUMOR_CELL	GO:0002418	immune system process
GOBP_IMMUNE_SYSTEM_DEVELOPMENT	GO:0002520	anatomical structure development
GOBP_IMMUNOGLOBULIN_PRODUCTION	GO:0002377	immune system process
GOBP_IMMUNOGLOBULIN_PRODUCTION_INVOLVED_IN_IMMUNOGLOBULIN_MEDIATED_IMMUNE_RESPONSE	GO:0002381	immune system process
GOBP_IMMUNOGLOBULIN_V_D_J_RECOMBINATION	GO:0033152	DNA recombination
GOBP_IMMUNOLOGICAL_MEMORY_FORMATION_PROCESS	GO:0090715	immune system process
GOBP_IMMUNOLOGICAL_MEMORY_PROCESS	GO:0090713	immune system process
GOBP_IMMUNOLOGICAL_SYNAPSE_FORMATION	GO:0001771	immune system process
GOBP_IMPORT_ACROSS_PLASMA_MEMBRANE	GO:0098739	transmembrane transport
GOBP_IMPORT_INTO_CELL	GO:0098657	unmapped
GOBP_IMPORT_INTO_NUCLEUS	GO:0051170	nucleocytoplasmic transport
GOBP_IMPORT_INTO_THE_MITOCHONDRION	GO:0170036	transmembrane transport
GOBP_IMP_BIOSYNTHETIC_PROCESS	GO:0006188	nucleobase-containing small molecule metabolic process
GOBP_IMP_CATABOLIC_PROCESS	GO:0006204	nucleobase-containing small molecule metabolic process
GOBP_IMP_METABOLIC_PROCESS	GO:0046040	nucleobase-containing small molecule metabolic process
GOBP_IMP_SALVAGE	GO:0032264	nucleobase-containing small molecule metabolic process
GOBP_INCLUSION_BODY_ASSEMBLY	GO:0070841	unmapped
GOBP_INDOLALKYLAMINE_METABOLIC_PROCESS		unmapped
GOBP_INDOLE_CONTAINING_COMPOUND_BIOSYNTHETIC_PROCESS	GO:0042435	unmapped
GOBP_INDOLE_CONTAINING_COMPOUND_CATABOLIC_PROCESS	GO:0042436	unmapped
GOBP_INDOLE_CONTAINING_COMPOUND_METABOLIC_PROCESS	GO:0042430	unmapped
GOBP_INDUCTION_OF_BACTERIAL_AGGLUTINATION	GO:0043152	defense response to other organism
GOBP_INDUCTION_OF_POSITIVE_CHEMOTAXIS	GO:0050930	unmapped
GOBP_INFLAMMASOME_MEDIATED_SIGNALING_PATHWAY	GO:0141084	defense response to other organism
GOBP_INFLAMMATORY_CELL_APOPTOTIC_PROCESS	GO:0006925	programmed cell death
GOBP_INFLAMMATORY_RESPONSE	GO:0006954	inflammatory response
GOBP_INFLAMMATORY_RESPONSE_TO_ANTIGENIC_STIMULUS	GO:0002437	inflammatory response
GOBP_INFLAMMATORY_RESPONSE_TO_WOUNDING	GO:0090594	inflammatory response
GOBP_INHIBITION_OF_NEUROEPITHELIAL_CELL_DIFFERENTIATION	GO:0002085	cell differentiation
GOBP_INHIBITORY_POSTSYNAPTIC_POTENTIAL	GO:0060080	signaling
GOBP_INHIBITORY_SYNAPSE_ASSEMBLY	GO:1904862	cell junction organization
GOBP_INNATE_IMMUNE_RESPONSE_ACTIVATING_CELL_SURFACE_RECEPTOR_SIGNALING_PATHWAY	GO:0002220	defense response to other organism
GOBP_INNATE_IMMUNE_RESPONSE_IN_MUCOSA	GO:0002227	defense response to other organism
GOBP_INNERVATION	GO:0060384	anatomical structure development
GOBP_INNER_CELL_MASS_CELL_DIFFERENTIATION	GO:0001826	cell differentiation
GOBP_INNER_CELL_MASS_CELL_PROLIFERATION	GO:0001833	anatomical structure development
GOBP_INNER_DYNEIN_ARM_ASSEMBLY	GO:0036159	cilium organization
GOBP_INNER_EAR_MORPHOGENESIS	GO:0042472	anatomical structure development
GOBP_INNER_EAR_RECEPTOR_CELL_DEVELOPMENT	GO:0060119	cell differentiation
GOBP_INNER_EAR_RECEPTOR_CELL_FATE_COMMITMENT	GO:0060120	cell differentiation
GOBP_INNER_EAR_RECEPTOR_CELL_STEREOCILIUM_ORGANIZATION	GO:0060122	cell differentiation
GOBP_INNER_MITOCHONDRIAL_MEMBRANE_ORGANIZATION	GO:0007007	mitochondrion organization
GOBP_INORGANIC_ANION_TRANSMEMBRANE_TRANSPORT		unmapped
GOBP_INORGANIC_ANION_TRANSPORT	GO:0015698	unmapped
GOBP_INORGANIC_ION_HOMEOSTASIS	GO:0098771	unmapped
GOBP_INORGANIC_ION_IMPORT_ACROSS_PLASMA_MEMBRANE	GO:0099587	transmembrane transport
GOBP_INOSINE_METABOLIC_PROCESS	GO:0046102	nucleobase-containing small molecule metabolic process
GOBP_INOSITOL_METABOLIC_PROCESS	GO:0006020	unmapped
GOBP_INOSITOL_PHOSPHATE_BIOSYNTHETIC_PROCESS	GO:0032958	unmapped
GOBP_INOSITOL_PHOSPHATE_METABOLIC_PROCESS	GO:0043647	unmapped
GOBP_INOSITOL_TRISPHOSPHATE_BIOSYNTHETIC_PROCESS	GO:0032959	unmapped
GOBP_INOSITOL_TRISPHOSPHATE_METABOLIC_PROCESS	GO:0032957	unmapped
GOBP_INSEMINATION	GO:0007320	reproductive process
GOBP_INSULIN_LIKE_GROWTH_FACTOR_RECEPTOR_SIGNALING_PATHWAY	GO:0048009	signaling
GOBP_INSULIN_METABOLIC_PROCESS	GO:1901142	unmapped
GOBP_INSULIN_PROCESSING	GO:0030070	protein maturation
GOBP_INSULIN_RECEPTOR_SIGNALING_PATHWAY	GO:0008286	signaling
GOBP_INSULIN_SECRETION	GO:0030073	signaling
GOBP_INSULIN_SECRETION_INVOLVED_IN_CELLULAR_RESPONSE_TO_GLUCOSE_STIMULUS	GO:0035773	signaling
GOBP_INTEGRATED_STRESS_RESPONSE_SIGNALING	GO:0140467	signaling
GOBP_INTEGRIN_ACTIVATION	GO:0033622	protein-containing complex assembly
GOBP_INTEGRIN_BIOSYNTHETIC_PROCESS	GO:0045112	membrane organization
GOBP_INTEGRIN_MEDIATED_SIGNALING_PATHWAY	GO:0007229	signaling
GOBP_INTERCELLULAR_TRANSPORT	GO:0010496	unmapped
GOBP_INTERFERON_ALPHA_PRODUCTION	GO:0032607	unmapped
GOBP_INTERFERON_BETA_PRODUCTION	GO:0032608	unmapped
GOBP_INTERFERON_MEDIATED_SIGNALING_PATHWAY	GO:0140888	signaling
GOBP_INTERLEUKIN_10_MEDIATED_SIGNALING_PATHWAY	GO:0140105	signaling
GOBP_INTERLEUKIN_10_PRODUCTION	GO:0032613	unmapped
GOBP_INTERLEUKIN_11_MEDIATED_SIGNALING_PATHWAY	GO:0038154	signaling
GOBP_INTERLEUKIN_12_MEDIATED_SIGNALING_PATHWAY	GO:0035722	signaling
GOBP_INTERLEUKIN_12_PRODUCTION	GO:0032615	unmapped
GOBP_INTERLEUKIN_13_PRODUCTION	GO:0032616	unmapped
GOBP_INTERLEUKIN_17A_MEDIATED_SIGNALING_PATHWAY	GO:0038173	signaling
GOBP_INTERLEUKIN_17_MEDIATED_SIGNALING_PATHWAY	GO:0097400	signaling
GOBP_INTERLEUKIN_17_PRODUCTION	GO:0032620	unmapped
GOBP_INTERLEUKIN_18_MEDIATED_SIGNALING_PATHWAY	GO:0035655	signaling
GOBP_INTERLEUKIN_18_PRODUCTION	GO:0032621	unmapped
GOBP_INTERLEUKIN_1_ALPHA_PRODUCTION	GO:0032610	unmapped
GOBP_INTERLEUKIN_1_BETA_PRODUCTION	GO:0032611	unmapped
GOBP_INTERLEUKIN_1_MEDIATED_SIGNALING_PATHWAY	GO:0070498	signaling
GOBP_INTERLEUKIN_1_PRODUCTION	GO:0032612	unmapped
GOBP_INTERLEUKIN_21_PRODUCTION	GO:0032625	unmapped
GOBP_INTERLEUKIN_23_MEDIATED_SIGNALING_PATHWAY	GO:0038155	signaling
GOBP_INTERLEUKIN_23_PRODUCTION	GO:0032627	unmapped
GOBP_INTERLEUKIN_27_MEDIATED_SIGNALING_PATHWAY	GO:0070106	signaling
GOBP_INTERLEUKIN_2_MEDIATED_SIGNALING_PATHWAY	GO:0038110	signaling
GOBP_INTERLEUKIN_2_PRODUCTION	GO:0032623	unmapped
GOBP_INTERLEUKIN_33_MEDIATED_SIGNALING_PATHWAY	GO:0038172	signaling
GOBP_INTERLEUKIN_3_MEDIATED_SIGNALING_PATHWAY	GO:0038156	signaling
GOBP_INTERLEUKIN_4_MEDIATED_SIGNALING_PATHWAY	GO:0035771	signaling
GOBP_INTERLEUKIN_4_PRODUCTION	GO:0032633	unmapped
GOBP_INTERLEUKIN_5_MEDIATED_SIGNALING_PATHWAY	GO:0038043	signaling
GOBP_INTERLEUKIN_5_PRODUCTION	GO:0032634	unmapped
GOBP_INTERLEUKIN_6_MEDIATED_SIGNALING_PATHWAY	GO:0070102	signaling
GOBP_INTERLEUKIN_6_PRODUCTION	GO:0032635	unmapped
GOBP_INTERLEUKIN_7_MEDIATED_SIGNALING_PATHWAY	GO:0038111	signaling
GOBP_INTERLEUKIN_8_PRODUCTION	GO:0032637	unmapped
GOBP_INTERMEDIATE_FILAMENT_BASED_PROCESS	GO:0045103	unmapped
GOBP_INTERMEDIATE_FILAMENT_BUNDLE_ASSEMBLY	GO:0045110	cytoskeleton organization
GOBP_INTERMEDIATE_FILAMENT_ORGANIZATION	GO:0045109	cytoskeleton organization
GOBP_INTERMEMBRANE_LIPID_TRANSFER	GO:0120009	membrane organization
GOBP_INTERNAL_PEPTIDYL_LYSINE_ACETYLATION	GO:0018393	unmapped
GOBP_INTERNAL_PROTEIN_AMINO_ACID_ACETYLATION	GO:0006475	unmapped
GOBP_INTERNEURON_MIGRATION	GO:1904936	cell differentiation
GOBP_INTERNEURON_MIGRATION_FROM_THE_SUBPALLIUM_TO_THE_CORTEX	GO:0021830	anatomical structure development
GOBP_INTERSTRAND_CROSS_LINK_REPAIR	GO:0036297	DNA repair
GOBP_INTESTINAL_ABSORPTION	GO:0050892	digestive system process
GOBP_INTESTINAL_CHOLESTEROL_ABSORPTION	GO:0030299	digestive system process
GOBP_INTESTINAL_EPITHELIAL_CELL_DEVELOPMENT	GO:0060576	cell differentiation
GOBP_INTESTINAL_EPITHELIAL_CELL_DIFFERENTIATION	GO:0060575	cell differentiation
GOBP_INTESTINAL_EPITHELIAL_STRUCTURE_MAINTENANCE	GO:0060729	digestive system process
GOBP_INTESTINAL_HEXOSE_ABSORPTION	GO:0106001	digestive system process
GOBP_INTESTINAL_LIPID_ABSORPTION	GO:0098856	digestive system process
GOBP_INTESTINAL_STEM_CELL_HOMEOSTASIS	GO:0036335	unmapped
GOBP_INTESTINE_SMOOTH_MUSCLE_CONTRACTION	GO:0014827	muscle system process
GOBP_INTRACELLULAR_AMINO_ACID_HOMEOSTASIS	GO:0080144	unmapped
GOBP_INTRACELLULAR_COPPER_ION_HOMEOSTASIS	GO:0006878	unmapped
GOBP_INTRACELLULAR_DISTRIBUTION_OF_MITOCHONDRIA	GO:0048312	unmapped
GOBP_INTRACELLULAR_GLUCOSE_HOMEOSTASIS	GO:0001678	unmapped
GOBP_INTRACELLULAR_GLUTAMATE_HOMEOSTASIS	GO:0090461	unmapped
GOBP_INTRACELLULAR_IRON_ION_HOMEOSTASIS	GO:0006879	unmapped
GOBP_INTRACELLULAR_LIPID_TRANSPORT	GO:0032365	unmapped
GOBP_INTRACELLULAR_MAGNESIUM_ION_HOMEOSTASIS	GO:0010961	unmapped
GOBP_INTRACELLULAR_MONOATOMIC_ANION_HOMEOSTASIS	GO:0030002	unmapped
GOBP_INTRACELLULAR_MONOATOMIC_ION_HOMEOSTASIS	GO:0006873	unmapped
GOBP_INTRACELLULAR_MRNA_LOCALIZATION	GO:0008298	unmapped
GOBP_INTRACELLULAR_OXYGEN_HOMEOSTASIS	GO:0032364	unmapped
GOBP_INTRACELLULAR_PHOSPHATE_ION_HOMEOSTASIS	GO:0030643	unmapped
GOBP_INTRACELLULAR_PH_ELEVATION	GO:0051454	unmapped
GOBP_INTRACELLULAR_PH_REDUCTION	GO:0051452	unmapped
GOBP_INTRACELLULAR_POTASSIUM_ION_HOMEOSTASIS	GO:0030007	unmapped
GOBP_INTRACELLULAR_PROTEIN_TRANSMEMBRANE_TRANSPORT	GO:0065002	intracellular protein transport
GOBP_INTRACELLULAR_PROTEIN_TRANSPORT	GO:0006886	intracellular protein transport
GOBP_INTRACELLULAR_RECEPTOR_SIGNALING_PATHWAY	GO:0030522	signaling
GOBP_INTRACELLULAR_SODIUM_ION_HOMEOSTASIS	GO:0006883	unmapped
GOBP_INTRACELLULAR_SPHINGOLIPID_HOMEOSTASIS	GO:0090156	unmapped
GOBP_INTRACELLULAR_STEROL_TRANSPORT	GO:0032366	unmapped
GOBP_INTRACELLULAR_TRANSPORT	GO:0046907	unmapped
GOBP_INTRACELLULAR_TRIGLYCERIDE_HOMEOSTASIS	GO:0035356	unmapped
GOBP_INTRACELLULAR_WATER_HOMEOSTASIS	GO:0009992	unmapped
GOBP_INTRACELLULAR_ZINC_ION_HOMEOSTASIS	GO:0006882	unmapped
GOBP_INTRACILIARY_ANTEROGRADE_TRANSPORT	GO:0035720	cilium organization
GOBP_INTRACILIARY_RETROGRADE_TRANSPORT	GO:0035721	cilium organization
GOBP_INTRACILIARY_TRANSPORT	GO:0042073	cilium organization
GOBP_INTRACILIARY_TRANSPORT_INVOLVED_IN_CILIUM_ASSEMBLY	GO:0035735	cilium organization
GOBP_INTRA_GOLGI_VESICLE_MEDIATED_TRANSPORT	GO:0006891	vesicle-mediated transport
GOBP_INTRINSIC_APOPTOTIC_SIGNALING_PATHWAY	GO:0097193	programmed cell death
GOBP_INTRINSIC_APOPTOTIC_SIGNALING_PATHWAY_BY_P53_CLASS_MEDIATOR	GO:0072332	programmed cell death
GOBP_INTRINSIC_APOPTOTIC_SIGNALING_PATHWAY_IN_RESPONSE_TO_DNA_DAMAGE	GO:0008630	programmed cell death
GOBP_INTRINSIC_APOPTOTIC_SIGNALING_PATHWAY_IN_RESPONSE_TO_DNA_DAMAGE_BY_P53_CLASS_MEDIATOR	GO:0042771	programmed cell death
GOBP_INTRINSIC_APOPTOTIC_SIGNALING_PATHWAY_IN_RESPONSE_TO_ENDOPLASMIC_RETICULUM_STRESS	GO:0070059	programmed cell death
GOBP_INTRINSIC_APOPTOTIC_SIGNALING_PATHWAY_IN_RESPONSE_TO_HYDROGEN_PEROXIDE	GO:0036481	programmed cell death
GOBP_INTRINSIC_APOPTOTIC_SIGNALING_PATHWAY_IN_RESPONSE_TO_HYPOXIA	GO:1990144	programmed cell death
GOBP_INTRINSIC_APOPTOTIC_SIGNALING_PATHWAY_IN_RESPONSE_TO_OSMOTIC_STRESS	GO:0008627	programmed cell death
GOBP_INTRINSIC_APOPTOTIC_SIGNALING_PATHWAY_IN_RESPONSE_TO_OXIDATIVE_STRESS	GO:0008631	programmed cell death
GOBP_INVOLUNTARY_SKELETAL_MUSCLE_CONTRACTION	GO:0003011	muscle system process
GOBP_IN_UTERO_EMBRYONIC_DEVELOPMENT	GO:0001701	anatomical structure development
GOBP_IODIDE_TRANSPORT	GO:0015705	unmapped
GOBP_IONOTROPIC_GLUTAMATE_RECEPTOR_SIGNALING_PATHWAY	GO:0035235	signaling
GOBP_IP_10_PRODUCTION	GO:0071612	unmapped
GOBP_IRE1_MEDIATED_UNFOLDED_PROTEIN_RESPONSE	GO:0036498	signaling
GOBP_IRES_DEPENDENT_VIRAL_TRANSLATIONAL_INITIATION	GO:0075522	unmapped
GOBP_IRIS_MORPHOGENESIS	GO:0061072	anatomical structure development
GOBP_IRON_COORDINATION_ENTITY_TRANSPORT	GO:1901678	unmapped
GOBP_IRON_IMPORT_INTO_CELL	GO:0033212	unmapped
GOBP_IRON_ION_IMPORT_ACROSS_PLASMA_MEMBRANE	GO:0098711	transmembrane transport
GOBP_IRON_ION_TRANSMEMBRANE_TRANSPORT	GO:0034755	transmembrane transport
GOBP_IRON_ION_TRANSPORT	GO:0006826	unmapped
GOBP_ISG15_PROTEIN_CONJUGATION	GO:0032020	unmapped
GOBP_ISOCITRATE_METABOLIC_PROCESS	GO:0006102	unmapped
GOBP_ISOLEUCINE_METABOLIC_PROCESS		unmapped
GOBP_ISOLEUCINE_TRANSPORT	GO:0015818	unmapped
GOBP_ISOPENTENYL_DIPHOSPHATE_BIOSYNTHETIC_PROCESS	GO:0009240	lipid metabolic process
GOBP_ISOPRENOID_BIOSYNTHETIC_PROCESS	GO:0008299	lipid metabolic process
GOBP_ISOPRENOID_CATABOLIC_PROCESS	GO:0008300	lipid metabolic process
GOBP_ISOPRENOID_METABOLIC_PROCESS	GO:0006720	lipid metabolic process
GOBP_ISOTYPE_SWITCHING_TO_IGA_ISOTYPES	GO:0048290	DNA recombination
GOBP_ISOTYPE_SWITCHING_TO_IGG_ISOTYPES	GO:0048291	DNA recombination
GOBP_JNK_CASCADE	GO:0007254	signaling
GOBP_KERATAN_SULFATE_PROTEOGLYCAN_METABOLIC_PROCESS	GO:0042339	carbohydrate derivative metabolic process
GOBP_KERATINIZATION	GO:0031424	cell differentiation
GOBP_KERATINOCYTE_APOPTOTIC_PROCESS	GO:0097283	programmed cell death
GOBP_KERATINOCYTE_DEVELOPMENT	GO:0003334	cell differentiation
GOBP_KERATINOCYTE_DIFFERENTIATION	GO:0030216	cell differentiation
GOBP_KERATINOCYTE_MIGRATION	GO:0051546	cell motility
GOBP_KERATINOCYTE_PROLIFERATION	GO:0043616	unmapped
GOBP_KETONE_BIOSYNTHETIC_PROCESS	GO:0042181	unmapped
GOBP_KETONE_BODY_BIOSYNTHETIC_PROCESS	GO:0046951	lipid metabolic process
GOBP_KETONE_BODY_METABOLIC_PROCESS		unmapped
GOBP_KETONE_CATABOLIC_PROCESS	GO:0042182	unmapped
GOBP_KETONE_METABOLIC_PROCESS	GO:0042180	unmapped
GOBP_KIDNEY_EPITHELIUM_DEVELOPMENT	GO:0072073	anatomical structure development
GOBP_KIDNEY_MESENCHYME_DEVELOPMENT	GO:0072074	anatomical structure development
GOBP_KIDNEY_MORPHOGENESIS	GO:0060993	anatomical structure development
GOBP_KINETOCHORE_ASSEMBLY	GO:0051382	protein-containing complex assembly
GOBP_KINETOCHORE_ORGANIZATION	GO:0051383	unmapped
GOBP_KYNURENINE_METABOLIC_PROCESS		unmapped
GOBP_LABYRINTHINE_LAYER_BLOOD_VESSEL_DEVELOPMENT	GO:0060716	anatomical structure development
GOBP_LABYRINTHINE_LAYER_DEVELOPMENT	GO:0060711	anatomical structure development
GOBP_LACRIMAL_GLAND_DEVELOPMENT	GO:0032808	anatomical structure development
GOBP_LACTATE_METABOLIC_PROCESS	GO:0006089	unmapped
GOBP_LACTATE_TRANSPORT	GO:0015727	unmapped
GOBP_LACTATION	GO:0007595	anatomical structure development
GOBP_LACTONE_METABOLIC_PROCESS	GO:1901334	unmapped
GOBP_LAMELLIPODIUM_ASSEMBLY	GO:0030032	unmapped
GOBP_LAMELLIPODIUM_MORPHOGENESIS	GO:0072673	anatomical structure development
GOBP_LAMELLIPODIUM_ORGANIZATION	GO:0097581	unmapped
GOBP_LATERAL_MESODERM_DEVELOPMENT	GO:0048368	anatomical structure development
GOBP_LATERAL_MESODERM_MORPHOGENESIS	GO:0048369	anatomical structure development
GOBP_LATERAL_SPROUTING_FROM_AN_EPITHELIUM	GO:0060601	anatomical structure development
GOBP_LATERAL_VENTRICLE_DEVELOPMENT	GO:0021670	anatomical structure development
GOBP_LATE_ENDOSOME_TO_GOLGI_TRANSPORT	GO:0034499	vesicle-mediated transport
GOBP_LATE_ENDOSOME_TO_LYSOSOME_TRANSPORT	GO:1902774	unmapped
GOBP_LATE_ENDOSOME_TO_VACUOLE_TRANSPORT	GO:0045324	vesicle-mediated transport
GOBP_LATE_ENDOSOME_TO_VACUOLE_TRANSPORT_VIA_MULTIVESICULAR_BODY_SORTING_PATHWAY	GO:0032511	vesicle-mediated transport
GOBP_LAYER_FORMATION_IN_CEREBRAL_CORTEX	GO:0021819	cell differentiation
GOBP_LEARNED_VOCALIZATION_BEHAVIOR_OR_VOCAL_LEARNING	GO:0098598	nervous system process
GOBP_LEARNING	GO:0007612	nervous system process
GOBP_LEFT_RIGHT_AXIS_SPECIFICATION	GO:0070986	anatomical structure development
GOBP_LENS_DEVELOPMENT_IN_CAMERA_TYPE_EYE	GO:0002088	anatomical structure development
GOBP_LENS_FIBER_CELL_DEVELOPMENT	GO:0070307	cell differentiation
GOBP_LENS_FIBER_CELL_DIFFERENTIATION	GO:0070306	cell differentiation
GOBP_LENS_FIBER_CELL_MORPHOGENESIS	GO:0070309	cell differentiation
GOBP_LENS_MORPHOGENESIS_IN_CAMERA_TYPE_EYE	GO:0002089	anatomical structure development
GOBP_LEPTIN_MEDIATED_SIGNALING_PATHWAY	GO:0033210	signaling
GOBP_LEUKOCYTE_ACTIVATION_INVOLVED_IN_INFLAMMATORY_RESPONSE	GO:0002269	inflammatory response
GOBP_LEUKOCYTE_ADHESION_TO_ARTERIAL_ENDOTHELIAL_CELL	GO:0061757	cell adhesion
GOBP_LEUKOCYTE_ADHESION_TO_VASCULAR_ENDOTHELIAL_CELL	GO:0061756	cell adhesion
GOBP_LEUKOCYTE_AGGREGATION	GO:0070486	cell adhesion
GOBP_LEUKOCYTE_APOPTOTIC_PROCESS	GO:0071887	programmed cell death
GOBP_LEUKOCYTE_CELL_CELL_ADHESION	GO:0007159	cell adhesion
GOBP_LEUKOCYTE_CHEMOTAXIS	GO:0030595	cell motility
GOBP_LEUKOCYTE_CHEMOTAXIS_INVOLVED_IN_INFLAMMATORY_RESPONSE	GO:0002232	inflammatory response
GOBP_LEUKOCYTE_DEGRANULATION	GO:0043299	vesicle-mediated transport
GOBP_LEUKOCYTE_DIFFERENTIATION	GO:0002521	cell differentiation
GOBP_LEUKOCYTE_HOMEOSTASIS	GO:0001776	immune system process
GOBP_LEUKOCYTE_MEDIATED_CYTOTOXICITY	GO:0001909	immune system process
GOBP_LEUKOCYTE_MEDIATED_IMMUNITY	GO:0002443	immune system process
GOBP_LEUKOCYTE_MIGRATION	GO:0050900	cell motility
GOBP_LEUKOCYTE_MIGRATION_INVOLVED_IN_INFLAMMATORY_RESPONSE	GO:0002523	inflammatory response
GOBP_LEUKOCYTE_PROLIFERATION	GO:0070661	unmapped
GOBP_LEUKOCYTE_TETHERING_OR_ROLLING	GO:0050901	cell adhesion
GOBP_LEUKOTRIENE_B4_METABOLIC_PROCESS	GO:0036102	lipid metabolic process
GOBP_LEUKOTRIENE_BIOSYNTHETIC_PROCESS	GO:0019370	unmapped
GOBP_LEUKOTRIENE_CATABOLIC_PROCESS	GO:0036100	unmapped
GOBP_LEUKOTRIENE_D4_BIOSYNTHETIC_PROCESS	GO:1901750	lipid metabolic process
GOBP_LEUKOTRIENE_D4_METABOLIC_PROCESS		unmapped
GOBP_LEUKOTRIENE_METABOLIC_PROCESS	GO:0006691	unmapped
GOBP_LEUKOTRIENE_SIGNALING_PATHWAY	GO:0061737	signaling
GOBP_LEUKOTRIENE_TRANSPORT	GO:0071716	unmapped
GOBP_LEYDIG_CELL_DIFFERENTIATION	GO:0033327	cell differentiation
GOBP_LIGAND_GATED_ION_CHANNEL_SIGNALING_PATHWAY	GO:1990806	signaling
GOBP_LIMBIC_SYSTEM_DEVELOPMENT	GO:0021761	anatomical structure development
GOBP_LIMB_BUD_FORMATION	GO:0060174	anatomical structure development
GOBP_LIMB_JOINT_MORPHOGENESIS	GO:0036022	anatomical structure development
GOBP_LINOLEIC_ACID_METABOLIC_PROCESS	GO:0043651	lipid metabolic process
GOBP_LIPID_BIOSYNTHETIC_PROCESS	GO:0008610	lipid metabolic process
GOBP_LIPID_CATABOLIC_PROCESS	GO:0016042	lipid metabolic process
GOBP_LIPID_DIGESTION	GO:0044241	unmapped
GOBP_LIPID_DROPLET_DISASSEMBLY	GO:1905691	unmapped
GOBP_LIPID_DROPLET_FORMATION	GO:0140042	unmapped
GOBP_LIPID_DROPLET_FUSION	GO:0160077	unmapped
GOBP_LIPID_DROPLET_ORGANIZATION	GO:0034389	unmapped
GOBP_LIPID_EXPORT_FROM_CELL	GO:0140353	unmapped
GOBP_LIPID_GLYCOSYLATION		unmapped
GOBP_LIPID_HOMEOSTASIS	GO:0055088	unmapped
GOBP_LIPID_HYDROXYLATION	GO:0002933	lipid metabolic process
GOBP_LIPID_IMPORT_INTO_CELL	GO:0140354	unmapped
GOBP_LIPID_LOCALIZATION	GO:0010876	unmapped
GOBP_LIPID_METABOLIC_PROCESS	GO:0006629	lipid metabolic process
GOBP_LIPID_MODIFICATION	GO:0030258	lipid metabolic process
GOBP_LIPID_OXIDATION	GO:0034440	lipid metabolic process
GOBP_LIPID_PHOSPHORYLATION	GO:0046834	lipid metabolic process
GOBP_LIPID_TRANSPORT_ACROSS_BLOOD_BRAIN_BARRIER	GO:1990379	circulatory system process
GOBP_LIPOPHAGY	GO:0061724	autophagy
GOBP_LIPOPOLYSACCHARIDE_MEDIATED_SIGNALING_PATHWAY	GO:0031663	signaling
GOBP_LIPOPROTEIN_BIOSYNTHETIC_PROCESS	GO:0042158	unmapped
GOBP_LIPOPROTEIN_CATABOLIC_PROCESS	GO:0042159	protein catabolic process
GOBP_LIPOPROTEIN_LOCALIZATION	GO:0044872	unmapped
GOBP_LIPOPROTEIN_METABOLIC_PROCESS	GO:0042157	unmapped
GOBP_LIPOPROTEIN_PARTICLE_MEDIATED_SIGNALING	GO:0055095	signaling
GOBP_LIPOSACCHARIDE_METABOLIC_PROCESS	GO:1903509	lipid metabolic process
GOBP_LIPOXIN_A4_METABOLIC_PROCESS	GO:2001302	lipid metabolic process
GOBP_LIPOXIN_METABOLIC_PROCESS		unmapped
GOBP_LIPOXYGENASE_PATHWAY	GO:0019372	lipid metabolic process
GOBP_LIVER_MORPHOGENESIS	GO:0072576	anatomical structure development
GOBP_LIVER_REGENERATION	GO:0097421	anatomical structure development
GOBP_LNCRNA_MEDIATED_POST_TRANSCRIPTIONAL_GENE_SILENCING	GO:0000512	regulatory ncRNA-mediated gene silencing
GOBP_LNCRNA_TRANSCRIPTION	GO:0140742	DNA-templated transcription
GOBP_LOBAR_BRONCHUS_DEVELOPMENT	GO:0060482	anatomical structure development
GOBP_LOBAR_BRONCHUS_EPITHELIUM_DEVELOPMENT	GO:0060481	anatomical structure development
GOBP_LOCALIZATION_OF_CELL	GO:0051674	unmapped
GOBP_LOCALIZATION_WITHIN_MEMBRANE	GO:0051668	unmapped
GOBP_LOCOMOTION	GO:0040011	unmapped
GOBP_LOCOMOTION_INVOLVED_IN_LOCOMOTORY_BEHAVIOR	GO:0031987	unmapped
GOBP_LOCOMOTORY_BEHAVIOR	GO:0007626	unmapped
GOBP_LOCOMOTORY_EXPLORATION_BEHAVIOR	GO:0035641	unmapped
GOBP_LOCOMOTOR_RHYTHM	GO:0045475	unmapped
GOBP_LONG_CHAIN_FATTY_ACID_BIOSYNTHETIC_PROCESS	GO:0042759	lipid metabolic process
GOBP_LONG_CHAIN_FATTY_ACID_CATABOLIC_PROCESS	GO:0042758	lipid metabolic process
GOBP_LONG_CHAIN_FATTY_ACID_IMPORT_ACROSS_PLASMA_MEMBRANE	GO:0015911	transmembrane transport
GOBP_LONG_CHAIN_FATTY_ACID_IMPORT_INTO_CELL	GO:0044539	unmapped
GOBP_LONG_CHAIN_FATTY_ACID_METABOLIC_PROCESS	GO:0001676	lipid metabolic process
GOBP_LONG_CHAIN_FATTY_ACID_TRANSPORT	GO:0015909	unmapped
GOBP_LONG_CHAIN_FATTY_ACYL_COA_BIOSYNTHETIC_PROCESS	GO:0035338	nucleobase-containing small molecule metabolic process
GOBP_LONG_CHAIN_FATTY_ACYL_COA_METABOLIC_PROCESS	GO:0035336	nucleobase-containing small molecule metabolic process
GOBP_LONG_TERM_MEMORY	GO:0007616	nervous system process
GOBP_LONG_TERM_SYNAPTIC_DEPRESSION	GO:0060292	signaling
GOBP_LONG_TERM_SYNAPTIC_POTENTIATION	GO:0060291	signaling
GOBP_LOOP_OF_HENLE_DEVELOPMENT	GO:0072070	anatomical structure development
GOBP_LOW_DENSITY_LIPOPROTEIN_PARTICLE_CLEARANCE	GO:0034383	unmapped
GOBP_LOW_DENSITY_LIPOPROTEIN_PARTICLE_REMODELING	GO:0034374	unmapped
GOBP_LOW_DENSITY_LIPOPROTEIN_RECEPTOR_PARTICLE_METABOLIC_PROCESS	GO:0032799	unmapped
GOBP_LUNG_ALVEOLUS_DEVELOPMENT	GO:0048286	anatomical structure development
GOBP_LUNG_ASSOCIATED_MESENCHYME_DEVELOPMENT	GO:0060484	anatomical structure development
GOBP_LUNG_CELL_DIFFERENTIATION	GO:0060479	cell differentiation
GOBP_LUNG_EPITHELIUM_DEVELOPMENT	GO:0060428	anatomical structure development
GOBP_LUNG_GROWTH	GO:0060437	anatomical structure development
GOBP_LUNG_LOBE_DEVELOPMENT	GO:0060462	anatomical structure development
GOBP_LUNG_MORPHOGENESIS	GO:0060425	anatomical structure development
GOBP_LUNG_SACCULE_DEVELOPMENT	GO:0060430	anatomical structure development
GOBP_LUNG_SECRETORY_CELL_DIFFERENTIATION	GO:0061140	cell differentiation
GOBP_LUNG_VASCULATURE_DEVELOPMENT	GO:0060426	anatomical structure development
GOBP_LUTEINIZATION	GO:0001553	anatomical structure development
GOBP_LUTEINIZING_HORMONE_SECRETION	GO:0032275	signaling
GOBP_LUTEOLYSIS	GO:0001554	anatomical structure development
GOBP_LYMPHANGIOGENESIS	GO:0001946	anatomical structure development
GOBP_LYMPHATIC_ENDOTHELIAL_CELL_DIFFERENTIATION	GO:0060836	cell differentiation
GOBP_LYMPHOCYTE_ACTIVATION	GO:0046649	immune system process
GOBP_LYMPHOCYTE_ACTIVATION_INVOLVED_IN_IMMUNE_RESPONSE	GO:0002285	immune system process
GOBP_LYMPHOCYTE_AGGREGATION	GO:0071593	cell adhesion
GOBP_LYMPHOCYTE_ANERGY	GO:0002249	anatomical structure development
GOBP_LYMPHOCYTE_APOPTOTIC_PROCESS	GO:0070227	programmed cell death
GOBP_LYMPHOCYTE_CHEMOTAXIS	GO:0048247	cell motility
GOBP_LYMPHOCYTE_COSTIMULATION	GO:0031294	immune system process
GOBP_LYMPHOCYTE_DIFFERENTIATION	GO:0030098	cell differentiation
GOBP_LYMPHOCYTE_HOMEOSTASIS	GO:0002260	immune system process
GOBP_LYMPHOCYTE_MEDIATED_IMMUNITY	GO:0002449	immune system process
GOBP_LYMPHOCYTE_MIGRATION	GO:0072676	cell motility
GOBP_LYMPHOCYTE_MIGRATION_INTO_LYMPHOID_ORGANS	GO:0097021	cell motility
GOBP_LYMPHOID_PROGENITOR_CELL_DIFFERENTIATION	GO:0002320	cell differentiation
GOBP_LYMPH_NODE_DEVELOPMENT	GO:0048535	anatomical structure development
GOBP_LYMPH_VESSEL_DEVELOPMENT	GO:0001945	anatomical structure development
GOBP_LYMPH_VESSEL_MORPHOGENESIS	GO:0036303	anatomical structure development
GOBP_LYSINE_METABOLIC_PROCESS		unmapped
GOBP_LYSOSOMAL_LUMEN_ACIDIFICATION	GO:0007042	unmapped
GOBP_LYSOSOMAL_MEMBRANE_ORGANIZATION	GO:0097212	lysosome organization
GOBP_LYSOSOMAL_TRANSPORT	GO:0007041	unmapped
GOBP_LYTIC_VACUOLE_ORGANIZATION	GO:0080171	unmapped
GOBP_L_ALANINE_TRANSMEMBRANE_TRANSPORT	GO:1904557	transmembrane transport
GOBP_L_ALANINE_TRANSPORT	GO:0015808	unmapped
GOBP_L_ALPHA_AMINO_ACID_TRANSMEMBRANE_TRANSPORT	GO:1902475	transmembrane transport
GOBP_L_AMINO_ACID_CATABOLIC_PROCESS	GO:0170035	amino acid metabolic process
GOBP_L_AMINO_ACID_TRANSPORT	GO:0015807	unmapped
GOBP_L_ARGININE_BIOSYNTHETIC_PROCESS	GO:0006526	amino acid metabolic process
GOBP_L_ARGININE_IMPORT_ACROSS_PLASMA_MEMBRANE	GO:0097638	transmembrane transport
GOBP_L_ARGININE_TRANSMEMBRANE_TRANSPORT	GO:1903826	transmembrane transport
GOBP_L_ASCORBIC_ACID_METABOLIC_PROCESS	GO:0019852	carbohydrate metabolic process
GOBP_L_ASPARTATE_IMPORT_ACROSS_PLASMA_MEMBRANE	GO:0140009	transmembrane transport
GOBP_L_ASPARTATE_TRANSMEMBRANE_TRANSPORT	GO:0070778	transmembrane transport
GOBP_L_CYSTINE_TRANSPORT	GO:0015811	unmapped
GOBP_L_GLUTAMATE_IMPORT	GO:0051938	unmapped
GOBP_L_GLUTAMATE_IMPORT_ACROSS_PLASMA_MEMBRANE	GO:0098712	transmembrane transport
GOBP_L_GLUTAMATE_TRANSMEMBRANE_TRANSPORT	GO:0015813	transmembrane transport
GOBP_L_GLUTAMINE_IMPORT_ACROSS_PLASMA_MEMBRANE	GO:1903803	transmembrane transport
GOBP_L_HISTIDINE_METABOLIC_PROCESS		unmapped
GOBP_L_HISTIDINE_TRANSMEMBRANE_TRANSPORT	GO:0089709	transmembrane transport
GOBP_L_KYNURENINE_METABOLIC_PROCESS		unmapped
GOBP_L_LEUCINE_CATABOLIC_PROCESS	GO:0006552	amino acid metabolic process
GOBP_L_LEUCINE_IMPORT_ACROSS_PLASMA_MEMBRANE	GO:1903801	transmembrane transport
GOBP_L_LEUCINE_METABOLIC_PROCESS	GO:0006551	amino acid metabolic process
GOBP_L_LEUCINE_TRANSPORT	GO:0015820	unmapped
GOBP_L_LYSINE_TRANSPORT	GO:1902022	unmapped
GOBP_L_PHENYLALANINE_METABOLIC_PROCESS		unmapped
GOBP_L_PROLINE_TRANSMEMBRANE_TRANSPORT	GO:1904555	transmembrane transport
GOBP_L_SERINE_BIOSYNTHETIC_PROCESS	GO:0006564	amino acid metabolic process
GOBP_L_SERINE_CATABOLIC_PROCESS	GO:0006565	amino acid metabolic process
GOBP_L_SERINE_METABOLIC_PROCESS	GO:0006563	amino acid metabolic process
GOBP_L_TRYPTOPHAN_CATABOLIC_PROCESS_TO_KYNURENINE		unmapped
GOBP_MACROAUTOPHAGY	GO:0016236	autophagy
GOBP_MACROMOLECULE_CATABOLIC_PROCESS	GO:0009057	unmapped
GOBP_MACROMOLECULE_DEACYLATION	GO:0098732	unmapped
GOBP_MACROMOLECULE_DEPALMITOYLATION	GO:0098734	unmapped
GOBP_MACROMOLECULE_METHYLATION	GO:0043414	unmapped
GOBP_MACROPHAGE_ACTIVATION	GO:0042116	immune system process
GOBP_MACROPHAGE_ACTIVATION_INVOLVED_IN_IMMUNE_RESPONSE	GO:0002281	immune system process
GOBP_MACROPHAGE_APOPTOTIC_PROCESS	GO:0071888	programmed cell death
GOBP_MACROPHAGE_CHEMOTAXIS	GO:0048246	cell motility
GOBP_MACROPHAGE_COLONY_STIMULATING_FACTOR_PRODUCTION	GO:0036301	unmapped
GOBP_MACROPHAGE_COLONY_STIMULATING_FACTOR_SIGNALING_PATHWAY	GO:0038145	signaling
GOBP_MACROPHAGE_CYTOKINE_PRODUCTION	GO:0010934	immune system process
GOBP_MACROPHAGE_DIFFERENTIATION	GO:0030225	cell differentiation
GOBP_MACROPHAGE_FUSION	GO:0034238	unmapped
GOBP_MACROPHAGE_INFLAMMATORY_PROTEIN_1_ALPHA_PRODUCTION	GO:0071608	unmapped
GOBP_MACROPHAGE_MIGRATION	GO:1905517	cell motility
GOBP_MACROPHAGE_PROLIFERATION	GO:0061517	unmapped
GOBP_MACROPINOCYTOSIS	GO:0044351	vesicle-mediated transport
GOBP_MAGNESIUM_ION_HOMEOSTASIS	GO:0010960	unmapped
GOBP_MAGNESIUM_ION_TRANSPORT	GO:0015693	unmapped
GOBP_MAINTENANCE_OF_ANIMAL_ORGAN_IDENTITY	GO:0048496	cell differentiation
GOBP_MAINTENANCE_OF_APICAL_BASAL_CELL_POLARITY	GO:0035090	establishment or maintenance of cell polarity
GOBP_MAINTENANCE_OF_BLOOD_BRAIN_BARRIER	GO:0035633	unmapped
GOBP_MAINTENANCE_OF_CELL_NUMBER	GO:0098727	unmapped
GOBP_MAINTENANCE_OF_CELL_POLARITY	GO:0030011	establishment or maintenance of cell polarity
GOBP_MAINTENANCE_OF_CENTROSOME_LOCATION	GO:0051661	unmapped
GOBP_MAINTENANCE_OF_DNA_REPEAT_ELEMENTS	GO:0043570	unmapped
GOBP_MAINTENANCE_OF_GASTROINTESTINAL_EPITHELIUM	GO:0030277	digestive system process
GOBP_MAINTENANCE_OF_LENS_TRANSPARENCY	GO:0036438	unmapped
GOBP_MAINTENANCE_OF_LOCATION	GO:0051235	unmapped
GOBP_MAINTENANCE_OF_ORGANELLE_LOCATION	GO:0051657	unmapped
GOBP_MAINTENANCE_OF_POSTSYNAPTIC_DENSITY_STRUCTURE	GO:0099562	cell junction organization
GOBP_MAINTENANCE_OF_POSTSYNAPTIC_SPECIALIZATION_STRUCTURE	GO:0098880	cell junction organization
GOBP_MAINTENANCE_OF_PRESYNAPTIC_ACTIVE_ZONE_STRUCTURE	GO:0048790	cell junction organization
GOBP_MAINTENANCE_OF_PROTEIN_LOCALIZATION_IN_ENDOPLASMIC_RETICULUM	GO:0035437	unmapped
GOBP_MAINTENANCE_OF_PROTEIN_LOCALIZATION_IN_ORGANELLE	GO:0072595	unmapped
GOBP_MAINTENANCE_OF_PROTEIN_LOCATION	GO:0045185	unmapped
GOBP_MAINTENANCE_OF_PROTEIN_LOCATION_IN_EXTRACELLULAR_REGION	GO:0071694	unmapped
GOBP_MAINTENANCE_OF_PROTEIN_LOCATION_IN_MITOCHONDRION	GO:0072656	unmapped
GOBP_MAINTENANCE_OF_PROTEIN_LOCATION_IN_NUCLEUS	GO:0051457	unmapped
GOBP_MAINTENANCE_OF_SISTER_CHROMATID_COHESION	GO:0034086	unmapped
GOBP_MAINTENANCE_OF_SYNAPSE_STRUCTURE	GO:0099558	cell junction organization
GOBP_MALATE_ASPARTATE_SHUTTLE	GO:0043490	nucleobase-containing small molecule metabolic process
GOBP_MALATE_METABOLIC_PROCESS	GO:0006108	unmapped
GOBP_MALE_GAMETE_GENERATION	GO:0048232	reproductive process
GOBP_MALE_GENITALIA_DEVELOPMENT	GO:0030539	anatomical structure development
GOBP_MALE_MATING_BEHAVIOR	GO:0060179	reproductive process
GOBP_MALE_MEIOSIS_I	GO:0007141	meiotic nuclear division
GOBP_MALE_MEIOTIC_NUCLEAR_DIVISION	GO:0007140	meiotic nuclear division
GOBP_MALE_SEX_DETERMINATION	GO:0030238	anatomical structure development
GOBP_MALE_SEX_DIFFERENTIATION	GO:0046661	anatomical structure development
GOBP_MALONYL_COA_METABOLIC_PROCESS	GO:2001293	nucleobase-containing small molecule metabolic process
GOBP_MAMMALIAN_OOGENESIS_STAGE	GO:0022605	cell differentiation
GOBP_MAMMARY_GLAND_ALVEOLUS_DEVELOPMENT	GO:0060749	anatomical structure development
GOBP_MAMMARY_GLAND_BRANCHING_INVOLVED_IN_PREGNANCY	GO:0060745	anatomical structure development
GOBP_MAMMARY_GLAND_DEVELOPMENT	GO:0030879	anatomical structure development
GOBP_MAMMARY_GLAND_DUCT_MORPHOGENESIS	GO:0060603	anatomical structure development
GOBP_MAMMARY_GLAND_EPITHELIAL_CELL_DIFFERENTIATION	GO:0060644	cell differentiation
GOBP_MAMMARY_GLAND_EPITHELIAL_CELL_PROLIFERATION	GO:0033598	anatomical structure development
GOBP_MAMMARY_GLAND_EPITHELIUM_DEVELOPMENT	GO:0061180	anatomical structure development
GOBP_MAMMARY_GLAND_FORMATION	GO:0060592	anatomical structure development
GOBP_MAMMARY_GLAND_INVOLUTION	GO:0060056	anatomical structure development
GOBP_MAMMARY_GLAND_MORPHOGENESIS	GO:0060443	anatomical structure development
GOBP_MANCHETTE_ASSEMBLY	GO:1905198	cell differentiation
GOBP_MANGANESE_ION_TRANSMEMBRANE_TRANSPORT	GO:0071421	transmembrane transport
GOBP_MANGANESE_ION_TRANSPORT	GO:0006828	unmapped
GOBP_MANNOSE_METABOLIC_PROCESS	GO:0006013	carbohydrate metabolic process
GOBP_MANNOSYLATION		unmapped
GOBP_MAPK_CASCADE	GO:0000165	signaling
GOBP_MARGINAL_ZONE_B_CELL_DIFFERENTIATION	GO:0002315	cell differentiation
GOBP_MAST_CELL_ACTIVATION	GO:0045576	immune system process
GOBP_MAST_CELL_ACTIVATION_INVOLVED_IN_IMMUNE_RESPONSE	GO:0002279	immune system process
GOBP_MAST_CELL_CHEMOTAXIS	GO:0002551	cell motility
GOBP_MAST_CELL_CYTOKINE_PRODUCTION	GO:0032762	immune system process
GOBP_MAST_CELL_DIFFERENTIATION	GO:0060374	cell differentiation
GOBP_MAST_CELL_HOMEOSTASIS	GO:0033023	immune system process
GOBP_MAST_CELL_MIGRATION	GO:0097531	cell motility
GOBP_MAST_CELL_PROLIFERATION	GO:0070662	unmapped
GOBP_MATERNAL_PLACENTA_DEVELOPMENT	GO:0001893	anatomical structure development
GOBP_MATERNAL_PROCESS_INVOLVED_IN_FEMALE_PREGNANCY	GO:0060135	reproductive process
GOBP_MATERNAL_PROCESS_INVOLVED_IN_PARTURITION	GO:0060137	reproductive process
GOBP_MATERNAL_TO_ZYGOTIC_TRANSITION_OF_GENE_EXPRESSION	GO:0160021	unmapped
GOBP_MATING_BEHAVIOR	GO:0007617	reproductive process
GOBP_MATURATION_OF_5_8S_RRNA	GO:0000460	ribosome biogenesis
GOBP_MATURATION_OF_5_8S_RRNA_FROM_TRICISTRONIC_RRNA_TRANSCRIPT_SSU_RRNA_5_8S_RRNA_LSU_RRNA	GO:0000466	ribosome biogenesis
GOBP_MATURATION_OF_LSU_RRNA	GO:0000470	ribosome biogenesis
GOBP_MATURATION_OF_LSU_RRNA_FROM_TRICISTRONIC_RRNA_TRANSCRIPT_SSU_RRNA_5_8S_RRNA_LSU_RRNA	GO:0000463	ribosome biogenesis
GOBP_MATURATION_OF_SSU_RRNA	GO:0030490	ribosome biogenesis
GOBP_MATURATION_OF_SSU_RRNA_FROM_TRICISTRONIC_RRNA_TRANSCRIPT_SSU_RRNA_5_8S_RRNA_LSU_RRNA	GO:0000462	ribosome biogenesis
GOBP_MATURE_B_CELL_DIFFERENTIATION	GO:0002335	cell differentiation
GOBP_MATURE_CONVENTIONAL_DENDRITIC_CELL_DIFFERENTIATION	GO:0097029	cell differentiation
GOBP_MDA_5_SIGNALING_PATHWAY	GO:0039530	defense response to other organism
GOBP_MECHANORECEPTOR_DIFFERENTIATION	GO:0042490	cell differentiation
GOBP_MECHANOSENSORY_BEHAVIOR	GO:0007638	unmapped
GOBP_MEDIUM_CHAIN_FATTY_ACID_BIOSYNTHETIC_PROCESS	GO:0051792	lipid metabolic process
GOBP_MEDIUM_CHAIN_FATTY_ACID_CATABOLIC_PROCESS	GO:0051793	lipid metabolic process
GOBP_MEDIUM_CHAIN_FATTY_ACID_METABOLIC_PROCESS	GO:0051791	lipid metabolic process
GOBP_MEDIUM_CHAIN_FATTY_ACYL_COA_METABOLIC_PROCESS	GO:0036112	nucleobase-containing small molecule metabolic process
GOBP_MEGAKARYOCYTE_DEVELOPMENT	GO:0035855	cell differentiation
GOBP_MEGAKARYOCYTE_DIFFERENTIATION	GO:0030219	cell differentiation
GOBP_MEIOSIS_I_CELL_CYCLE_PROCESS	GO:0061982	reproductive process
GOBP_MEIOTIC_ATTACHMENT_OF_TELOMERE_TO_NUCLEAR_ENVELOPE	GO:0070197	meiotic nuclear division
GOBP_MEIOTIC_CELL_CYCLE	GO:0051321	reproductive process
GOBP_MEIOTIC_CELL_CYCLE_CHECKPOINT_SIGNALING	GO:0033313	signaling
GOBP_MEIOTIC_CELL_CYCLE_PHASE_TRANSITION	GO:0044771	reproductive process
GOBP_MEIOTIC_CELL_CYCLE_PROCESS	GO:1903046	reproductive process
GOBP_MEIOTIC_CELL_CYCLE_PROCESS_INVOLVED_IN_OOCYTE_MATURATION	GO:1903537	cell differentiation
GOBP_MEIOTIC_CHROMOSOME_CONDENSATION	GO:0010032	reproductive process
GOBP_MEIOTIC_CHROMOSOME_SEGREGATION	GO:0045132	meiotic nuclear division
GOBP_MEIOTIC_CHROMOSOME_SEPARATION	GO:0051307	meiotic nuclear division
GOBP_MEIOTIC_CYTOKINESIS	GO:0033206	cytokinesis
GOBP_MEIOTIC_DNA_DOUBLE_STRAND_BREAK_FORMATION	GO:0042138	reproductive process
GOBP_MEIOTIC_METAPHASE_CHROMOSOME_ALIGNMENT	GO:0051311	meiotic nuclear division
GOBP_MEIOTIC_SISTER_CHROMATID_COHESION	GO:0051177	unmapped
GOBP_MEIOTIC_SISTER_CHROMATID_COHESION_CENTROMERIC	GO:0051754	unmapped
GOBP_MEIOTIC_SPINDLE_ASSEMBLY	GO:0090306	meiotic nuclear division
GOBP_MEIOTIC_SPINDLE_ORGANIZATION	GO:0000212	cytoskeleton organization
GOBP_MELANOCYTE_DIFFERENTIATION	GO:0030318	cell differentiation
GOBP_MELANOCYTE_PROLIFERATION	GO:0097325	unmapped
GOBP_MELANOSOME_ASSEMBLY	GO:1903232	unmapped
GOBP_MEMBRANELESS_ORGANELLE_ASSEMBLY	GO:0140694	unmapped
GOBP_MEMBRANE_BIOGENESIS	GO:0044091	unmapped
GOBP_MEMBRANE_DEPOLARIZATION	GO:0051899	unmapped
GOBP_MEMBRANE_DEPOLARIZATION_DURING_ACTION_POTENTIAL	GO:0086010	unmapped
GOBP_MEMBRANE_DEPOLARIZATION_DURING_AV_NODE_CELL_ACTION_POTENTIAL	GO:0086045	circulatory system process
GOBP_MEMBRANE_DEPOLARIZATION_DURING_CARDIAC_MUSCLE_CELL_ACTION_POTENTIAL	GO:0086012	unmapped
GOBP_MEMBRANE_DEPOLARIZATION_DURING_SA_NODE_CELL_ACTION_POTENTIAL	GO:0086046	circulatory system process
GOBP_MEMBRANE_DISASSEMBLY	GO:0030397	membrane organization
GOBP_MEMBRANE_DOCKING	GO:0022406	unmapped
GOBP_MEMBRANE_FISSION	GO:0090148	membrane organization
GOBP_MEMBRANE_FUSION	GO:0061025	membrane organization
GOBP_MEMBRANE_HYPERPOLARIZATION	GO:0060081	unmapped
GOBP_MEMBRANE_INVAGINATION	GO:0010324	membrane organization
GOBP_MEMBRANE_LIPID_BIOSYNTHETIC_PROCESS		unmapped
GOBP_MEMBRANE_LIPID_CATABOLIC_PROCESS		unmapped
GOBP_MEMBRANE_LIPID_METABOLIC_PROCESS		unmapped
GOBP_MEMBRANE_ORGANIZATION	GO:0061024	membrane organization
GOBP_MEMBRANE_PROTEIN_ECTODOMAIN_PROTEOLYSIS	GO:0006509	unmapped
GOBP_MEMBRANE_PROTEIN_INTRACELLULAR_DOMAIN_PROTEOLYSIS	GO:0031293	unmapped
GOBP_MEMBRANE_PROTEIN_PROTEOLYSIS	GO:0033619	unmapped
GOBP_MEMBRANE_RAFT_ASSEMBLY	GO:0001765	membrane organization
GOBP_MEMBRANE_RAFT_LOCALIZATION	GO:0051665	unmapped
GOBP_MEMBRANE_RAFT_ORGANIZATION	GO:0031579	membrane organization
GOBP_MEMBRANE_REPOLARIZATION	GO:0086009	unmapped
GOBP_MEMBRANE_REPOLARIZATION_DURING_ACTION_POTENTIAL	GO:0086011	unmapped
GOBP_MEMBRANE_REPOLARIZATION_DURING_ATRIAL_CARDIAC_MUSCLE_CELL_ACTION_POTENTIAL	GO:0098914	muscle system process
GOBP_MEMBRANE_REPOLARIZATION_DURING_VENTRICULAR_CARDIAC_MUSCLE_CELL_ACTION_POTENTIAL	GO:0098915	muscle system process
GOBP_MEMBRANE_TO_MEMBRANE_DOCKING	GO:0022614	unmapped
GOBP_MEMBRANE_TUBULATION	GO:0097749	membrane organization
GOBP_MEMBRANOUS_SEPTUM_MORPHOGENESIS	GO:0003149	anatomical structure development
GOBP_MEMORY	GO:0007613	nervous system process
GOBP_MENAQUINONE_CATABOLIC_PROCESS	GO:0042361	unmapped
GOBP_MESANGIAL_CELL_DEVELOPMENT	GO:0072143	cell differentiation
GOBP_MESANGIAL_CELL_DIFFERENTIATION	GO:0072007	cell differentiation
GOBP_MESENCHYMAL_CELL_APOPTOTIC_PROCESS	GO:0097152	programmed cell death
GOBP_MESENCHYMAL_CELL_DEVELOPMENT	GO:0014031	cell differentiation
GOBP_MESENCHYMAL_CELL_DIFFERENTIATION	GO:0048762	cell differentiation
GOBP_MESENCHYMAL_CELL_DIFFERENTIATION_INVOLVED_IN_KIDNEY_DEVELOPMENT	GO:0072161	cell differentiation
GOBP_MESENCHYMAL_CELL_MIGRATION	GO:0090497	cell motility
GOBP_MESENCHYMAL_CELL_PROLIFERATION	GO:0010463	unmapped
GOBP_MESENCHYMAL_CELL_PROLIFERATION_INVOLVED_IN_LUNG_DEVELOPMENT	GO:0060916	anatomical structure development
GOBP_MESENCHYMAL_EPITHELIAL_CELL_SIGNALING	GO:0060638	signaling
GOBP_MESENCHYMAL_STEM_CELL_DIFFERENTIATION	GO:0072497	cell differentiation
GOBP_MESENCHYMAL_STEM_CELL_MAINTENANCE_INVOLVED_IN_NEPHRON_MORPHOGENESIS	GO:0072038	anatomical structure development
GOBP_MESENCHYMAL_STEM_CELL_PROLIFERATION	GO:0097168	unmapped
GOBP_MESENCHYMAL_TO_EPITHELIAL_TRANSITION	GO:0060231	cell differentiation
GOBP_MESENCHYMAL_TO_EPITHELIAL_TRANSITION_INVOLVED_IN_METANEPHROS_MORPHOGENESIS	GO:0003337	cell differentiation
GOBP_MESENCHYME_DEVELOPMENT	GO:0060485	anatomical structure development
GOBP_MESENCHYME_MIGRATION	GO:0090131	anatomical structure development
GOBP_MESENCHYME_MORPHOGENESIS	GO:0072132	anatomical structure development
GOBP_MESENDODERM_DEVELOPMENT	GO:0048382	anatomical structure development
GOBP_MESODERMAL_CELL_DIFFERENTIATION	GO:0048333	cell differentiation
GOBP_MESODERMAL_CELL_FATE_COMMITMENT	GO:0001710	cell differentiation
GOBP_MESODERMAL_CELL_FATE_SPECIFICATION	GO:0007501	cell differentiation
GOBP_MESODERMAL_CELL_MIGRATION	GO:0008078	cell motility
GOBP_MESODERM_DEVELOPMENT	GO:0007498	anatomical structure development
GOBP_MESODERM_MORPHOGENESIS	GO:0048332	anatomical structure development
GOBP_MESONEPHRIC_DUCT_DEVELOPMENT	GO:0072177	anatomical structure development
GOBP_MESONEPHRIC_TUBULE_FORMATION	GO:0072172	anatomical structure development
GOBP_MESONEPHRIC_TUBULE_MORPHOGENESIS	GO:0072171	anatomical structure development
GOBP_MESONEPHROS_DEVELOPMENT	GO:0001823	anatomical structure development
GOBP_METABOLIC_COMPOUND_SALVAGE	GO:0043094	unmapped
GOBP_METALLO_SULFUR_CLUSTER_ASSEMBLY	GO:0031163	unmapped
GOBP_METAL_ION_TRANSPORT	GO:0030001	unmapped
GOBP_METANEPHRIC_COLLECTING_DUCT_DEVELOPMENT	GO:0072205	anatomical structure development
GOBP_METANEPHRIC_DISTAL_TUBULE_DEVELOPMENT	GO:0072235	anatomical structure development
GOBP_METANEPHRIC_EPITHELIUM_DEVELOPMENT	GO:0072207	anatomical structure development
GOBP_METANEPHRIC_GLOMERULAR_MESANGIUM_DEVELOPMENT	GO:0072223	anatomical structure development
GOBP_METANEPHRIC_GLOMERULUS_DEVELOPMENT	GO:0072224	anatomical structure development
GOBP_METANEPHRIC_GLOMERULUS_VASCULATURE_DEVELOPMENT	GO:0072239	anatomical structure development
GOBP_METANEPHRIC_LOOP_OF_HENLE_DEVELOPMENT	GO:0072236	anatomical structure development
GOBP_METANEPHRIC_MESENCHYMAL_CELL_DIFFERENTIATION	GO:0072162	cell differentiation
GOBP_METANEPHRIC_MESENCHYME_DEVELOPMENT	GO:0072075	anatomical structure development
GOBP_METANEPHRIC_NEPHRON_DEVELOPMENT	GO:0072210	anatomical structure development
GOBP_METANEPHRIC_NEPHRON_MORPHOGENESIS	GO:0072273	anatomical structure development
GOBP_METANEPHRIC_NEPHRON_TUBULE_EPITHELIAL_CELL_DIFFERENTIATION	GO:0072257	cell differentiation
GOBP_METANEPHRIC_NEPHRON_TUBULE_MORPHOGENESIS	GO:0072282	anatomical structure development
GOBP_METANEPHRIC_PART_OF_URETERIC_BUD_DEVELOPMENT	GO:0035502	anatomical structure development
GOBP_METANEPHRIC_PROXIMAL_TUBULE_DEVELOPMENT	GO:0072237	anatomical structure development
GOBP_METANEPHRIC_RENAL_VESICLE_MORPHOGENESIS	GO:0072283	anatomical structure development
GOBP_METANEPHRIC_S_SHAPED_BODY_MORPHOGENESIS	GO:0072284	anatomical structure development
GOBP_METANEPHRIC_TUBULE_DEVELOPMENT	GO:0072170	anatomical structure development
GOBP_METANEPHRIC_TUBULE_FORMATION	GO:0072174	anatomical structure development
GOBP_METANEPHRIC_TUBULE_MORPHOGENESIS	GO:0072173	anatomical structure development
GOBP_METANEPHROS_DEVELOPMENT	GO:0001656	anatomical structure development
GOBP_METANEPHROS_MORPHOGENESIS	GO:0003338	anatomical structure development
GOBP_METAPHASE_ANAPHASE_TRANSITION_OF_MEIOTIC_CELL_CYCLE	GO:0044785	chromosome segregation
GOBP_METAPHASE_CHROMOSOME_ALIGNMENT	GO:0051310	chromosome segregation
GOBP_METENCEPHALON_DEVELOPMENT	GO:0022037	anatomical structure development
GOBP_METHIONINE_BIOSYNTHETIC_PROCESS		unmapped
GOBP_METHIONINE_METABOLIC_PROCESS		unmapped
GOBP_METHYLATION	GO:0032259	unmapped
GOBP_METHYLGLYOXAL_METABOLIC_PROCESS	GO:0009438	unmapped
GOBP_MHC_CLASS_II_BIOSYNTHETIC_PROCESS	GO:0045342	unmapped
GOBP_MHC_CLASS_I_BIOSYNTHETIC_PROCESS	GO:0045341	unmapped
GOBP_MICROAUTOPHAGY	GO:0016237	autophagy
GOBP_MICROGLIAL_CELL_ACTIVATION_INVOLVED_IN_IMMUNE_RESPONSE	GO:0002282	inflammatory response
GOBP_MICROGLIAL_CELL_MEDIATED_CYTOTOXICITY	GO:0090634	immune system process
GOBP_MICROGLIAL_CELL_MIGRATION	GO:1904124	cell differentiation
GOBP_MICROGLIAL_CELL_PROLIFERATION	GO:0061518	cell differentiation
GOBP_MICROGLIA_DIFFERENTIATION	GO:0014004	cell differentiation
GOBP_MICROTUBULE_ANCHORING	GO:0034453	cytoskeleton organization
GOBP_MICROTUBULE_ANCHORING_AT_MICROTUBULE_ORGANIZING_CENTER	GO:0072393	cytoskeleton organization
GOBP_MICROTUBULE_BASED_MOVEMENT	GO:0007018	microtubule-based movement
GOBP_MICROTUBULE_BASED_PROCESS	GO:0007017	unmapped
GOBP_MICROTUBULE_BASED_PROTEIN_TRANSPORT	GO:0099118	unmapped
GOBP_MICROTUBULE_BASED_TRANSPORT	GO:0099111	unmapped
GOBP_MICROTUBULE_BUNDLE_FORMATION	GO:0001578	cytoskeleton organization
GOBP_MICROTUBULE_CYTOSKELETON_ORGANIZATION	GO:0000226	cytoskeleton organization
GOBP_MICROTUBULE_CYTOSKELETON_ORGANIZATION_INVOLVED_IN_MITOSIS	GO:1902850	cytoskeleton organization
GOBP_MICROTUBULE_DEPOLYMERIZATION	GO:0007019	cytoskeleton organization
GOBP_MICROTUBULE_NUCLEATION	GO:0007020	cytoskeleton organization
GOBP_MICROTUBULE_NUCLEATION_BY_MICROTUBULE_ORGANIZING_CENTER	GO:0051418	cytoskeleton organization
GOBP_MICROTUBULE_ORGANIZING_CENTER_LOCALIZATION	GO:0061842	unmapped
GOBP_MICROTUBULE_ORGANIZING_CENTER_ORGANIZATION	GO:0031023	cytoskeleton organization
GOBP_MICROTUBULE_POLYMERIZATION	GO:0046785	cytoskeleton organization
GOBP_MICROTUBULE_POLYMERIZATION_OR_DEPOLYMERIZATION	GO:0031109	cytoskeleton organization
GOBP_MICROTUBULE_SEVERING	GO:0051013	cytoskeleton organization
GOBP_MICROVILLUS_ASSEMBLY	GO:0030033	unmapped
GOBP_MICROVILLUS_ORGANIZATION	GO:0032528	unmapped
GOBP_MICTURITION	GO:0060073	renal system process
GOBP_MIDBODY_ABSCISSION	GO:0061952	membrane organization
GOBP_MIDBRAIN_DEVELOPMENT	GO:0030901	anatomical structure development
GOBP_MIDBRAIN_DOPAMINERGIC_NEURON_DIFFERENTIATION	GO:1904948	cell differentiation
GOBP_MIDBRAIN_HINDBRAIN_BOUNDARY_DEVELOPMENT	GO:0030917	anatomical structure development
GOBP_MIDDLE_EAR_MORPHOGENESIS	GO:0042474	anatomical structure development
GOBP_MIDGUT_DEVELOPMENT	GO:0007494	anatomical structure development
GOBP_MIGRACYTOSIS	GO:0140495	unmapped
GOBP_MINERALOCORTICOID_BIOSYNTHETIC_PROCESS	GO:0006705	lipid metabolic process
GOBP_MINERALOCORTICOID_METABOLIC_PROCESS	GO:0008212	lipid metabolic process
GOBP_MIRNA_CATABOLIC_PROCESS	GO:0010587	unmapped
GOBP_MIRNA_MEDIATED_GENE_SILENCING_BY_INHIBITION_OF_TRANSLATION	GO:0035278	regulatory ncRNA-mediated gene silencing
GOBP_MIRNA_MEDIATED_GENE_SILENCING_BY_MRNA_DESTABILIZATION	GO:0035279	regulatory ncRNA-mediated gene silencing
GOBP_MIRNA_METABOLIC_PROCESS	GO:0010586	unmapped
GOBP_MIRNA_PROCESSING	GO:0035196	regulatory ncRNA-mediated gene silencing
GOBP_MIRNA_TRANSCRIPTION	GO:0061614	DNA-templated transcription
GOBP_MISMATCH_REPAIR	GO:0006298	DNA repair
GOBP_MITOCHONDRIAL_ADP_TRANSMEMBRANE_TRANSPORT	GO:0140021	transmembrane transport
GOBP_MITOCHONDRIAL_ATP_TRANSMEMBRANE_TRANSPORT	GO:1990544	transmembrane transport
GOBP_MITOCHONDRIAL_CALCIUM_ION_HOMEOSTASIS	GO:0051560	unmapped
GOBP_MITOCHONDRIAL_CALCIUM_ION_TRANSMEMBRANE_TRANSPORT	GO:0006851	transmembrane transport
GOBP_MITOCHONDRIAL_DEPOLARIZATION	GO:0051882	unmapped
GOBP_MITOCHONDRIAL_DNA_METABOLIC_PROCESS	GO:0032042	unmapped
GOBP_MITOCHONDRIAL_DNA_REPAIR	GO:0043504	DNA repair
GOBP_MITOCHONDRIAL_DNA_REPLICATION	GO:0006264	DNA replication
GOBP_MITOCHONDRIAL_ELECTRON_TRANSPORT_CYTOCHROME_C_TO_OXYGEN	GO:0006123	generation of precursor metabolites and energy
GOBP_MITOCHONDRIAL_ELECTRON_TRANSPORT_NADH_TO_UBIQUINONE	GO:0006120	generation of precursor metabolites and energy
GOBP_MITOCHONDRIAL_ELECTRON_TRANSPORT_SUCCINATE_TO_UBIQUINONE	GO:0006121	generation of precursor metabolites and energy
GOBP_MITOCHONDRIAL_ELECTRON_TRANSPORT_UBIQUINOL_TO_CYTOCHROME_C	GO:0006122	generation of precursor metabolites and energy
GOBP_MITOCHONDRIAL_FISSION	GO:0000266	mitochondrion organization
GOBP_MITOCHONDRIAL_FRAGMENTATION_INVOLVED_IN_APOPTOTIC_PROCESS	GO:0043653	mitochondrion organization
GOBP_MITOCHONDRIAL_FUSION	GO:0008053	mitochondrion organization
GOBP_MITOCHONDRIAL_GENE_EXPRESSION	GO:0140053	mitochondrial gene expression
GOBP_MITOCHONDRIAL_GENOME_MAINTENANCE		unmapped
GOBP_MITOCHONDRIAL_LARGE_RIBOSOMAL_SUBUNIT_ASSEMBLY	GO:1902775	ribosome biogenesis
GOBP_MITOCHONDRIAL_MEMBRANE_ORGANIZATION	GO:0007006	mitochondrion organization
GOBP_MITOCHONDRIAL_OUTER_MEMBRANE_PERMEABILIZATION	GO:0097345	mitochondrion organization
GOBP_MITOCHONDRIAL_PROTEIN_CATABOLIC_PROCESS	GO:0035694	mitochondrion organization
GOBP_MITOCHONDRIAL_PROTEIN_PROCESSING	GO:0034982	protein maturation
GOBP_MITOCHONDRIAL_PROTON_TRANSPORTING_ATP_SYNTHASE_COMPLEX_ASSEMBLY	GO:0033615	mitochondrion organization
GOBP_MITOCHONDRIAL_RESPIRASOME_ASSEMBLY	GO:0097250	mitochondrion organization
GOBP_MITOCHONDRIAL_RESPIRATORY_CHAIN_COMPLEX_ASSEMBLY	GO:0033108	mitochondrion organization
GOBP_MITOCHONDRIAL_RIBOSOME_ASSEMBLY	GO:0061668	ribosome biogenesis
GOBP_MITOCHONDRIAL_RNA_3_END_PROCESSING	GO:0000965	mitochondrial gene expression
GOBP_MITOCHONDRIAL_RNA_CATABOLIC_PROCESS	GO:0000957	unmapped
GOBP_MITOCHONDRIAL_RNA_METABOLIC_PROCESS	GO:0000959	unmapped
GOBP_MITOCHONDRIAL_RNA_MODIFICATION	GO:1900864	unmapped
GOBP_MITOCHONDRIAL_RNA_PROCESSING	GO:0000963	mitochondrial gene expression
GOBP_MITOCHONDRIAL_TRANSCRIPTION	GO:0006390	DNA-templated transcription
GOBP_MITOCHONDRIAL_TRANSLATION	GO:0032543	mitochondrial gene expression
GOBP_MITOCHONDRIAL_TRANSLATIONAL_ELONGATION	GO:0070125	mitochondrial gene expression
GOBP_MITOCHONDRIAL_TRANSMEMBRANE_TRANSPORT	GO:1990542	transmembrane transport
GOBP_MITOCHONDRIAL_TRANSPORT	GO:0006839	unmapped
GOBP_MITOCHONDRIAL_TRNA_PROCESSING	GO:0090646	tRNA metabolic process
GOBP_MITOCHONDRION_DISTRIBUTION	GO:0048311	unmapped
GOBP_MITOCHONDRION_ENDOPLASMIC_RETICULUM_MEMBRANE_TETHERING		unmapped
GOBP_MITOCHONDRION_LOCALIZATION	GO:0051646	unmapped
GOBP_MITOCHONDRION_ORGANIZATION	GO:0007005	mitochondrion organization
GOBP_MITOPHAGY	GO:0000423	autophagy
GOBP_MITOTIC_CELL_CYCLE	GO:0000278	mitotic cell cycle
GOBP_MITOTIC_CELL_CYCLE_CHECKPOINT_SIGNALING	GO:0007093	mitotic cell cycle
GOBP_MITOTIC_CELL_CYCLE_PHASE_TRANSITION	GO:0044772	mitotic cell cycle
GOBP_MITOTIC_CELL_CYCLE_PROCESS	GO:1903047	mitotic cell cycle
GOBP_MITOTIC_CHROMOSOME_CONDENSATION	GO:0007076	mitotic nuclear division
GOBP_MITOTIC_CYTOKINESIS	GO:0000281	mitotic cell cycle
GOBP_MITOTIC_CYTOKINETIC_PROCESS	GO:1902410	mitotic cell cycle
GOBP_MITOTIC_DNA_INTEGRITY_CHECKPOINT_SIGNALING	GO:0044774	mitotic cell cycle
GOBP_MITOTIC_DNA_REPLICATION	GO:1902969	DNA replication
GOBP_MITOTIC_DNA_REPLICATION_CHECKPOINT_SIGNALING	GO:0033314	mitotic cell cycle
GOBP_MITOTIC_G1_S_TRANSITION_CHECKPOINT_SIGNALING	GO:0044819	mitotic cell cycle
GOBP_MITOTIC_G2_DNA_DAMAGE_CHECKPOINT_SIGNALING	GO:0007095	mitotic cell cycle
GOBP_MITOTIC_G2_M_TRANSITION_CHECKPOINT	GO:0044818	mitotic cell cycle
GOBP_MITOTIC_INTRA_S_DNA_DAMAGE_CHECKPOINT_SIGNALING	GO:0031573	mitotic cell cycle
GOBP_MITOTIC_METAPHASE_CHROMOSOME_ALIGNMENT	GO:0007080	mitotic nuclear division
GOBP_MITOTIC_NUCLEAR_DIVISION	GO:0140014	mitotic nuclear division
GOBP_MITOTIC_NUCLEAR_MEMBRANE_DISASSEMBLY	GO:0007077	membrane organization
GOBP_MITOTIC_NUCLEAR_MEMBRANE_ORGANIZATION	GO:0101024	mitotic nuclear division
GOBP_MITOTIC_RECOMBINATION	GO:0006312	DNA recombination
GOBP_MITOTIC_SISTER_CHROMATID_COHESION	GO:0007064	unmapped
GOBP_MITOTIC_SISTER_CHROMATID_COHESION_CENTROMERIC	GO:0071962	unmapped
GOBP_MITOTIC_SISTER_CHROMATID_SEGREGATION	GO:0000070	mitotic nuclear division
GOBP_MITOTIC_SISTER_CHROMATID_SEPARATION	GO:0051306	mitotic nuclear division
GOBP_MITOTIC_SPINDLE_ASSEMBLY	GO:0090307	mitotic nuclear division
GOBP_MITOTIC_SPINDLE_ELONGATION	GO:0000022	mitotic nuclear division
GOBP_MITOTIC_SPINDLE_ORGANIZATION	GO:0007052	cytoskeleton organization
GOBP_MITRAL_VALVE_DEVELOPMENT	GO:0003174	anatomical structure development
GOBP_MODIFICATION_DEPENDENT_MACROMOLECULE_CATABOLIC_PROCESS	GO:0043632	unmapped
GOBP_MODIFICATION_OF_POSTSYNAPTIC_ACTIN_CYTOSKELETON	GO:0098885	cell junction organization
GOBP_MODIFICATION_OF_POSTSYNAPTIC_STRUCTURE	GO:0099010	cell junction organization
GOBP_MODIFICATION_OF_SYNAPTIC_STRUCTURE	GO:0099563	cell junction organization
GOBP_MODIFIED_AMINO_ACID_BIOSYNTHETIC_PROCESS	GO:0042398	modified amino acid metabolic process
GOBP_MODIFIED_AMINO_ACID_CATABOLIC_PROCESS	GO:0042219	modified amino acid metabolic process
GOBP_MODIFIED_AMINO_ACID_METABOLIC_PROCESS	GO:0006575	modified amino acid metabolic process
GOBP_MODIFIED_AMINO_ACID_TRANSPORT	GO:0072337	unmapped
GOBP_MODULATION_BY_HOST_OF_VIRAL_GENOME_REPLICATION		unmapped
GOBP_MODULATION_BY_HOST_OF_VIRAL_PROCESS		unmapped
GOBP_MODULATION_BY_HOST_OF_VIRAL_RNA_GENOME_REPLICATION		unmapped
GOBP_MODULATION_BY_SYMBIONT_OF_ENTRY_INTO_HOST	GO:0052372	unmapped
GOBP_MODULATION_OF_EXCITATORY_POSTSYNAPTIC_POTENTIAL	GO:0098815	signaling
GOBP_MODULATION_OF_INHIBITORY_POSTSYNAPTIC_POTENTIAL	GO:0098828	signaling
GOBP_MODULATION_OF_MICROTUBULE_CYTOSKELETON_INVOLVED_IN_CEREBRAL_CORTEX_RADIAL_GLIA_GUIDED_MIGRATION	GO:0021815	cytoskeleton organization
GOBP_MODULATION_OF_PROCESS_OF_ANOTHER_ORGANISM	GO:0035821	unmapped
GOBP_MOLTING_CYCLE	GO:0042303	unmapped
GOBP_MOLTING_CYCLE_PROCESS	GO:0022404	unmapped
GOBP_MONOACYLGLYCEROL_BIOSYNTHETIC_PROCESS	GO:0006640	lipid metabolic process
GOBP_MONOACYLGLYCEROL_CATABOLIC_PROCESS	GO:0052651	lipid metabolic process
GOBP_MONOACYLGLYCEROL_METABOLIC_PROCESS	GO:0046462	lipid metabolic process
GOBP_MONOAMINE_TRANSPORT		unmapped
GOBP_MONOATOMIC_ANION_HOMEOSTASIS	GO:0055081	unmapped
GOBP_MONOATOMIC_ANION_TRANSPORT	GO:0006820	unmapped
GOBP_MONOATOMIC_CATION_TRANSMEMBRANE_TRANSPORT	GO:0098655	transmembrane transport
GOBP_MONOATOMIC_CATION_TRANSPORT	GO:0006812	unmapped
GOBP_MONOATOMIC_ION_HOMEOSTASIS	GO:0050801	unmapped
GOBP_MONOATOMIC_ION_TRANSMEMBRANE_TRANSPORT	GO:0034220	transmembrane transport
GOBP_MONOATOMIC_ION_TRANSPORT	GO:0006811	unmapped
GOBP_MONOCARBOXYLIC_ACID_BIOSYNTHETIC_PROCESS	GO:0072330	unmapped
GOBP_MONOCARBOXYLIC_ACID_CATABOLIC_PROCESS	GO:0072329	unmapped
GOBP_MONOCARBOXYLIC_ACID_METABOLIC_PROCESS	GO:0032787	unmapped
GOBP_MONOCARBOXYLIC_ACID_TRANSPORT	GO:0015718	unmapped
GOBP_MONOCYTE_ACTIVATION	GO:0042117	immune system process
GOBP_MONOCYTE_AGGREGATION	GO:0070487	cell adhesion
GOBP_MONOCYTE_CHEMOTACTIC_PROTEIN_1_PRODUCTION	GO:0071605	unmapped
GOBP_MONOCYTE_CHEMOTAXIS	GO:0002548	cell motility
GOBP_MONOCYTE_DIFFERENTIATION	GO:0030224	cell differentiation
GOBP_MONOCYTE_EXTRAVASATION	GO:0035696	cell motility
GOBP_MONONUCLEAR_CELL_DIFFERENTIATION	GO:1903131	cell differentiation
GOBP_MONONUCLEAR_CELL_MIGRATION	GO:0071674	cell motility
GOBP_MONOSACCHARIDE_BIOSYNTHETIC_PROCESS	GO:0046364	carbohydrate metabolic process
GOBP_MONOSACCHARIDE_CATABOLIC_PROCESS	GO:0046365	carbohydrate metabolic process
GOBP_MONOSACCHARIDE_METABOLIC_PROCESS	GO:0005996	carbohydrate metabolic process
GOBP_MONOSACCHARIDE_TRANSMEMBRANE_TRANSPORT	GO:0015749	transmembrane transport
GOBP_MONOTERPENOID_METABOLIC_PROCESS	GO:0016098	lipid metabolic process
GOBP_MONOUBIQUITINATED_PROTEIN_DEUBIQUITINATION	GO:0035520	unmapped
GOBP_MORPHOGENESIS_OF_AN_ENDOTHELIUM	GO:0003159	anatomical structure development
GOBP_MORPHOGENESIS_OF_AN_EPITHELIAL_BUD	GO:0060572	anatomical structure development
GOBP_MORPHOGENESIS_OF_AN_EPITHELIAL_FOLD	GO:0060571	anatomical structure development
GOBP_MORPHOGENESIS_OF_AN_EPITHELIAL_SHEET	GO:0002011	anatomical structure development
GOBP_MORPHOGENESIS_OF_AN_EPITHELIUM	GO:0002009	anatomical structure development
GOBP_MORPHOGENESIS_OF_A_BRANCHING_STRUCTURE	GO:0001763	anatomical structure development
GOBP_MORPHOGENESIS_OF_A_POLARIZED_EPITHELIUM	GO:0001738	anatomical structure development
GOBP_MORPHOGENESIS_OF_EMBRYONIC_EPITHELIUM	GO:0016331	anatomical structure development
GOBP_MOTILE_CILIUM_ASSEMBLY	GO:0044458	cilium organization
GOBP_MOTOR_BEHAVIOR	GO:0061744	unmapped
GOBP_MOTOR_LEARNING	GO:0061743	nervous system process
GOBP_MOTOR_NEURON_APOPTOTIC_PROCESS	GO:0097049	programmed cell death
GOBP_MOTOR_NEURON_AXON_GUIDANCE	GO:0008045	cell differentiation
GOBP_MOTOR_NEURON_MIGRATION	GO:0097475	cell differentiation
GOBP_MRNA_3_END_PROCESSING	GO:0031124	mRNA metabolic process
GOBP_MRNA_3_END_PROCESSING_BY_STEM_LOOP_BINDING_AND_CLEAVAGE	GO:0006398	mRNA metabolic process
GOBP_MRNA_3_SPLICE_SITE_RECOGNITION	GO:0000389	mRNA metabolic process
GOBP_MRNA_5_SPLICE_SITE_RECOGNITION	GO:0000395	mRNA metabolic process
GOBP_MRNA_CATABOLIC_PROCESS	GO:0006402	mRNA metabolic process
GOBP_MRNA_CIS_SPLICING_VIA_SPLICEOSOME	GO:0045292	mRNA metabolic process
GOBP_MRNA_EXPORT_FROM_NUCLEUS	GO:0006406	nucleocytoplasmic transport
GOBP_MRNA_METABOLIC_PROCESS	GO:0016071	mRNA metabolic process
GOBP_MRNA_MODIFICATION	GO:0016556	mRNA metabolic process
GOBP_MRNA_PROCESSING	GO:0006397	mRNA metabolic process
GOBP_MRNA_PSEUDOURIDINE_SYNTHESIS	GO:1990481	mRNA metabolic process
GOBP_MRNA_SPLICE_SITE_RECOGNITION	GO:0006376	mRNA metabolic process
GOBP_MRNA_TRANSCRIPTION	GO:0009299	DNA-templated transcription
GOBP_MRNA_TRANSPORT	GO:0051028	unmapped
GOBP_MUCOCILIARY_CLEARANCE	GO:0120197	respiratory system process
GOBP_MUCOSA_ASSOCIATED_LYMPHOID_TISSUE_DEVELOPMENT	GO:0048537	anatomical structure development
GOBP_MUCUS_SECRETION	GO:0070254	unmapped
GOBP_MULTICELLULAR_ORGANISMAL_LEVEL_CHEMICAL_HOMEOSTASIS	GO:0140962	unmapped
GOBP_MULTICELLULAR_ORGANISMAL_LEVEL_HOMEOSTASIS	GO:0048871	unmapped
GOBP_MULTICELLULAR_ORGANISMAL_LEVEL_IRON_ION_HOMEOSTASIS	GO:0060586	unmapped
GOBP_MULTICELLULAR_ORGANISMAL_LEVEL_WATER_HOMEOSTASIS	GO:0050891	unmapped
GOBP_MULTICELLULAR_ORGANISMAL_MOVEMENT	GO:0050879	unmapped
GOBP_MULTICELLULAR_ORGANISMAL_REPRODUCTIVE_PROCESS	GO:0048609	reproductive process
GOBP_MULTICELLULAR_ORGANISMAL_RESPONSE_TO_STRESS	GO:0033555	unmapped
GOBP_MULTICELLULAR_ORGANISM_GROWTH	GO:0035264	unmapped
GOBP_MULTINUCLEAR_OSTEOCLAST_DIFFERENTIATION	GO:0072674	cell differentiation
GOBP_MULTIVESICULAR_BODY_LYSOSOME_FUSION	GO:0061763	lysosome organization
GOBP_MULTIVESICULAR_BODY_ORGANIZATION	GO:0036257	unmapped
GOBP_MULTIVESICULAR_BODY_SORTING_PATHWAY	GO:0071985	vesicle-mediated transport
GOBP_MULTI_CILIATED_EPITHELIAL_CELL_DIFFERENTIATION	GO:1903251	cell differentiation
GOBP_MULTI_MULTICELLULAR_ORGANISM_PROCESS	GO:0044706	unmapped
GOBP_MULTI_PASS_TRANSMEMBRANE_PROTEIN_INSERTION_INTO_ER_MEMBRANE	GO:0160063	membrane organization
GOBP_MUSCLE_ADAPTATION	GO:0043500	muscle system process
GOBP_MUSCLE_ATROPHY	GO:0014889	muscle system process
GOBP_MUSCLE_CELL_APOPTOTIC_PROCESS	GO:0010657	programmed cell death
GOBP_MUSCLE_CELL_CELLULAR_HOMEOSTASIS	GO:0046716	unmapped
GOBP_MUSCLE_CELL_DEVELOPMENT	GO:0055001	cell differentiation
GOBP_MUSCLE_CELL_DIFFERENTIATION	GO:0042692	cell differentiation
GOBP_MUSCLE_CELL_FATE_COMMITMENT	GO:0042693	cell differentiation
GOBP_MUSCLE_CELL_MIGRATION	GO:0014812	cell motility
GOBP_MUSCLE_CELL_PROLIFERATION	GO:0033002	unmapped
GOBP_MUSCLE_CONTRACTION	GO:0006936	muscle system process
GOBP_MUSCLE_HYPERTROPHY	GO:0014896	muscle system process
GOBP_MUSCLE_HYPERTROPHY_IN_RESPONSE_TO_STRESS	GO:0003299	muscle system process
GOBP_MUSCLE_ORGAN_DEVELOPMENT	GO:0007517	anatomical structure development
GOBP_MUSCLE_ORGAN_MORPHOGENESIS	GO:0048644	anatomical structure development
GOBP_MUSCLE_STRUCTURE_DEVELOPMENT	GO:0061061	anatomical structure development
GOBP_MUSCLE_SYSTEM_PROCESS	GO:0003012	muscle system process
GOBP_MUSCLE_TISSUE_DEVELOPMENT	GO:0060537	anatomical structure development
GOBP_MUSCULAR_SEPTUM_MORPHOGENESIS	GO:0003150	anatomical structure development
GOBP_MYCOTOXIN_METABOLIC_PROCESS	GO:0043385	unmapped
GOBP_MYD88_DEPENDENT_TOLL_LIKE_RECEPTOR_SIGNALING_PATHWAY	GO:0002755	defense response to other organism
GOBP_MYD88_INDEPENDENT_TOLL_LIKE_RECEPTOR_SIGNALING_PATHWAY	GO:0002756	defense response to other organism
GOBP_MYELIN_ASSEMBLY	GO:0032288	anatomical structure development
GOBP_MYELIN_MAINTENANCE	GO:0043217	membrane organization
GOBP_MYELOID_CELL_ACTIVATION_INVOLVED_IN_IMMUNE_RESPONSE	GO:0002275	immune system process
GOBP_MYELOID_CELL_APOPTOTIC_PROCESS	GO:0033028	programmed cell death
GOBP_MYELOID_CELL_DEVELOPMENT	GO:0061515	cell differentiation
GOBP_MYELOID_CELL_DIFFERENTIATION	GO:0030099	cell differentiation
GOBP_MYELOID_CELL_HOMEOSTASIS	GO:0002262	immune system process
GOBP_MYELOID_DENDRITIC_CELL_ACTIVATION	GO:0001773	immune system process
GOBP_MYELOID_DENDRITIC_CELL_CHEMOTAXIS	GO:0002408	cell motility
GOBP_MYELOID_DENDRITIC_CELL_CYTOKINE_PRODUCTION	GO:0002372	immune system process
GOBP_MYELOID_DENDRITIC_CELL_DIFFERENTIATION	GO:0043011	cell differentiation
GOBP_MYELOID_LEUKOCYTE_ACTIVATION	GO:0002274	immune system process
GOBP_MYELOID_LEUKOCYTE_CYTOKINE_PRODUCTION	GO:0061082	immune system process
GOBP_MYELOID_LEUKOCYTE_DIFFERENTIATION	GO:0002573	cell differentiation
GOBP_MYELOID_LEUKOCYTE_MEDIATED_IMMUNITY	GO:0002444	immune system process
GOBP_MYELOID_LEUKOCYTE_MIGRATION	GO:0097529	cell motility
GOBP_MYELOID_PROGENITOR_CELL_DIFFERENTIATION	GO:0002318	cell differentiation
GOBP_MYOBLAST_DIFFERENTIATION	GO:0045445	cell differentiation
GOBP_MYOBLAST_FATE_COMMITMENT	GO:0048625	cell differentiation
GOBP_MYOBLAST_FUSION	GO:0007520	cell differentiation
GOBP_MYOBLAST_FUSION_INVOLVED_IN_SKELETAL_MUSCLE_REGENERATION	GO:0014905	cell differentiation
GOBP_MYOBLAST_MIGRATION	GO:0051451	cell motility
GOBP_MYOBLAST_PROLIFERATION	GO:0051450	unmapped
GOBP_MYOFIBRIL_ASSEMBLY	GO:0030239	cytoskeleton organization
GOBP_MYOFIBROBLAST_DIFFERENTIATION	GO:0036446	cell differentiation
GOBP_MYOSIN_FILAMENT_ORGANIZATION	GO:0031033	cytoskeleton organization
GOBP_MYOTUBE_CELL_DEVELOPMENT	GO:0014904	cell differentiation
GOBP_MYOTUBE_DIFFERENTIATION	GO:0014902	cell differentiation
GOBP_MYOTUBE_DIFFERENTIATION_INVOLVED_IN_SKELETAL_MUSCLE_REGENERATION	GO:0014908	cell differentiation
GOBP_NADH_DEHYDROGENASE_COMPLEX_ASSEMBLY	GO:0010257	protein-containing complex assembly
GOBP_NADH_METABOLIC_PROCESS		unmapped
GOBP_NADPH_REGENERATION	GO:0006740	nucleobase-containing small molecule metabolic process
GOBP_NADP_METABOLIC_PROCESS	GO:0006739	nucleobase-containing small molecule metabolic process
GOBP_NAD_BIOSYNTHETIC_PROCESS	GO:0009435	nucleobase-containing small molecule metabolic process
GOBP_NAD_METABOLIC_PROCESS	GO:0019674	nucleobase-containing small molecule metabolic process
GOBP_NAD_TRANSMEMBRANE_TRANSPORT	GO:0035352	transmembrane transport
GOBP_NAD_TRANSPORT	GO:0043132	unmapped
GOBP_NAIL_DEVELOPMENT	GO:0035878	anatomical structure development
GOBP_NATURAL_KILLER_CELL_ACTIVATION	GO:0030101	immune system process
GOBP_NATURAL_KILLER_CELL_ACTIVATION_INVOLVED_IN_IMMUNE_RESPONSE	GO:0002323	defense response to other organism
GOBP_NATURAL_KILLER_CELL_CHEMOTAXIS	GO:0035747	cell motility
GOBP_NATURAL_KILLER_CELL_CYTOKINE_PRODUCTION	GO:0002370	defense response to other organism
GOBP_NATURAL_KILLER_CELL_DEGRANULATION	GO:0043320	defense response to other organism
GOBP_NATURAL_KILLER_CELL_DIFFERENTIATION	GO:0001779	cell differentiation
GOBP_NATURAL_KILLER_CELL_MEDIATED_IMMUNE_RESPONSE_TO_TUMOR_CELL	GO:0002423	defense response to other organism
GOBP_NATURAL_KILLER_CELL_MEDIATED_IMMUNITY	GO:0002228	defense response to other organism
GOBP_NATURAL_KILLER_CELL_PROLIFERATION	GO:0001787	immune system process
GOBP_NECROPTOTIC_PROCESS	GO:0070266	programmed cell death
GOBP_NECROPTOTIC_SIGNALING_PATHWAY	GO:0097527	programmed cell death
GOBP_NEGATIVE_ADAPTATION_OF_SIGNALING_PATHWAY	GO:0022401	signaling
GOBP_NEGATIVE_CHEMOTAXIS	GO:0050919	unmapped
GOBP_NEGATIVE_REGULATION_BY_HOST_OF_VIRAL_GENOME_REPLICATION		unmapped
GOBP_NEGATIVE_REGULATION_BY_HOST_OF_VIRAL_PROCESS		unmapped
GOBP_NEGATIVE_REGULATION_BY_HOST_OF_VIRAL_TRANSCRIPTION		unmapped
GOBP_NEGATIVE_REGULATION_OF_ACTIN_FILAMENT_BUNDLE_ASSEMBLY	GO:0032232	cytoskeleton organization
GOBP_NEGATIVE_REGULATION_OF_ACTIN_FILAMENT_DEPOLYMERIZATION	GO:0030835	cytoskeleton organization
GOBP_NEGATIVE_REGULATION_OF_ACTIN_FILAMENT_POLYMERIZATION	GO:0030837	cytoskeleton organization
GOBP_NEGATIVE_REGULATION_OF_ACTIN_NUCLEATION	GO:0051126	cytoskeleton organization
GOBP_NEGATIVE_REGULATION_OF_ACTION_POTENTIAL	GO:0045759	unmapped
GOBP_NEGATIVE_REGULATION_OF_ACTIVATED_T_CELL_PROLIFERATION	GO:0046007	cell adhesion
GOBP_NEGATIVE_REGULATION_OF_ACTIVIN_RECEPTOR_SIGNALING_PATHWAY	GO:0032926	signaling
GOBP_NEGATIVE_REGULATION_OF_ACUTE_INFLAMMATORY_RESPONSE	GO:0002674	inflammatory response
GOBP_NEGATIVE_REGULATION_OF_ACUTE_INFLAMMATORY_RESPONSE_TO_ANTIGENIC_STIMULUS	GO:0002865	inflammatory response
GOBP_NEGATIVE_REGULATION_OF_ADAPTIVE_IMMUNE_RESPONSE	GO:0002820	immune system process
GOBP_NEGATIVE_REGULATION_OF_ADENYLATE_CYCLASE_ACTIVATING_ADRENERGIC_RECEPTOR_SIGNALING_PATHWAY	GO:0071878	signaling
GOBP_NEGATIVE_REGULATION_OF_ADENYLATE_CYCLASE_ACTIVATING_G_PROTEIN_COUPLED_RECEPTOR_SIGNALING_PATHWAY	GO:0106072	signaling
GOBP_NEGATIVE_REGULATION_OF_ADIPOSE_TISSUE_DEVELOPMENT	GO:1904178	anatomical structure development
GOBP_NEGATIVE_REGULATION_OF_ALCOHOL_BIOSYNTHETIC_PROCESS	GO:1902931	unmapped
GOBP_NEGATIVE_REGULATION_OF_ALPHA_BETA_T_CELL_ACTIVATION	GO:0046636	cell adhesion
GOBP_NEGATIVE_REGULATION_OF_ALPHA_BETA_T_CELL_DIFFERENTIATION	GO:0046639	cell differentiation
GOBP_NEGATIVE_REGULATION_OF_ALPHA_BETA_T_CELL_PROLIFERATION	GO:0046642	cell adhesion
GOBP_NEGATIVE_REGULATION_OF_AMIDE_METABOLIC_PROCESS		unmapped
GOBP_NEGATIVE_REGULATION_OF_AMINE_METABOLIC_PROCESS	GO:0033239	unmapped
GOBP_NEGATIVE_REGULATION_OF_AMINE_TRANSPORT	GO:0051953	unmapped
GOBP_NEGATIVE_REGULATION_OF_AMINO_ACID_TRANSPORT	GO:0051956	unmapped
GOBP_NEGATIVE_REGULATION_OF_AMYLOID_BETA_CLEARANCE	GO:1900222	unmapped
GOBP_NEGATIVE_REGULATION_OF_AMYLOID_FIBRIL_FORMATION	GO:1905907	unmapped
GOBP_NEGATIVE_REGULATION_OF_AMYLOID_PRECURSOR_PROTEIN_BIOSYNTHETIC_PROCESS	GO:0042985	glycoprotein biosynthetic process
GOBP_NEGATIVE_REGULATION_OF_AMYLOID_PRECURSOR_PROTEIN_CATABOLIC_PROCESS	GO:1902992	unmapped
GOBP_NEGATIVE_REGULATION_OF_ANDROGEN_RECEPTOR_SIGNALING_PATHWAY	GO:0060766	signaling
GOBP_NEGATIVE_REGULATION_OF_ANOIKIS	GO:2000811	programmed cell death
GOBP_NEGATIVE_REGULATION_OF_ANTIGEN_PROCESSING_AND_PRESENTATION	GO:0002578	immune system process
GOBP_NEGATIVE_REGULATION_OF_ANTIGEN_RECEPTOR_MEDIATED_SIGNALING_PATHWAY	GO:0050858	signaling
GOBP_NEGATIVE_REGULATION_OF_APOPTOTIC_PROCESS_INVOLVED_IN_DEVELOPMENT	GO:1904746	programmed cell death
GOBP_NEGATIVE_REGULATION_OF_APOPTOTIC_SIGNALING_PATHWAY	GO:2001234	programmed cell death
GOBP_NEGATIVE_REGULATION_OF_ARP2_3_COMPLEX_MEDIATED_ACTIN_NUCLEATION	GO:0034316	cytoskeleton organization
GOBP_NEGATIVE_REGULATION_OF_ASTROCYTE_ACTIVATION	GO:0061889	inflammatory response
GOBP_NEGATIVE_REGULATION_OF_ASTROCYTE_DIFFERENTIATION	GO:0048712	cell differentiation
GOBP_NEGATIVE_REGULATION_OF_ATP_DEPENDENT_ACTIVITY	GO:0032780	unmapped
GOBP_NEGATIVE_REGULATION_OF_AUTOPHAGOSOME_ASSEMBLY	GO:1902902	autophagy
GOBP_NEGATIVE_REGULATION_OF_AUTOPHAGOSOME_MATURATION	GO:1901097	autophagy
GOBP_NEGATIVE_REGULATION_OF_AUTOPHAGY	GO:0010507	autophagy
GOBP_NEGATIVE_REGULATION_OF_AUTOPHAGY_OF_MITOCHONDRION	GO:1903147	autophagy
GOBP_NEGATIVE_REGULATION_OF_AXONOGENESIS	GO:0050771	cell differentiation
GOBP_NEGATIVE_REGULATION_OF_AXON_EXTENSION	GO:0030517	cell differentiation
GOBP_NEGATIVE_REGULATION_OF_AXON_EXTENSION_INVOLVED_IN_AXON_GUIDANCE	GO:0048843	cell differentiation
GOBP_NEGATIVE_REGULATION_OF_BEHAVIOR	GO:0048521	unmapped
GOBP_NEGATIVE_REGULATION_OF_BICELLULAR_TIGHT_JUNCTION_ASSEMBLY	GO:1903347	cell junction organization
GOBP_NEGATIVE_REGULATION_OF_BINDING	GO:0051100	unmapped
GOBP_NEGATIVE_REGULATION_OF_BIOMINERAL_TISSUE_DEVELOPMENT	GO:0070168	anatomical structure development
GOBP_NEGATIVE_REGULATION_OF_BLOOD_CIRCULATION	GO:1903523	circulatory system process
GOBP_NEGATIVE_REGULATION_OF_BLOOD_PRESSURE	GO:0045776	circulatory system process
GOBP_NEGATIVE_REGULATION_OF_BLOOD_VESSEL_ENDOTHELIAL_CELL_MIGRATION	GO:0043537	cell motility
GOBP_NEGATIVE_REGULATION_OF_BLOOD_VESSEL_ENDOTHELIAL_CELL_PROLIFERATION_INVOLVED_IN_SPROUTING_ANGIOGENESIS	GO:1903588	anatomical structure development
GOBP_NEGATIVE_REGULATION_OF_BMP_SIGNALING_PATHWAY	GO:0030514	signaling
GOBP_NEGATIVE_REGULATION_OF_BONE_MINERALIZATION	GO:0030502	anatomical structure development
GOBP_NEGATIVE_REGULATION_OF_BONE_REMODELING	GO:0046851	unmapped
GOBP_NEGATIVE_REGULATION_OF_BROWN_FAT_CELL_DIFFERENTIATION	GO:1903444	cell differentiation
GOBP_NEGATIVE_REGULATION_OF_B_CELL_ACTIVATION	GO:0050869	immune system process
GOBP_NEGATIVE_REGULATION_OF_B_CELL_APOPTOTIC_PROCESS	GO:0002903	programmed cell death
GOBP_NEGATIVE_REGULATION_OF_B_CELL_DIFFERENTIATION	GO:0045578	cell differentiation
GOBP_NEGATIVE_REGULATION_OF_B_CELL_MEDIATED_IMMUNITY	GO:0002713	immune system process
GOBP_NEGATIVE_REGULATION_OF_B_CELL_PROLIFERATION	GO:0030889	immune system process
GOBP_NEGATIVE_REGULATION_OF_B_CELL_RECEPTOR_SIGNALING_PATHWAY	GO:0050859	signaling
GOBP_NEGATIVE_REGULATION_OF_CALCINEURIN_MEDIATED_SIGNALING	GO:0106057	signaling
GOBP_NEGATIVE_REGULATION_OF_CALCIUM_ION_DEPENDENT_EXOCYTOSIS	GO:0045955	vesicle-mediated transport
GOBP_NEGATIVE_REGULATION_OF_CALCIUM_ION_EXPORT_ACROSS_PLASMA_MEMBRANE	GO:1905913	transmembrane transport
GOBP_NEGATIVE_REGULATION_OF_CALCIUM_ION_IMPORT	GO:0090281	unmapped
GOBP_NEGATIVE_REGULATION_OF_CALCIUM_ION_IMPORT_ACROSS_PLASMA_MEMBRANE	GO:1905949	transmembrane transport
GOBP_NEGATIVE_REGULATION_OF_CALCIUM_ION_TRANSMEMBRANE_TRANSPORT	GO:1903170	transmembrane transport
GOBP_NEGATIVE_REGULATION_OF_CALCIUM_ION_TRANSMEMBRANE_TRANSPORTER_ACTIVITY	GO:1901020	transmembrane transport
GOBP_NEGATIVE_REGULATION_OF_CALCIUM_ION_TRANSMEMBRANE_TRANSPORT_VIA_HIGH_VOLTAGE_GATED_CALCIUM_CHANNEL	GO:1904878	transmembrane transport
GOBP_NEGATIVE_REGULATION_OF_CALCIUM_ION_TRANSPORT	GO:0051926	unmapped
GOBP_NEGATIVE_REGULATION_OF_CALCIUM_ION_TRANSPORT_INTO_CYTOSOL	GO:0010523	transmembrane transport
GOBP_NEGATIVE_REGULATION_OF_CALCIUM_MEDIATED_SIGNALING	GO:0050849	signaling
GOBP_NEGATIVE_REGULATION_OF_CAMP_PKA_SIGNAL_TRANSDUCTION	GO:0141162	signaling
GOBP_NEGATIVE_REGULATION_OF_CANONICAL_NF_KAPPAB_SIGNAL_TRANSDUCTION	GO:0043124	signaling
GOBP_NEGATIVE_REGULATION_OF_CANONICAL_WNT_SIGNALING_PATHWAY	GO:0090090	signaling
GOBP_NEGATIVE_REGULATION_OF_CARBOHYDRATE_METABOLIC_PROCESS	GO:0045912	carbohydrate metabolic process
GOBP_NEGATIVE_REGULATION_OF_CARDIAC_MUSCLE_ADAPTATION	GO:0010616	muscle system process
GOBP_NEGATIVE_REGULATION_OF_CARDIAC_MUSCLE_CELL_DIFFERENTIATION	GO:2000726	cell differentiation
GOBP_NEGATIVE_REGULATION_OF_CARDIAC_MUSCLE_CELL_PROLIFERATION	GO:0060044	anatomical structure development
GOBP_NEGATIVE_REGULATION_OF_CARDIAC_MUSCLE_CONTRACTION	GO:0055118	muscle system process
GOBP_NEGATIVE_REGULATION_OF_CARDIAC_MUSCLE_TISSUE_GROWTH	GO:0055022	anatomical structure development
GOBP_NEGATIVE_REGULATION_OF_CARDIOCYTE_DIFFERENTIATION	GO:1905208	cell differentiation
GOBP_NEGATIVE_REGULATION_OF_CARTILAGE_DEVELOPMENT	GO:0061037	anatomical structure development
GOBP_NEGATIVE_REGULATION_OF_CATABOLIC_PROCESS	GO:0009895	unmapped
GOBP_NEGATIVE_REGULATION_OF_CATALYTIC_ACTIVITY	GO:0043086	unmapped
GOBP_NEGATIVE_REGULATION_OF_CATECHOLAMINE_METABOLIC_PROCESS		unmapped
GOBP_NEGATIVE_REGULATION_OF_CATECHOLAMINE_SECRETION	GO:0033604	unmapped
GOBP_NEGATIVE_REGULATION_OF_CATION_CHANNEL_ACTIVITY		unmapped
GOBP_NEGATIVE_REGULATION_OF_CD4_POSITIVE_ALPHA_BETA_T_CELL_ACTIVATION	GO:2000515	cell adhesion
GOBP_NEGATIVE_REGULATION_OF_CD4_POSITIVE_ALPHA_BETA_T_CELL_DIFFERENTIATION	GO:0043371	cell differentiation
GOBP_NEGATIVE_REGULATION_OF_CD4_POSITIVE_ALPHA_BETA_T_CELL_PROLIFERATION	GO:2000562	cell adhesion
GOBP_NEGATIVE_REGULATION_OF_CD8_POSITIVE_ALPHA_BETA_T_CELL_ACTIVATION	GO:2001186	cell adhesion
GOBP_NEGATIVE_REGULATION_OF_CELLULAR_COMPONENT_ORGANIZATION	GO:0051129	unmapped
GOBP_NEGATIVE_REGULATION_OF_CELLULAR_EXTRAVASATION	GO:0002692	cell motility
GOBP_NEGATIVE_REGULATION_OF_CELLULAR_RESPIRATION	GO:1901856	generation of precursor metabolites and energy
GOBP_NEGATIVE_REGULATION_OF_CELLULAR_RESPONSE_TO_GROWTH_FACTOR_STIMULUS	GO:0090288	unmapped
GOBP_NEGATIVE_REGULATION_OF_CELLULAR_RESPONSE_TO_HYPOXIA	GO:1900038	unmapped
GOBP_NEGATIVE_REGULATION_OF_CELLULAR_RESPONSE_TO_INSULIN_STIMULUS	GO:1900077	unmapped
GOBP_NEGATIVE_REGULATION_OF_CELLULAR_RESPONSE_TO_OXIDATIVE_STRESS	GO:1900408	unmapped
GOBP_NEGATIVE_REGULATION_OF_CELLULAR_RESPONSE_TO_TRANSFORMING_GROWTH_FACTOR_BETA_STIMULUS	GO:1903845	unmapped
GOBP_NEGATIVE_REGULATION_OF_CELLULAR_RESPONSE_TO_VASCULAR_ENDOTHELIAL_GROWTH_FACTOR_STIMULUS	GO:1902548	unmapped
GOBP_NEGATIVE_REGULATION_OF_CELLULAR_SENESCENCE	GO:2000773	unmapped
GOBP_NEGATIVE_REGULATION_OF_CELL_ACTIVATION	GO:0050866	unmapped
GOBP_NEGATIVE_REGULATION_OF_CELL_ADHESION	GO:0007162	cell adhesion
GOBP_NEGATIVE_REGULATION_OF_CELL_ADHESION_MEDIATED_BY_INTEGRIN	GO:0033629	cell adhesion
GOBP_NEGATIVE_REGULATION_OF_CELL_ADHESION_MOLECULE_PRODUCTION	GO:0060354	unmapped
GOBP_NEGATIVE_REGULATION_OF_CELL_CELL_ADHESION	GO:0022408	cell adhesion
GOBP_NEGATIVE_REGULATION_OF_CELL_CELL_ADHESION_MEDIATED_BY_CADHERIN	GO:2000048	cell adhesion
GOBP_NEGATIVE_REGULATION_OF_CELL_CHEMOTAXIS_TO_FIBROBLAST_GROWTH_FACTOR	GO:1904848	cell motility
GOBP_NEGATIVE_REGULATION_OF_CELL_CYCLE	GO:0045786	unmapped
GOBP_NEGATIVE_REGULATION_OF_CELL_CYCLE_CHECKPOINT	GO:1901977	signaling
GOBP_NEGATIVE_REGULATION_OF_CELL_CYCLE_G1_S_PHASE_TRANSITION	GO:1902807	unmapped
GOBP_NEGATIVE_REGULATION_OF_CELL_CYCLE_G2_M_PHASE_TRANSITION	GO:1902750	unmapped
GOBP_NEGATIVE_REGULATION_OF_CELL_CYCLE_PROCESS	GO:0010948	unmapped
GOBP_NEGATIVE_REGULATION_OF_CELL_DEVELOPMENT	GO:0010721	cell differentiation
GOBP_NEGATIVE_REGULATION_OF_CELL_DIFFERENTIATION	GO:0045596	cell differentiation
GOBP_NEGATIVE_REGULATION_OF_CELL_DIVISION	GO:0051782	unmapped
GOBP_NEGATIVE_REGULATION_OF_CELL_FATE_COMMITMENT	GO:0010454	cell differentiation
GOBP_NEGATIVE_REGULATION_OF_CELL_GROWTH	GO:0030308	unmapped
GOBP_NEGATIVE_REGULATION_OF_CELL_GROWTH_INVOLVED_IN_CARDIAC_MUSCLE_CELL_DEVELOPMENT	GO:0061052	muscle system process
GOBP_NEGATIVE_REGULATION_OF_CELL_JUNCTION_ASSEMBLY	GO:1901889	cell junction organization
GOBP_NEGATIVE_REGULATION_OF_CELL_KILLING	GO:0031342	unmapped
GOBP_NEGATIVE_REGULATION_OF_CELL_MATRIX_ADHESION	GO:0001953	cell adhesion
GOBP_NEGATIVE_REGULATION_OF_CELL_MATURATION	GO:1903430	cell differentiation
GOBP_NEGATIVE_REGULATION_OF_CELL_MIGRATION_INVOLVED_IN_SPROUTING_ANGIOGENESIS	GO:0090051	anatomical structure development
GOBP_NEGATIVE_REGULATION_OF_CELL_POPULATION_PROLIFERATION	GO:0008285	unmapped
GOBP_NEGATIVE_REGULATION_OF_CELL_PROJECTION_ORGANIZATION	GO:0031345	unmapped
GOBP_NEGATIVE_REGULATION_OF_CELL_PROLIFERATION_INVOLVED_IN_KIDNEY_DEVELOPMENT	GO:1901723	anatomical structure development
GOBP_NEGATIVE_REGULATION_OF_CELL_SIZE	GO:0045792	unmapped
GOBP_NEGATIVE_REGULATION_OF_CELL_SUBSTRATE_ADHESION	GO:0010812	cell adhesion
GOBP_NEGATIVE_REGULATION_OF_CELL_SUBSTRATE_JUNCTION_ORGANIZATION	GO:0150118	cell junction organization
GOBP_NEGATIVE_REGULATION_OF_CELL_VOLUME	GO:0045794	unmapped
GOBP_NEGATIVE_REGULATION_OF_CENTRIOLE_REPLICATION	GO:0046600	cytoskeleton organization
GOBP_NEGATIVE_REGULATION_OF_CENTROSOME_DUPLICATION	GO:0010826	cytoskeleton organization
GOBP_NEGATIVE_REGULATION_OF_CERAMIDE_BIOSYNTHETIC_PROCESS	GO:1900060	lipid metabolic process
GOBP_NEGATIVE_REGULATION_OF_CGAS_STING_SIGNALING_PATHWAY	GO:0160049	defense response to other organism
GOBP_NEGATIVE_REGULATION_OF_CGMP_MEDIATED_SIGNALING		unmapped
GOBP_NEGATIVE_REGULATION_OF_CHEMOKINE_C_C_MOTIF_LIGAND_5_PRODUCTION	GO:0071650	unmapped
GOBP_NEGATIVE_REGULATION_OF_CHEMOKINE_C_X_C_MOTIF_LIGAND_2_PRODUCTION	GO:2000342	unmapped
GOBP_NEGATIVE_REGULATION_OF_CHEMOKINE_MEDIATED_SIGNALING_PATHWAY	GO:0070100	signaling
GOBP_NEGATIVE_REGULATION_OF_CHEMOKINE_PRODUCTION	GO:0032682	unmapped
GOBP_NEGATIVE_REGULATION_OF_CHEMOTAXIS	GO:0050922	unmapped
GOBP_NEGATIVE_REGULATION_OF_CHOLESTEROL_BIOSYNTHETIC_PROCESS	GO:0045541	lipid metabolic process
GOBP_NEGATIVE_REGULATION_OF_CHOLESTEROL_EFFLUX	GO:0090370	unmapped
GOBP_NEGATIVE_REGULATION_OF_CHOLESTEROL_METABOLIC_PROCESS	GO:0090206	lipid metabolic process
GOBP_NEGATIVE_REGULATION_OF_CHOLESTEROL_STORAGE	GO:0010887	unmapped
GOBP_NEGATIVE_REGULATION_OF_CHONDROCYTE_DIFFERENTIATION	GO:0032331	cell differentiation
GOBP_NEGATIVE_REGULATION_OF_CHONDROCYTE_PROLIFERATION	GO:1902731	unmapped
GOBP_NEGATIVE_REGULATION_OF_CHROMATIN_ORGANIZATION	GO:1905268	chromatin organization
GOBP_NEGATIVE_REGULATION_OF_CHROMOSOME_ORGANIZATION	GO:2001251	unmapped
GOBP_NEGATIVE_REGULATION_OF_CHROMOSOME_SEGREGATION	GO:0051985	chromosome segregation
GOBP_NEGATIVE_REGULATION_OF_CILIUM_ASSEMBLY	GO:1902018	cilium organization
GOBP_NEGATIVE_REGULATION_OF_CIRCADIAN_RHYTHM	GO:0042754	unmapped
GOBP_NEGATIVE_REGULATION_OF_COAGULATION	GO:0050819	unmapped
GOBP_NEGATIVE_REGULATION_OF_COLD_INDUCED_THERMOGENESIS	GO:0120163	unmapped
GOBP_NEGATIVE_REGULATION_OF_COLLAGEN_METABOLIC_PROCESS	GO:0010713	unmapped
GOBP_NEGATIVE_REGULATION_OF_COLLATERAL_SPROUTING	GO:0048671	cell differentiation
GOBP_NEGATIVE_REGULATION_OF_COMPLEMENT_ACTIVATION	GO:0045916	immune system process
GOBP_NEGATIVE_REGULATION_OF_CYCLIN_DEPENDENT_PROTEIN_KINASE_ACTIVITY	GO:1904030	unmapped
GOBP_NEGATIVE_REGULATION_OF_CYCLIN_DEPENDENT_PROTEIN_SERINE_THREONINE_KINASE_ACTIVITY	GO:0045736	unmapped
GOBP_NEGATIVE_REGULATION_OF_CYTOKINESIS	GO:0032466	cytokinesis
GOBP_NEGATIVE_REGULATION_OF_CYTOKINE_PRODUCTION	GO:0001818	unmapped
GOBP_NEGATIVE_REGULATION_OF_CYTOKINE_PRODUCTION_INVOLVED_IN_IMMUNE_RESPONSE	GO:0002719	immune system process
GOBP_NEGATIVE_REGULATION_OF_CYTOKINE_PRODUCTION_INVOLVED_IN_INFLAMMATORY_RESPONSE	GO:1900016	inflammatory response
GOBP_NEGATIVE_REGULATION_OF_CYTOPLASMIC_PATTERN_RECOGNITION_RECEPTOR_SIGNALING_PATHWAY	GO:0039532	defense response to other organism
GOBP_NEGATIVE_REGULATION_OF_CYTOPLASMIC_TRANSLATION	GO:2000766	cytoplasmic translation
GOBP_NEGATIVE_REGULATION_OF_CYTOSKELETON_ORGANIZATION	GO:0051494	cytoskeleton organization
GOBP_NEGATIVE_REGULATION_OF_CYTOSOLIC_CALCIUM_ION_CONCENTRATION	GO:0051481	unmapped
GOBP_NEGATIVE_REGULATION_OF_DEFENSE_RESPONSE	GO:0031348	unmapped
GOBP_NEGATIVE_REGULATION_OF_DEFENSE_RESPONSE_TO_BACTERIUM	GO:1900425	unmapped
GOBP_NEGATIVE_REGULATION_OF_DEFENSE_RESPONSE_TO_VIRUS	GO:0050687	unmapped
GOBP_NEGATIVE_REGULATION_OF_DELAYED_RECTIFIER_POTASSIUM_CHANNEL_ACTIVITY	GO:1902260	transmembrane transport
GOBP_NEGATIVE_REGULATION_OF_DENDRITE_DEVELOPMENT	GO:2000171	cell differentiation
GOBP_NEGATIVE_REGULATION_OF_DENDRITE_MORPHOGENESIS	GO:0050774	cell differentiation
GOBP_NEGATIVE_REGULATION_OF_DENDRITIC_CELL_APOPTOTIC_PROCESS	GO:2000669	programmed cell death
GOBP_NEGATIVE_REGULATION_OF_DENDRITIC_CELL_DIFFERENTIATION	GO:2001199	cell differentiation
GOBP_NEGATIVE_REGULATION_OF_DENDRITIC_SPINE_DEVELOPMENT	GO:0061000	cell differentiation
GOBP_NEGATIVE_REGULATION_OF_DENDRITIC_SPINE_MAINTENANCE	GO:1902951	cell junction organization
GOBP_NEGATIVE_REGULATION_OF_DEPHOSPHORYLATION	GO:0035305	unmapped
GOBP_NEGATIVE_REGULATION_OF_DEVELOPMENTAL_GROWTH	GO:0048640	unmapped
GOBP_NEGATIVE_REGULATION_OF_DEVELOPMENTAL_PROCESS	GO:0051093	unmapped
GOBP_NEGATIVE_REGULATION_OF_DIGESTIVE_SYSTEM_PROCESS	GO:0060457	digestive system process
GOBP_NEGATIVE_REGULATION_OF_DNA_BINDING	GO:0043392	unmapped
GOBP_NEGATIVE_REGULATION_OF_DNA_BINDING_TRANSCRIPTION_FACTOR_ACTIVITY		unmapped
GOBP_NEGATIVE_REGULATION_OF_DNA_BIOSYNTHETIC_PROCESS	GO:2000279	unmapped
GOBP_NEGATIVE_REGULATION_OF_DNA_DAMAGE_RESPONSE_SIGNAL_TRANSDUCTION_BY_P53_CLASS_MEDIATOR	GO:0043518	signaling
GOBP_NEGATIVE_REGULATION_OF_DNA_METABOLIC_PROCESS	GO:0051053	unmapped
GOBP_NEGATIVE_REGULATION_OF_DNA_RECOMBINATION	GO:0045910	DNA recombination
GOBP_NEGATIVE_REGULATION_OF_DNA_REPAIR	GO:0045738	DNA repair
GOBP_NEGATIVE_REGULATION_OF_DNA_REPLICATION	GO:0008156	DNA replication
GOBP_NEGATIVE_REGULATION_OF_DNA_TEMPLATED_DNA_REPLICATION	GO:2000104	DNA replication
GOBP_NEGATIVE_REGULATION_OF_DNA_TEMPLATED_TRANSCRIPTION_ELONGATION	GO:0032785	regulation of DNA-templated transcription
GOBP_NEGATIVE_REGULATION_OF_DNA_TEMPLATED_TRANSCRIPTION_INITIATION	GO:2000143	regulation of DNA-templated transcription
GOBP_NEGATIVE_REGULATION_OF_DOUBLE_STRAND_BREAK_REPAIR_VIA_HOMOLOGOUS_RECOMBINATION	GO:2000042	DNA repair
GOBP_NEGATIVE_REGULATION_OF_DOUBLE_STRAND_BREAK_REPAIR_VIA_NONHOMOLOGOUS_END_JOINING	GO:2001033	DNA repair
GOBP_NEGATIVE_REGULATION_OF_D_GLUCOSE_IMPORT		unmapped
GOBP_NEGATIVE_REGULATION_OF_D_GLUCOSE_TRANSMEMBRANE_TRANSPORT	GO:0010829	transmembrane transport
GOBP_NEGATIVE_REGULATION_OF_ENDOCYTOSIS	GO:0045806	vesicle-mediated transport
GOBP_NEGATIVE_REGULATION_OF_ENDOPEPTIDASE_ACTIVITY	GO:0010951	unmapped
GOBP_NEGATIVE_REGULATION_OF_ENDOPLASMIC_RETICULUM_CALCIUM_ION_CONCENTRATION	GO:0032471	unmapped
GOBP_NEGATIVE_REGULATION_OF_ENDOPLASMIC_RETICULUM_STRESS_INDUCED_INTRINSIC_APOPTOTIC_SIGNALING_PATHWAY	GO:1902236	programmed cell death
GOBP_NEGATIVE_REGULATION_OF_ENDOPLASMIC_RETICULUM_UNFOLDED_PROTEIN_RESPONSE	GO:1900102	signaling
GOBP_NEGATIVE_REGULATION_OF_ENDOTHELIAL_CELL_APOPTOTIC_PROCESS	GO:2000352	programmed cell death
GOBP_NEGATIVE_REGULATION_OF_ENDOTHELIAL_CELL_CHEMOTAXIS	GO:2001027	cell motility
GOBP_NEGATIVE_REGULATION_OF_ENDOTHELIAL_CELL_DIFFERENTIATION	GO:0045602	cell differentiation
GOBP_NEGATIVE_REGULATION_OF_ENDOTHELIAL_CELL_MIGRATION	GO:0010596	cell motility
GOBP_NEGATIVE_REGULATION_OF_ENDOTHELIAL_CELL_PROLIFERATION	GO:0001937	unmapped
GOBP_NEGATIVE_REGULATION_OF_EPIDERMIS_DEVELOPMENT	GO:0045683	anatomical structure development
GOBP_NEGATIVE_REGULATION_OF_EPINEPHRINE_SECRETION	GO:0032811	unmapped
GOBP_NEGATIVE_REGULATION_OF_EPITHELIAL_CELL_APOPTOTIC_PROCESS	GO:1904036	programmed cell death
GOBP_NEGATIVE_REGULATION_OF_EPITHELIAL_CELL_DIFFERENTIATION	GO:0030857	cell differentiation
GOBP_NEGATIVE_REGULATION_OF_EPITHELIAL_CELL_MIGRATION	GO:0010633	cell motility
GOBP_NEGATIVE_REGULATION_OF_EPITHELIAL_CELL_PROLIFERATION	GO:0050680	unmapped
GOBP_NEGATIVE_REGULATION_OF_EPITHELIAL_CELL_PROLIFERATION_INVOLVED_IN_PROSTATE_GLAND_DEVELOPMENT	GO:0060770	anatomical structure development
GOBP_NEGATIVE_REGULATION_OF_EPITHELIAL_TO_MESENCHYMAL_TRANSITION	GO:0010719	cell differentiation
GOBP_NEGATIVE_REGULATION_OF_ERAD_PATHWAY	GO:1904293	protein catabolic process
GOBP_NEGATIVE_REGULATION_OF_ERBB_SIGNALING_PATHWAY	GO:1901185	signaling
GOBP_NEGATIVE_REGULATION_OF_ERK1_AND_ERK2_CASCADE	GO:0070373	signaling
GOBP_NEGATIVE_REGULATION_OF_ERYTHROCYTE_DIFFERENTIATION	GO:0045647	cell differentiation
GOBP_NEGATIVE_REGULATION_OF_ESTABLISHMENT_OF_PROTEIN_LOCALIZATION	GO:1904950	unmapped
GOBP_NEGATIVE_REGULATION_OF_ESTABLISHMENT_OF_PROTEIN_LOCALIZATION_TO_MITOCHONDRION		unmapped
GOBP_NEGATIVE_REGULATION_OF_EXCITATORY_POSTSYNAPTIC_POTENTIAL	GO:0090394	signaling
GOBP_NEGATIVE_REGULATION_OF_EXECUTION_PHASE_OF_APOPTOSIS	GO:1900118	programmed cell death
GOBP_NEGATIVE_REGULATION_OF_EXOCYTOSIS	GO:0045920	vesicle-mediated transport
GOBP_NEGATIVE_REGULATION_OF_EXTRACELLULAR_MATRIX_ASSEMBLY	GO:1901202	extracellular matrix organization
GOBP_NEGATIVE_REGULATION_OF_EXTRACELLULAR_MATRIX_DISASSEMBLY	GO:0010716	extracellular matrix organization
GOBP_NEGATIVE_REGULATION_OF_EXTRACELLULAR_MATRIX_ORGANIZATION	GO:1903054	extracellular matrix organization
GOBP_NEGATIVE_REGULATION_OF_EXTRINSIC_APOPTOTIC_SIGNALING_PATHWAY	GO:2001237	programmed cell death
GOBP_NEGATIVE_REGULATION_OF_EXTRINSIC_APOPTOTIC_SIGNALING_PATHWAY_VIA_DEATH_DOMAIN_RECEPTORS	GO:1902042	programmed cell death
GOBP_NEGATIVE_REGULATION_OF_FATTY_ACID_BETA_OXIDATION	GO:0031999	lipid metabolic process
GOBP_NEGATIVE_REGULATION_OF_FATTY_ACID_BIOSYNTHETIC_PROCESS	GO:0045717	lipid metabolic process
GOBP_NEGATIVE_REGULATION_OF_FATTY_ACID_METABOLIC_PROCESS	GO:0045922	lipid metabolic process
GOBP_NEGATIVE_REGULATION_OF_FATTY_ACID_OXIDATION	GO:0046322	lipid metabolic process
GOBP_NEGATIVE_REGULATION_OF_FATTY_ACID_TRANSPORT	GO:2000192	unmapped
GOBP_NEGATIVE_REGULATION_OF_FAT_CELL_DIFFERENTIATION	GO:0045599	cell differentiation
GOBP_NEGATIVE_REGULATION_OF_FAT_CELL_PROLIFERATION	GO:0070345	unmapped
GOBP_NEGATIVE_REGULATION_OF_FEEDING_BEHAVIOR	GO:2000252	unmapped
GOBP_NEGATIVE_REGULATION_OF_FERROPTOSIS	GO:0110076	programmed cell death
GOBP_NEGATIVE_REGULATION_OF_FERTILIZATION	GO:0060467	reproductive process
GOBP_NEGATIVE_REGULATION_OF_FIBRINOLYSIS	GO:0051918	wound healing
GOBP_NEGATIVE_REGULATION_OF_FIBROBLAST_APOPTOTIC_PROCESS	GO:2000270	programmed cell death
GOBP_NEGATIVE_REGULATION_OF_FIBROBLAST_GROWTH_FACTOR_PRODUCTION	GO:0090272	unmapped
GOBP_NEGATIVE_REGULATION_OF_FIBROBLAST_GROWTH_FACTOR_RECEPTOR_SIGNALING_PATHWAY	GO:0040037	signaling
GOBP_NEGATIVE_REGULATION_OF_FIBROBLAST_MIGRATION	GO:0010764	cell motility
GOBP_NEGATIVE_REGULATION_OF_FIBROBLAST_PROLIFERATION	GO:0048147	unmapped
GOBP_NEGATIVE_REGULATION_OF_FILOPODIUM_ASSEMBLY	GO:0051490	unmapped
GOBP_NEGATIVE_REGULATION_OF_G0_TO_G1_TRANSITION	GO:0070317	unmapped
GOBP_NEGATIVE_REGULATION_OF_GENE_EXPRESSION	GO:0010629	unmapped
GOBP_NEGATIVE_REGULATION_OF_GENE_EXPRESSION_EPIGENETIC	GO:0045814	chromatin organization
GOBP_NEGATIVE_REGULATION_OF_GENE_EXPRESSION_VIA_CHROMOSOMAL_CPG_ISLAND_METHYLATION	GO:0044027	chromatin organization
GOBP_NEGATIVE_REGULATION_OF_GLIAL_CELL_APOPTOTIC_PROCESS	GO:0034351	programmed cell death
GOBP_NEGATIVE_REGULATION_OF_GLIAL_CELL_DIFFERENTIATION	GO:0045686	cell differentiation
GOBP_NEGATIVE_REGULATION_OF_GLIAL_CELL_MIGRATION	GO:1903976	cell differentiation
GOBP_NEGATIVE_REGULATION_OF_GLIAL_CELL_PROLIFERATION	GO:0060253	cell differentiation
GOBP_NEGATIVE_REGULATION_OF_GLIOGENESIS	GO:0014014	cell differentiation
GOBP_NEGATIVE_REGULATION_OF_GLOMERULAR_FILTRATION	GO:0003105	renal system process
GOBP_NEGATIVE_REGULATION_OF_GLUCOCORTICOID_METABOLIC_PROCESS		unmapped
GOBP_NEGATIVE_REGULATION_OF_GLUCONEOGENESIS	GO:0045721	carbohydrate metabolic process
GOBP_NEGATIVE_REGULATION_OF_GLUTAMATE_SECRETION	GO:0014050	unmapped
GOBP_NEGATIVE_REGULATION_OF_GLYCOGEN_BIOSYNTHETIC_PROCESS	GO:0045719	carbohydrate metabolic process
GOBP_NEGATIVE_REGULATION_OF_GLYCOGEN_METABOLIC_PROCESS	GO:0070874	carbohydrate metabolic process
GOBP_NEGATIVE_REGULATION_OF_GLYCOPROTEIN_METABOLIC_PROCESS	GO:1903019	carbohydrate derivative metabolic process
GOBP_NEGATIVE_REGULATION_OF_GOLGI_TO_PLASMA_MEMBRANE_PROTEIN_TRANSPORT	GO:0042997	protein localization to plasma membrane
GOBP_NEGATIVE_REGULATION_OF_GONADOTROPIN_SECRETION	GO:0032277	signaling
GOBP_NEGATIVE_REGULATION_OF_GRANULOCYTE_CHEMOTAXIS	GO:0071623	cell motility
GOBP_NEGATIVE_REGULATION_OF_GRANULOCYTE_DIFFERENTIATION	GO:0030853	cell differentiation
GOBP_NEGATIVE_REGULATION_OF_GROWTH	GO:0045926	unmapped
GOBP_NEGATIVE_REGULATION_OF_GTPASE_ACTIVITY	GO:0034260	unmapped
GOBP_NEGATIVE_REGULATION_OF_GUANYL_NUCLEOTIDE_EXCHANGE_FACTOR_ACTIVITY	GO:1905098	unmapped
GOBP_NEGATIVE_REGULATION_OF_G_PROTEIN_COUPLED_RECEPTOR_SIGNALING_PATHWAY	GO:0045744	signaling
GOBP_NEGATIVE_REGULATION_OF_HAIR_FOLLICLE_DEVELOPMENT	GO:0051799	anatomical structure development
GOBP_NEGATIVE_REGULATION_OF_HEART_RATE	GO:0010459	circulatory system process
GOBP_NEGATIVE_REGULATION_OF_HEMATOPOIETIC_PROGENITOR_CELL_DIFFERENTIATION	GO:1901533	cell differentiation
GOBP_NEGATIVE_REGULATION_OF_HEMATOPOIETIC_STEM_CELL_DIFFERENTIATION	GO:1902037	cell differentiation
GOBP_NEGATIVE_REGULATION_OF_HEMATOPOIETIC_STEM_CELL_PROLIFERATION	GO:1902034	cell differentiation
GOBP_NEGATIVE_REGULATION_OF_HEMOPOIESIS	GO:1903707	cell differentiation
GOBP_NEGATIVE_REGULATION_OF_HEPATOCYTE_APOPTOTIC_PROCESS	GO:1903944	programmed cell death
GOBP_NEGATIVE_REGULATION_OF_HETEROCHROMATIN_FORMATION	GO:0031452	chromatin organization
GOBP_NEGATIVE_REGULATION_OF_HIPPOCAMPAL_NEURON_APOPTOTIC_PROCESS	GO:0110091	programmed cell death
GOBP_NEGATIVE_REGULATION_OF_HIPPO_SIGNALING	GO:0035331	signaling
GOBP_NEGATIVE_REGULATION_OF_HOMOTYPIC_CELL_CELL_ADHESION	GO:0034111	cell adhesion
GOBP_NEGATIVE_REGULATION_OF_HORMONE_BIOSYNTHETIC_PROCESS	GO:0032353	unmapped
GOBP_NEGATIVE_REGULATION_OF_HORMONE_METABOLIC_PROCESS	GO:0032351	unmapped
GOBP_NEGATIVE_REGULATION_OF_HORMONE_SECRETION	GO:0046888	signaling
GOBP_NEGATIVE_REGULATION_OF_HUMORAL_IMMUNE_RESPONSE	GO:0002921	immune system process
GOBP_NEGATIVE_REGULATION_OF_HUMORAL_IMMUNE_RESPONSE_MEDIATED_BY_CIRCULATING_IMMUNOGLOBULIN	GO:0002924	immune system process
GOBP_NEGATIVE_REGULATION_OF_HYDROGEN_PEROXIDE_MEDIATED_PROGRAMMED_CELL_DEATH	GO:1901299	programmed cell death
GOBP_NEGATIVE_REGULATION_OF_HYDROGEN_PEROXIDE_METABOLIC_PROCESS	GO:0010727	unmapped
GOBP_NEGATIVE_REGULATION_OF_HYDROLASE_ACTIVITY	GO:0051346	unmapped
GOBP_NEGATIVE_REGULATION_OF_HYPOXIA_INDUCED_INTRINSIC_APOPTOTIC_SIGNALING_PATHWAY	GO:1903298	programmed cell death
GOBP_NEGATIVE_REGULATION_OF_IMMATURE_T_CELL_PROLIFERATION	GO:0033087	cell adhesion
GOBP_NEGATIVE_REGULATION_OF_IMMUNE_EFFECTOR_PROCESS	GO:0002698	immune system process
GOBP_NEGATIVE_REGULATION_OF_IMMUNE_RESPONSE	GO:0050777	immune system process
GOBP_NEGATIVE_REGULATION_OF_IMMUNE_SYSTEM_PROCESS	GO:0002683	immune system process
GOBP_NEGATIVE_REGULATION_OF_IMMUNOGLOBULIN_PRODUCTION	GO:0002638	immune system process
GOBP_NEGATIVE_REGULATION_OF_INCLUSION_BODY_ASSEMBLY	GO:0090084	unmapped
GOBP_NEGATIVE_REGULATION_OF_INFLAMMASOME_MEDIATED_SIGNALING_PATHWAY	GO:0141086	defense response to other organism
GOBP_NEGATIVE_REGULATION_OF_INFLAMMATORY_RESPONSE	GO:0050728	inflammatory response
GOBP_NEGATIVE_REGULATION_OF_INFLAMMATORY_RESPONSE_TO_ANTIGENIC_STIMULUS	GO:0002862	inflammatory response
GOBP_NEGATIVE_REGULATION_OF_INFLAMMATORY_RESPONSE_TO_WOUNDING	GO:0106015	inflammatory response
GOBP_NEGATIVE_REGULATION_OF_INNATE_IMMUNE_RESPONSE	GO:0045824	defense response to other organism
GOBP_NEGATIVE_REGULATION_OF_INSULIN_LIKE_GROWTH_FACTOR_RECEPTOR_SIGNALING_PATHWAY	GO:0043569	signaling
GOBP_NEGATIVE_REGULATION_OF_INSULIN_SECRETION_INVOLVED_IN_CELLULAR_RESPONSE_TO_GLUCOSE_STIMULUS	GO:0061179	signaling
GOBP_NEGATIVE_REGULATION_OF_INTEGRIN_MEDIATED_SIGNALING_PATHWAY	GO:2001045	signaling
GOBP_NEGATIVE_REGULATION_OF_INTERFERON_ALPHA_PRODUCTION	GO:0032687	unmapped
GOBP_NEGATIVE_REGULATION_OF_INTERFERON_BETA_PRODUCTION	GO:0032688	unmapped
GOBP_NEGATIVE_REGULATION_OF_INTERLEUKIN_10_PRODUCTION	GO:0032693	unmapped
GOBP_NEGATIVE_REGULATION_OF_INTERLEUKIN_12_PRODUCTION	GO:0032695	unmapped
GOBP_NEGATIVE_REGULATION_OF_INTERLEUKIN_13_PRODUCTION	GO:0032696	unmapped
GOBP_NEGATIVE_REGULATION_OF_INTERLEUKIN_17_PRODUCTION	GO:0032700	unmapped
GOBP_NEGATIVE_REGULATION_OF_INTERLEUKIN_1_ALPHA_PRODUCTION	GO:0032690	unmapped
GOBP_NEGATIVE_REGULATION_OF_INTERLEUKIN_1_BETA_PRODUCTION	GO:0032691	unmapped
GOBP_NEGATIVE_REGULATION_OF_INTERLEUKIN_1_MEDIATED_SIGNALING_PATHWAY	GO:2000660	signaling
GOBP_NEGATIVE_REGULATION_OF_INTERLEUKIN_1_PRODUCTION	GO:0032692	unmapped
GOBP_NEGATIVE_REGULATION_OF_INTERLEUKIN_21_PRODUCTION	GO:0032705	unmapped
GOBP_NEGATIVE_REGULATION_OF_INTERLEUKIN_2_PRODUCTION	GO:0032703	unmapped
GOBP_NEGATIVE_REGULATION_OF_INTERLEUKIN_4_PRODUCTION	GO:0032713	unmapped
GOBP_NEGATIVE_REGULATION_OF_INTERLEUKIN_5_PRODUCTION	GO:0032714	unmapped
GOBP_NEGATIVE_REGULATION_OF_INTERLEUKIN_6_MEDIATED_SIGNALING_PATHWAY	GO:0070104	signaling
GOBP_NEGATIVE_REGULATION_OF_INTERLEUKIN_6_PRODUCTION	GO:0032715	unmapped
GOBP_NEGATIVE_REGULATION_OF_INTERLEUKIN_8_PRODUCTION	GO:0032717	unmapped
GOBP_NEGATIVE_REGULATION_OF_INTRACELLULAR_ESTROGEN_RECEPTOR_SIGNALING_PATHWAY	GO:0033147	signaling
GOBP_NEGATIVE_REGULATION_OF_INTRACELLULAR_LIPID_TRANSPORT	GO:0032378	unmapped
GOBP_NEGATIVE_REGULATION_OF_INTRACELLULAR_PROTEIN_TRANSPORT	GO:0090317	intracellular protein transport
GOBP_NEGATIVE_REGULATION_OF_INTRACELLULAR_SIGNAL_TRANSDUCTION	GO:1902532	signaling
GOBP_NEGATIVE_REGULATION_OF_INTRACELLULAR_STEROID_HORMONE_RECEPTOR_SIGNALING_PATHWAY	GO:0033144	signaling
GOBP_NEGATIVE_REGULATION_OF_INTRACELLULAR_TRANSPORT	GO:0032387	unmapped
GOBP_NEGATIVE_REGULATION_OF_INTRINSIC_APOPTOTIC_SIGNALING_PATHWAY	GO:2001243	programmed cell death
GOBP_NEGATIVE_REGULATION_OF_INTRINSIC_APOPTOTIC_SIGNALING_PATHWAY_BY_P53_CLASS_MEDIATOR	GO:1902254	programmed cell death
GOBP_NEGATIVE_REGULATION_OF_INTRINSIC_APOPTOTIC_SIGNALING_PATHWAY_IN_RESPONSE_TO_DNA_DAMAGE	GO:1902230	programmed cell death
GOBP_NEGATIVE_REGULATION_OF_INTRINSIC_APOPTOTIC_SIGNALING_PATHWAY_IN_RESPONSE_TO_DNA_DAMAGE_BY_P53_CLASS_MEDIATOR	GO:1902166	programmed cell death
GOBP_NEGATIVE_REGULATION_OF_INTRINSIC_APOPTOTIC_SIGNALING_PATHWAY_IN_RESPONSE_TO_OSMOTIC_STRESS	GO:1902219	programmed cell death
GOBP_NEGATIVE_REGULATION_OF_ION_TRANSMEMBRANE_TRANSPORTER_ACTIVITY	GO:0032413	transmembrane transport
GOBP_NEGATIVE_REGULATION_OF_IRE1_MEDIATED_UNFOLDED_PROTEIN_RESPONSE	GO:1903895	signaling
GOBP_NEGATIVE_REGULATION_OF_JNK_CASCADE	GO:0046329	signaling
GOBP_NEGATIVE_REGULATION_OF_JUN_KINASE_ACTIVITY	GO:0043508	signaling
GOBP_NEGATIVE_REGULATION_OF_KERATINOCYTE_DIFFERENTIATION	GO:0045617	cell differentiation
GOBP_NEGATIVE_REGULATION_OF_KERATINOCYTE_PROLIFERATION	GO:0010839	unmapped
GOBP_NEGATIVE_REGULATION_OF_KIDNEY_DEVELOPMENT	GO:0090185	anatomical structure development
GOBP_NEGATIVE_REGULATION_OF_KINASE_ACTIVITY	GO:0033673	unmapped
GOBP_NEGATIVE_REGULATION_OF_LAMELLIPODIUM_ASSEMBLY	GO:0010593	unmapped
GOBP_NEGATIVE_REGULATION_OF_LAMELLIPODIUM_ORGANIZATION	GO:1902744	unmapped
GOBP_NEGATIVE_REGULATION_OF_LENS_FIBER_CELL_DIFFERENTIATION	GO:1902747	cell differentiation
GOBP_NEGATIVE_REGULATION_OF_LEUKOCYTE_ADHESION_TO_VASCULAR_ENDOTHELIAL_CELL	GO:1904995	cell adhesion
GOBP_NEGATIVE_REGULATION_OF_LEUKOCYTE_APOPTOTIC_PROCESS	GO:2000107	programmed cell death
GOBP_NEGATIVE_REGULATION_OF_LEUKOCYTE_CELL_CELL_ADHESION	GO:1903038	cell adhesion
GOBP_NEGATIVE_REGULATION_OF_LEUKOCYTE_CHEMOTAXIS	GO:0002689	cell motility
GOBP_NEGATIVE_REGULATION_OF_LEUKOCYTE_DEGRANULATION	GO:0043301	vesicle-mediated transport
GOBP_NEGATIVE_REGULATION_OF_LEUKOCYTE_MEDIATED_IMMUNITY	GO:0002704	immune system process
GOBP_NEGATIVE_REGULATION_OF_LEUKOCYTE_MIGRATION	GO:0002686	cell motility
GOBP_NEGATIVE_REGULATION_OF_LEUKOCYTE_PROLIFERATION	GO:0070664	unmapped
GOBP_NEGATIVE_REGULATION_OF_LIPID_BIOSYNTHETIC_PROCESS	GO:0051055	lipid metabolic process
GOBP_NEGATIVE_REGULATION_OF_LIPID_CATABOLIC_PROCESS	GO:0050995	lipid metabolic process
GOBP_NEGATIVE_REGULATION_OF_LIPID_LOCALIZATION	GO:1905953	unmapped
GOBP_NEGATIVE_REGULATION_OF_LIPID_METABOLIC_PROCESS	GO:0045833	lipid metabolic process
GOBP_NEGATIVE_REGULATION_OF_LIPID_STORAGE	GO:0010888	unmapped
GOBP_NEGATIVE_REGULATION_OF_LIPID_TRANSPORT	GO:0032369	unmapped
GOBP_NEGATIVE_REGULATION_OF_LIPOPOLYSACCHARIDE_MEDIATED_SIGNALING_PATHWAY	GO:0031665	signaling
GOBP_NEGATIVE_REGULATION_OF_LIPOPROTEIN_METABOLIC_PROCESS	GO:0050748	unmapped
GOBP_NEGATIVE_REGULATION_OF_LIPOPROTEIN_PARTICLE_CLEARANCE	GO:0010985	unmapped
GOBP_NEGATIVE_REGULATION_OF_LOCOMOTION	GO:0040013	unmapped
GOBP_NEGATIVE_REGULATION_OF_LONG_TERM_SYNAPTIC_POTENTIATION	GO:1900272	signaling
GOBP_NEGATIVE_REGULATION_OF_LOW_DENSITY_LIPOPROTEIN_PARTICLE_CLEARANCE	GO:0010989	unmapped
GOBP_NEGATIVE_REGULATION_OF_LYASE_ACTIVITY		unmapped
GOBP_NEGATIVE_REGULATION_OF_LYMPHOCYTE_ACTIVATION	GO:0051250	immune system process
GOBP_NEGATIVE_REGULATION_OF_LYMPHOCYTE_APOPTOTIC_PROCESS	GO:0070229	programmed cell death
GOBP_NEGATIVE_REGULATION_OF_LYMPHOCYTE_DIFFERENTIATION	GO:0045620	cell differentiation
GOBP_NEGATIVE_REGULATION_OF_LYMPHOCYTE_MIGRATION	GO:2000402	cell motility
GOBP_NEGATIVE_REGULATION_OF_MACROAUTOPHAGY	GO:0016242	autophagy
GOBP_NEGATIVE_REGULATION_OF_MACROPHAGE_ACTIVATION	GO:0043031	immune system process
GOBP_NEGATIVE_REGULATION_OF_MACROPHAGE_APOPTOTIC_PROCESS	GO:2000110	programmed cell death
GOBP_NEGATIVE_REGULATION_OF_MACROPHAGE_CHEMOTAXIS	GO:0010760	cell motility
GOBP_NEGATIVE_REGULATION_OF_MACROPHAGE_CYTOKINE_PRODUCTION	GO:0010936	immune system process
GOBP_NEGATIVE_REGULATION_OF_MACROPHAGE_DERIVED_FOAM_CELL_DIFFERENTIATION	GO:0010745	cell differentiation
GOBP_NEGATIVE_REGULATION_OF_MACROPHAGE_DIFFERENTIATION	GO:0045650	cell differentiation
GOBP_NEGATIVE_REGULATION_OF_MACROPHAGE_MIGRATION	GO:1905522	cell motility
GOBP_NEGATIVE_REGULATION_OF_MAMMARY_GLAND_EPITHELIAL_CELL_PROLIFERATION	GO:0033600	anatomical structure development
GOBP_NEGATIVE_REGULATION_OF_MAPK_CASCADE	GO:0043409	signaling
GOBP_NEGATIVE_REGULATION_OF_MAP_KINASE_ACTIVITY	GO:0043407	signaling
GOBP_NEGATIVE_REGULATION_OF_MAST_CELL_ACTIVATION	GO:0033004	immune system process
GOBP_NEGATIVE_REGULATION_OF_MAST_CELL_DEGRANULATION	GO:0043305	vesicle-mediated transport
GOBP_NEGATIVE_REGULATION_OF_MATRIX_METALLOPEPTIDASE_SECRETION	GO:1904465	unmapped
GOBP_NEGATIVE_REGULATION_OF_MEGAKARYOCYTE_DIFFERENTIATION	GO:0045653	cell differentiation
GOBP_NEGATIVE_REGULATION_OF_MEIOTIC_CELL_CYCLE	GO:0051447	reproductive process
GOBP_NEGATIVE_REGULATION_OF_MEIOTIC_CELL_CYCLE_PHASE_TRANSITION	GO:1901994	reproductive process
GOBP_NEGATIVE_REGULATION_OF_MEIOTIC_CHROMOSOME_SEPARATION	GO:1905133	meiotic nuclear division
GOBP_NEGATIVE_REGULATION_OF_MEIOTIC_NUCLEAR_DIVISION	GO:0045835	meiotic nuclear division
GOBP_NEGATIVE_REGULATION_OF_MEMBRANE_DEPOLARIZATION	GO:1904180	unmapped
GOBP_NEGATIVE_REGULATION_OF_MEMBRANE_PERMEABILITY	GO:1905709	unmapped
GOBP_NEGATIVE_REGULATION_OF_MEMBRANE_POTENTIAL	GO:0045837	unmapped
GOBP_NEGATIVE_REGULATION_OF_MEMBRANE_PROTEIN_ECTODOMAIN_PROTEOLYSIS	GO:0051045	protein catabolic process
GOBP_NEGATIVE_REGULATION_OF_MESENCHYMAL_CELL_APOPTOTIC_PROCESS	GO:2001054	programmed cell death
GOBP_NEGATIVE_REGULATION_OF_MESENCHYMAL_CELL_PROLIFERATION	GO:0072201	unmapped
GOBP_NEGATIVE_REGULATION_OF_MHC_CLASS_II_BIOSYNTHETIC_PROCESS	GO:0045347	unmapped
GOBP_NEGATIVE_REGULATION_OF_MICROGLIAL_CELL_ACTIVATION	GO:1903979	inflammatory response
GOBP_NEGATIVE_REGULATION_OF_MICROTUBULE_DEPOLYMERIZATION	GO:0007026	cytoskeleton organization
GOBP_NEGATIVE_REGULATION_OF_MICROTUBULE_POLYMERIZATION	GO:0031115	cytoskeleton organization
GOBP_NEGATIVE_REGULATION_OF_MICROTUBULE_POLYMERIZATION_OR_DEPOLYMERIZATION	GO:0031111	cytoskeleton organization
GOBP_NEGATIVE_REGULATION_OF_MIRNA_METABOLIC_PROCESS	GO:2000629	unmapped
GOBP_NEGATIVE_REGULATION_OF_MIRNA_PROCESSING	GO:1903799	regulatory ncRNA-mediated gene silencing
GOBP_NEGATIVE_REGULATION_OF_MITOCHONDRIAL_FISSION	GO:0090258	mitochondrion organization
GOBP_NEGATIVE_REGULATION_OF_MITOCHONDRIAL_FUSION	GO:0010637	mitochondrion organization
GOBP_NEGATIVE_REGULATION_OF_MITOCHONDRIAL_OUTER_MEMBRANE_PERMEABILIZATION_INVOLVED_IN_APOPTOTIC_SIGNALING_PATHWAY	GO:1901029	mitochondrion organization
GOBP_NEGATIVE_REGULATION_OF_MITOTIC_CELL_CYCLE	GO:0045930	mitotic cell cycle
GOBP_NEGATIVE_REGULATION_OF_MITOTIC_CELL_CYCLE_PHASE_TRANSITION	GO:1901991	mitotic cell cycle
GOBP_NEGATIVE_REGULATION_OF_MITOTIC_SPINDLE_ASSEMBLY_CHECKPOINT_SIGNALING	GO:0140499	mitotic nuclear division
GOBP_NEGATIVE_REGULATION_OF_MOLECULAR_FUNCTION	GO:0044092	unmapped
GOBP_NEGATIVE_REGULATION_OF_MONOATOMIC_ION_TRANSMEMBRANE_TRANSPORT	GO:0034766	transmembrane transport
GOBP_NEGATIVE_REGULATION_OF_MONOATOMIC_ION_TRANSPORT	GO:0043271	unmapped
GOBP_NEGATIVE_REGULATION_OF_MONOCYTE_CHEMOTACTIC_PROTEIN_1_PRODUCTION	GO:0071638	unmapped
GOBP_NEGATIVE_REGULATION_OF_MONOCYTE_CHEMOTAXIS	GO:0090027	cell motility
GOBP_NEGATIVE_REGULATION_OF_MONOCYTE_DIFFERENTIATION	GO:0045656	cell differentiation
GOBP_NEGATIVE_REGULATION_OF_MONONUCLEAR_CELL_MIGRATION	GO:0071676	cell motility
GOBP_NEGATIVE_REGULATION_OF_MORPHOGENESIS_OF_AN_EPITHELIUM	GO:1905331	anatomical structure development
GOBP_NEGATIVE_REGULATION_OF_MOTOR_NEURON_APOPTOTIC_PROCESS	GO:2000672	programmed cell death
GOBP_NEGATIVE_REGULATION_OF_MRNA_CATABOLIC_PROCESS	GO:1902373	mRNA metabolic process
GOBP_NEGATIVE_REGULATION_OF_MRNA_METABOLIC_PROCESS	GO:1903312	mRNA metabolic process
GOBP_NEGATIVE_REGULATION_OF_MRNA_PROCESSING	GO:0050686	mRNA metabolic process
GOBP_NEGATIVE_REGULATION_OF_MULTICELLULAR_ORGANISMAL_PROCESS	GO:0051241	unmapped
GOBP_NEGATIVE_REGULATION_OF_MULTICELLULAR_ORGANISM_GROWTH	GO:0040015	unmapped
GOBP_NEGATIVE_REGULATION_OF_MUSCLE_ADAPTATION	GO:0014745	muscle system process
GOBP_NEGATIVE_REGULATION_OF_MUSCLE_CELL_APOPTOTIC_PROCESS	GO:0010656	programmed cell death
GOBP_NEGATIVE_REGULATION_OF_MUSCLE_CELL_DIFFERENTIATION	GO:0051148	cell differentiation
GOBP_NEGATIVE_REGULATION_OF_MUSCLE_CONTRACTION	GO:0045932	muscle system process
GOBP_NEGATIVE_REGULATION_OF_MUSCLE_HYPERTROPHY	GO:0014741	muscle system process
GOBP_NEGATIVE_REGULATION_OF_MUSCLE_ORGAN_DEVELOPMENT	GO:0048635	anatomical structure development
GOBP_NEGATIVE_REGULATION_OF_MUSCLE_TISSUE_DEVELOPMENT	GO:1901862	anatomical structure development
GOBP_NEGATIVE_REGULATION_OF_MYELINATION	GO:0031642	nervous system process
GOBP_NEGATIVE_REGULATION_OF_MYELOID_CELL_APOPTOTIC_PROCESS	GO:0033033	programmed cell death
GOBP_NEGATIVE_REGULATION_OF_MYELOID_CELL_DIFFERENTIATION	GO:0045638	cell differentiation
GOBP_NEGATIVE_REGULATION_OF_MYELOID_LEUKOCYTE_DIFFERENTIATION	GO:0002762	cell differentiation
GOBP_NEGATIVE_REGULATION_OF_MYELOID_LEUKOCYTE_MEDIATED_IMMUNITY	GO:0002887	immune system process
GOBP_NEGATIVE_REGULATION_OF_MYOBLAST_DIFFERENTIATION	GO:0045662	cell differentiation
GOBP_NEGATIVE_REGULATION_OF_MYOBLAST_PROLIFERATION	GO:2000818	unmapped
GOBP_NEGATIVE_REGULATION_OF_MYOFIBROBLAST_DIFFERENTIATION	GO:1904761	cell differentiation
GOBP_NEGATIVE_REGULATION_OF_MYOTUBE_DIFFERENTIATION	GO:0010832	cell differentiation
GOBP_NEGATIVE_REGULATION_OF_NATURAL_KILLER_CELL_ACTIVATION	GO:0032815	immune system process
GOBP_NEGATIVE_REGULATION_OF_NATURAL_KILLER_CELL_MEDIATED_IMMUNITY	GO:0002716	defense response to other organism
GOBP_NEGATIVE_REGULATION_OF_NERVOUS_SYSTEM_DEVELOPMENT	GO:0051961	anatomical structure development
GOBP_NEGATIVE_REGULATION_OF_NERVOUS_SYSTEM_PROCESS	GO:0031645	nervous system process
GOBP_NEGATIVE_REGULATION_OF_NEURAL_PRECURSOR_CELL_PROLIFERATION	GO:2000178	unmapped
GOBP_NEGATIVE_REGULATION_OF_NEUROBLAST_PROLIFERATION	GO:0007406	cell differentiation
GOBP_NEGATIVE_REGULATION_OF_NEUROINFLAMMATORY_RESPONSE	GO:0150079	inflammatory response
GOBP_NEGATIVE_REGULATION_OF_NEURON_APOPTOTIC_PROCESS	GO:0043524	programmed cell death
GOBP_NEGATIVE_REGULATION_OF_NEURON_DIFFERENTIATION	GO:0045665	cell differentiation
GOBP_NEGATIVE_REGULATION_OF_NEURON_MIGRATION	GO:2001223	cell differentiation
GOBP_NEGATIVE_REGULATION_OF_NEURON_PROJECTION_DEVELOPMENT	GO:0010977	cell differentiation
GOBP_NEGATIVE_REGULATION_OF_NEURON_PROJECTION_REGENERATION	GO:0070571	cell differentiation
GOBP_NEGATIVE_REGULATION_OF_NEUROTRANSMITTER_SECRETION	GO:0046929	signaling
GOBP_NEGATIVE_REGULATION_OF_NEUROTRANSMITTER_TRANSPORT	GO:0051589	unmapped
GOBP_NEGATIVE_REGULATION_OF_NEUTROPHIL_ACTIVATION	GO:1902564	immune system process
GOBP_NEGATIVE_REGULATION_OF_NEUTROPHIL_MIGRATION	GO:1902623	cell motility
GOBP_NEGATIVE_REGULATION_OF_NF_KAPPAB_TRANSCRIPTION_FACTOR_ACTIVITY		unmapped
GOBP_NEGATIVE_REGULATION_OF_NITRIC_OXIDE_METABOLIC_PROCESS		unmapped
GOBP_NEGATIVE_REGULATION_OF_NLRP3_INFLAMMASOME_COMPLEX_ASSEMBLY	GO:1900226	protein-containing complex assembly
GOBP_NEGATIVE_REGULATION_OF_NODAL_SIGNALING_PATHWAY	GO:1900108	signaling
GOBP_NEGATIVE_REGULATION_OF_NON_CANONICAL_NF_KAPPAB_SIGNAL_TRANSDUCTION	GO:1901223	signaling
GOBP_NEGATIVE_REGULATION_OF_NON_CANONICAL_WNT_SIGNALING_PATHWAY	GO:2000051	signaling
GOBP_NEGATIVE_REGULATION_OF_NOREPINEPHRINE_SECRETION	GO:0010700	signaling
GOBP_NEGATIVE_REGULATION_OF_NOTCH_SIGNALING_PATHWAY	GO:0045746	signaling
GOBP_NEGATIVE_REGULATION_OF_NUCLEAR_DIVISION	GO:0051784	unmapped
GOBP_NEGATIVE_REGULATION_OF_NUCLEAR_RECEPTOR_MEDIATED_GLUCOCORTICOID_SIGNALING_PATHWAY	GO:2000323	signaling
GOBP_NEGATIVE_REGULATION_OF_NUCLEAR_TRANSCRIBED_MRNA_CATABOLIC_PROCESS_DEADENYLATION_DEPENDENT_DECAY	GO:1900152	mRNA metabolic process
GOBP_NEGATIVE_REGULATION_OF_NUCLEAR_TRANSCRIBED_MRNA_CATABOLIC_PROCESS_NONSENSE_MEDIATED_DECAY	GO:2000623	mRNA metabolic process
GOBP_NEGATIVE_REGULATION_OF_NUCLEOBASE_CONTAINING_COMPOUND_METABOLIC_PROCESS	GO:0045934	unmapped
GOBP_NEGATIVE_REGULATION_OF_NUCLEOCYTOPLASMIC_TRANSPORT	GO:0046823	nucleocytoplasmic transport
GOBP_NEGATIVE_REGULATION_OF_NUCLEOTIDE_BIOSYNTHETIC_PROCESS	GO:0030809	nucleobase-containing small molecule metabolic process
GOBP_NEGATIVE_REGULATION_OF_NUCLEOTIDE_CATABOLIC_PROCESS	GO:0030812	nucleobase-containing small molecule metabolic process
GOBP_NEGATIVE_REGULATION_OF_NUCLEOTIDE_METABOLIC_PROCESS	GO:0045980	nucleobase-containing small molecule metabolic process
GOBP_NEGATIVE_REGULATION_OF_OLIGODENDROCYTE_DIFFERENTIATION	GO:0048715	cell differentiation
GOBP_NEGATIVE_REGULATION_OF_ORGANELLE_ASSEMBLY	GO:1902116	unmapped
GOBP_NEGATIVE_REGULATION_OF_ORGANELLE_ORGANIZATION	GO:0010639	unmapped
GOBP_NEGATIVE_REGULATION_OF_ORGANIC_ACID_TRANSPORT	GO:0032891	unmapped
GOBP_NEGATIVE_REGULATION_OF_ORGAN_GROWTH	GO:0046621	unmapped
GOBP_NEGATIVE_REGULATION_OF_OSSIFICATION	GO:0030279	unmapped
GOBP_NEGATIVE_REGULATION_OF_OSTEOBLAST_DIFFERENTIATION	GO:0045668	cell differentiation
GOBP_NEGATIVE_REGULATION_OF_OSTEOBLAST_PROLIFERATION	GO:0033689	unmapped
GOBP_NEGATIVE_REGULATION_OF_OSTEOCLAST_DEVELOPMENT	GO:2001205	cell differentiation
GOBP_NEGATIVE_REGULATION_OF_OSTEOCLAST_DIFFERENTIATION	GO:0045671	cell differentiation
GOBP_NEGATIVE_REGULATION_OF_OXIDATIVE_STRESS_INDUCED_INTRINSIC_APOPTOTIC_SIGNALING_PATHWAY	GO:1902176	programmed cell death
GOBP_NEGATIVE_REGULATION_OF_OXIDATIVE_STRESS_INDUCED_NEURON_INTRINSIC_APOPTOTIC_SIGNALING_PATHWAY	GO:1903377	programmed cell death
GOBP_NEGATIVE_REGULATION_OF_OXIDOREDUCTASE_ACTIVITY	GO:0051354	unmapped
GOBP_NEGATIVE_REGULATION_OF_P38MAPK_CASCADE	GO:1903753	signaling
GOBP_NEGATIVE_REGULATION_OF_PANCREATIC_JUICE_SECRETION	GO:0090188	digestive system process
GOBP_NEGATIVE_REGULATION_OF_PEPTIDASE_ACTIVITY	GO:0010466	unmapped
GOBP_NEGATIVE_REGULATION_OF_PEPTIDE_SECRETION	GO:0002792	unmapped
GOBP_NEGATIVE_REGULATION_OF_PEPTIDYL_SERINE_PHOSPHORYLATION	GO:0033137	unmapped
GOBP_NEGATIVE_REGULATION_OF_PEPTIDYL_TYROSINE_PHOSPHORYLATION	GO:0050732	unmapped
GOBP_NEGATIVE_REGULATION_OF_PERK_MEDIATED_UNFOLDED_PROTEIN_RESPONSE	GO:1903898	signaling
GOBP_NEGATIVE_REGULATION_OF_PEROXISOME_PROLIFERATOR_ACTIVATED_RECEPTOR_SIGNALING_PATHWAY	GO:0035359	signaling
GOBP_NEGATIVE_REGULATION_OF_PHAGOCYTOSIS	GO:0050765	vesicle-mediated transport
GOBP_NEGATIVE_REGULATION_OF_PHOSPHATIDYLINOSITOL_3_KINASE_PROTEIN_KINASE_B_SIGNAL_TRANSDUCTION	GO:0051898	signaling
GOBP_NEGATIVE_REGULATION_OF_PHOSPHOLIPID_METABOLIC_PROCESS	GO:1903726	lipid metabolic process
GOBP_NEGATIVE_REGULATION_OF_PHOSPHORUS_METABOLIC_PROCESS	GO:0010563	unmapped
GOBP_NEGATIVE_REGULATION_OF_PHOSPHORYLATION	GO:0042326	unmapped
GOBP_NEGATIVE_REGULATION_OF_PINOCYTOSIS	GO:0048550	vesicle-mediated transport
GOBP_NEGATIVE_REGULATION_OF_PLASMA_MEMBRANE_BOUNDED_CELL_PROJECTION_ASSEMBLY	GO:0120033	unmapped
GOBP_NEGATIVE_REGULATION_OF_PLASMINOGEN_ACTIVATION	GO:0010757	protein maturation
GOBP_NEGATIVE_REGULATION_OF_PLATELET_ACTIVATION	GO:0010544	wound healing
GOBP_NEGATIVE_REGULATION_OF_PLATELET_AGGREGATION	GO:0090331	wound healing
GOBP_NEGATIVE_REGULATION_OF_PLATELET_DERIVED_GROWTH_FACTOR_RECEPTOR_SIGNALING_PATHWAY	GO:0010642	signaling
GOBP_NEGATIVE_REGULATION_OF_POST_TRANSCRIPTIONAL_GENE_SILENCING	GO:0060149	unmapped
GOBP_NEGATIVE_REGULATION_OF_POST_TRANSLATIONAL_PROTEIN_MODIFICATION	GO:1901874	unmapped
GOBP_NEGATIVE_REGULATION_OF_POTASSIUM_ION_EXPORT_ACROSS_PLASMA_MEMBRANE	GO:1903765	transmembrane transport
GOBP_NEGATIVE_REGULATION_OF_POTASSIUM_ION_TRANSMEMBRANE_TRANSPORT	GO:1901380	transmembrane transport
GOBP_NEGATIVE_REGULATION_OF_POTASSIUM_ION_TRANSMEMBRANE_TRANSPORTER_ACTIVITY	GO:1901017	transmembrane transport
GOBP_NEGATIVE_REGULATION_OF_POTASSIUM_ION_TRANSPORT	GO:0043267	unmapped
GOBP_NEGATIVE_REGULATION_OF_PRODUCTION_OF_MOLECULAR_MEDIATOR_OF_IMMUNE_RESPONSE	GO:0002701	immune system process
GOBP_NEGATIVE_REGULATION_OF_PROGRAMMED_CELL_DEATH	GO:0043069	programmed cell death
GOBP_NEGATIVE_REGULATION_OF_PROGRAMMED_NECROTIC_CELL_DEATH	GO:0062099	programmed cell death
GOBP_NEGATIVE_REGULATION_OF_PROSTAGLANDIN_BIOSYNTHETIC_PROCESS	GO:0031393	lipid metabolic process
GOBP_NEGATIVE_REGULATION_OF_PROTEASOMAL_PROTEIN_CATABOLIC_PROCESS	GO:1901799	protein catabolic process
GOBP_NEGATIVE_REGULATION_OF_PROTEASOMAL_UBIQUITIN_DEPENDENT_PROTEIN_CATABOLIC_PROCESS	GO:0032435	protein catabolic process
GOBP_NEGATIVE_REGULATION_OF_PROTEIN_BINDING	GO:0032091	unmapped
GOBP_NEGATIVE_REGULATION_OF_PROTEIN_CATABOLIC_PROCESS	GO:0042177	protein catabolic process
GOBP_NEGATIVE_REGULATION_OF_PROTEIN_CATABOLIC_PROCESS_IN_THE_VACUOLE	GO:1904351	protein catabolic process
GOBP_NEGATIVE_REGULATION_OF_PROTEIN_CONTAINING_COMPLEX_ASSEMBLY	GO:0031333	protein-containing complex assembly
GOBP_NEGATIVE_REGULATION_OF_PROTEIN_CONTAINING_COMPLEX_DISASSEMBLY	GO:0043242	unmapped
GOBP_NEGATIVE_REGULATION_OF_PROTEIN_EXIT_FROM_ENDOPLASMIC_RETICULUM		unmapped
GOBP_NEGATIVE_REGULATION_OF_PROTEIN_EXPORT_FROM_NUCLEUS	GO:0046826	nucleocytoplasmic transport
GOBP_NEGATIVE_REGULATION_OF_PROTEIN_FOLDING	GO:1903333	protein maturation
GOBP_NEGATIVE_REGULATION_OF_PROTEIN_IMPORT_INTO_NUCLEUS	GO:0042308	nucleocytoplasmic transport
GOBP_NEGATIVE_REGULATION_OF_PROTEIN_K63_LINKED_UBIQUITINATION	GO:1900045	unmapped
GOBP_NEGATIVE_REGULATION_OF_PROTEIN_KINASE_ACTIVITY_BY_REGULATION_OF_PROTEIN_PHOSPHORYLATION	GO:0044387	unmapped
GOBP_NEGATIVE_REGULATION_OF_PROTEIN_LOCALIZATION	GO:1903828	unmapped
GOBP_NEGATIVE_REGULATION_OF_PROTEIN_LOCALIZATION_TO_CELL_PERIPHERY	GO:1904376	unmapped
GOBP_NEGATIVE_REGULATION_OF_PROTEIN_LOCALIZATION_TO_CELL_SURFACE	GO:2000009	unmapped
GOBP_NEGATIVE_REGULATION_OF_PROTEIN_LOCALIZATION_TO_CHROMATIN	GO:0120186	unmapped
GOBP_NEGATIVE_REGULATION_OF_PROTEIN_LOCALIZATION_TO_MEMBRANE	GO:1905476	unmapped
GOBP_NEGATIVE_REGULATION_OF_PROTEIN_LOCALIZATION_TO_MICROTUBULE	GO:1902817	unmapped
GOBP_NEGATIVE_REGULATION_OF_PROTEIN_LOCALIZATION_TO_NUCLEUS	GO:1900181	unmapped
GOBP_NEGATIVE_REGULATION_OF_PROTEIN_MATURATION	GO:1903318	protein maturation
GOBP_NEGATIVE_REGULATION_OF_PROTEIN_METABOLIC_PROCESS	GO:0051248	unmapped
GOBP_NEGATIVE_REGULATION_OF_PROTEIN_MODIFICATION_PROCESS	GO:0031400	unmapped
GOBP_NEGATIVE_REGULATION_OF_PROTEIN_NEDDYLATION	GO:2000435	unmapped
GOBP_NEGATIVE_REGULATION_OF_PROTEIN_POLYMERIZATION	GO:0032272	protein-containing complex assembly
GOBP_NEGATIVE_REGULATION_OF_PROTEIN_POLYUBIQUITINATION	GO:1902915	unmapped
GOBP_NEGATIVE_REGULATION_OF_PROTEIN_SECRETION	GO:0050709	unmapped
GOBP_NEGATIVE_REGULATION_OF_PROTEIN_SERINE_THREONINE_KINASE_ACTIVITY	GO:0071901	unmapped
GOBP_NEGATIVE_REGULATION_OF_PROTEIN_SUMOYLATION	GO:0033234	unmapped
GOBP_NEGATIVE_REGULATION_OF_PROTEIN_TARGETING_TO_MEMBRANE	GO:0090315	unmapped
GOBP_NEGATIVE_REGULATION_OF_PROTEIN_TARGETING_TO_MITOCHONDRION		unmapped
GOBP_NEGATIVE_REGULATION_OF_PROTEIN_TYROSINE_KINASE_ACTIVITY	GO:0061099	unmapped
GOBP_NEGATIVE_REGULATION_OF_PROTEIN_UBIQUITINATION	GO:0031397	unmapped
GOBP_NEGATIVE_REGULATION_OF_PROTEOLYSIS	GO:0045861	unmapped
GOBP_NEGATIVE_REGULATION_OF_PROTEOLYSIS_INVOLVED_IN_PROTEIN_CATABOLIC_PROCESS		unmapped
GOBP_NEGATIVE_REGULATION_OF_RAC_PROTEIN_SIGNAL_TRANSDUCTION	GO:0035021	signaling
GOBP_NEGATIVE_REGULATION_OF_RAS_PROTEIN_SIGNAL_TRANSDUCTION	GO:0046580	signaling
GOBP_NEGATIVE_REGULATION_OF_REACTIVE_OXYGEN_SPECIES_BIOSYNTHETIC_PROCESS	GO:1903427	unmapped
GOBP_NEGATIVE_REGULATION_OF_REACTIVE_OXYGEN_SPECIES_METABOLIC_PROCESS	GO:2000378	unmapped
GOBP_NEGATIVE_REGULATION_OF_RECEPTOR_BINDING	GO:1900121	unmapped
GOBP_NEGATIVE_REGULATION_OF_RECEPTOR_INTERNALIZATION	GO:0002091	vesicle-mediated transport
GOBP_NEGATIVE_REGULATION_OF_RECEPTOR_MEDIATED_ENDOCYTOSIS	GO:0048261	vesicle-mediated transport
GOBP_NEGATIVE_REGULATION_OF_RECEPTOR_RECYCLING	GO:0001920	signaling
GOBP_NEGATIVE_REGULATION_OF_RECEPTOR_SIGNALING_PATHWAY_VIA_JAK_STAT	GO:0046426	signaling
GOBP_NEGATIVE_REGULATION_OF_RECEPTOR_SIGNALING_PATHWAY_VIA_STAT	GO:1904893	signaling
GOBP_NEGATIVE_REGULATION_OF_REGULATED_SECRETORY_PATHWAY	GO:1903306	vesicle-mediated transport
GOBP_NEGATIVE_REGULATION_OF_REGULATORY_T_CELL_DIFFERENTIATION	GO:0045590	cell differentiation
GOBP_NEGATIVE_REGULATION_OF_RELAXATION_OF_MUSCLE	GO:1901078	muscle system process
GOBP_NEGATIVE_REGULATION_OF_RELEASE_OF_CYTOCHROME_C_FROM_MITOCHONDRIA	GO:0090201	mitochondrion organization
GOBP_NEGATIVE_REGULATION_OF_RELEASE_OF_SEQUESTERED_CALCIUM_ION_INTO_CYTOSOL	GO:0051280	transmembrane transport
GOBP_NEGATIVE_REGULATION_OF_REPRODUCTIVE_PROCESS	GO:2000242	reproductive process
GOBP_NEGATIVE_REGULATION_OF_RESPIRATORY_BURST	GO:0060268	unmapped
GOBP_NEGATIVE_REGULATION_OF_RESPIRATORY_BURST_INVOLVED_IN_INFLAMMATORY_RESPONSE	GO:0060266	defense response to other organism
GOBP_NEGATIVE_REGULATION_OF_RESPONSE_TO_BIOTIC_STIMULUS	GO:0002832	unmapped
GOBP_NEGATIVE_REGULATION_OF_RESPONSE_TO_CYTOKINE_STIMULUS	GO:0060761	unmapped
GOBP_NEGATIVE_REGULATION_OF_RESPONSE_TO_DRUG	GO:2001024	unmapped
GOBP_NEGATIVE_REGULATION_OF_RESPONSE_TO_ENDOPLASMIC_RETICULUM_STRESS	GO:1903573	unmapped
GOBP_NEGATIVE_REGULATION_OF_RESPONSE_TO_EXTERNAL_STIMULUS	GO:0032102	unmapped
GOBP_NEGATIVE_REGULATION_OF_RESPONSE_TO_NUTRIENT_LEVELS	GO:0032108	unmapped
GOBP_NEGATIVE_REGULATION_OF_RESPONSE_TO_OXIDATIVE_STRESS	GO:1902883	unmapped
GOBP_NEGATIVE_REGULATION_OF_RESPONSE_TO_STIMULUS	GO:0048585	unmapped
GOBP_NEGATIVE_REGULATION_OF_RESPONSE_TO_TUMOR_CELL	GO:0002835	unmapped
GOBP_NEGATIVE_REGULATION_OF_RESPONSE_TO_TYPE_II_INTERFERON	GO:0060331	defense response to other organism
GOBP_NEGATIVE_REGULATION_OF_RESPONSE_TO_WOUNDING	GO:1903035	unmapped
GOBP_NEGATIVE_REGULATION_OF_RETINOIC_ACID_RECEPTOR_SIGNALING_PATHWAY	GO:0048387	signaling
GOBP_NEGATIVE_REGULATION_OF_RHO_PROTEIN_SIGNAL_TRANSDUCTION	GO:0035024	signaling
GOBP_NEGATIVE_REGULATION_OF_RIG_I_SIGNALING_PATHWAY	GO:0039536	defense response to other organism
GOBP_NEGATIVE_REGULATION_OF_RNA_CATABOLIC_PROCESS	GO:1902369	unmapped
GOBP_NEGATIVE_REGULATION_OF_RNA_METABOLIC_PROCESS	GO:0051253	unmapped
GOBP_NEGATIVE_REGULATION_OF_RNA_SPLICING	GO:0033119	unmapped
GOBP_NEGATIVE_REGULATION_OF_RUFFLE_ASSEMBLY	GO:1900028	unmapped
GOBP_NEGATIVE_REGULATION_OF_SATELLITE_CELL_DIFFERENTIATION	GO:1902725	cell differentiation
GOBP_NEGATIVE_REGULATION_OF_SCHWANN_CELL_PROLIFERATION	GO:0010626	cell differentiation
GOBP_NEGATIVE_REGULATION_OF_SECONDARY_METABOLITE_BIOSYNTHETIC_PROCESS	GO:1900377	unmapped
GOBP_NEGATIVE_REGULATION_OF_SECRETION	GO:0051048	unmapped
GOBP_NEGATIVE_REGULATION_OF_SIGNALING	GO:0023057	signaling
GOBP_NEGATIVE_REGULATION_OF_SIGNALING_RECEPTOR_ACTIVITY	GO:2000272	signaling
GOBP_NEGATIVE_REGULATION_OF_SIGNAL_TRANSDUCTION_BY_P53_CLASS_MEDIATOR	GO:1901797	signaling
GOBP_NEGATIVE_REGULATION_OF_SIGNAL_TRANSDUCTION_IN_ABSENCE_OF_LIGAND	GO:1901099	signaling
GOBP_NEGATIVE_REGULATION_OF_SINGLE_STRANDED_VIRAL_RNA_REPLICATION_VIA_DOUBLE_STRANDED_DNA_INTERMEDIATE	GO:0045869	unmapped
GOBP_NEGATIVE_REGULATION_OF_SISTER_CHROMATID_COHESION	GO:0045875	unmapped
GOBP_NEGATIVE_REGULATION_OF_SKELETAL_MUSCLE_CELL_DIFFERENTIATION	GO:2001015	cell differentiation
GOBP_NEGATIVE_REGULATION_OF_SKELETAL_MUSCLE_CELL_PROLIFERATION	GO:0014859	unmapped
GOBP_NEGATIVE_REGULATION_OF_SMAD_PROTEIN_SIGNAL_TRANSDUCTION	GO:0060392	signaling
GOBP_NEGATIVE_REGULATION_OF_SMALL_GTPASE_MEDIATED_SIGNAL_TRANSDUCTION	GO:0051058	signaling
GOBP_NEGATIVE_REGULATION_OF_SMALL_MOLECULE_METABOLIC_PROCESS	GO:0062014	unmapped
GOBP_NEGATIVE_REGULATION_OF_SMOOTHENED_SIGNALING_PATHWAY	GO:0045879	signaling
GOBP_NEGATIVE_REGULATION_OF_SMOOTH_MUSCLE_CELL_APOPTOTIC_PROCESS	GO:0034392	programmed cell death
GOBP_NEGATIVE_REGULATION_OF_SMOOTH_MUSCLE_CELL_CHEMOTAXIS	GO:0071672	cell motility
GOBP_NEGATIVE_REGULATION_OF_SMOOTH_MUSCLE_CELL_DIFFERENTIATION	GO:0051151	cell differentiation
GOBP_NEGATIVE_REGULATION_OF_SMOOTH_MUSCLE_CELL_MIGRATION	GO:0014912	cell motility
GOBP_NEGATIVE_REGULATION_OF_SMOOTH_MUSCLE_CELL_PROLIFERATION	GO:0048662	unmapped
GOBP_NEGATIVE_REGULATION_OF_SMOOTH_MUSCLE_CONTRACTION	GO:0045986	muscle system process
GOBP_NEGATIVE_REGULATION_OF_SODIUM_ION_TRANSMEMBRANE_TRANSPORT	GO:1902306	transmembrane transport
GOBP_NEGATIVE_REGULATION_OF_SODIUM_ION_TRANSPORT	GO:0010766	unmapped
GOBP_NEGATIVE_REGULATION_OF_SOMATIC_STEM_CELL_POPULATION_MAINTENANCE	GO:1904673	unmapped
GOBP_NEGATIVE_REGULATION_OF_SPHINGOLIPID_BIOSYNTHETIC_PROCESS	GO:0090155	lipid metabolic process
GOBP_NEGATIVE_REGULATION_OF_SPROUTING_ANGIOGENESIS	GO:1903671	anatomical structure development
GOBP_NEGATIVE_REGULATION_OF_STEM_CELL_DIFFERENTIATION	GO:2000737	cell differentiation
GOBP_NEGATIVE_REGULATION_OF_STEM_CELL_POPULATION_MAINTENANCE	GO:1902455	unmapped
GOBP_NEGATIVE_REGULATION_OF_STEM_CELL_PROLIFERATION	GO:2000647	unmapped
GOBP_NEGATIVE_REGULATION_OF_STEROID_BIOSYNTHETIC_PROCESS	GO:0010894	lipid metabolic process
GOBP_NEGATIVE_REGULATION_OF_STEROID_HORMONE_SECRETION	GO:2000832	signaling
GOBP_NEGATIVE_REGULATION_OF_STEROID_METABOLIC_PROCESS	GO:0045939	lipid metabolic process
GOBP_NEGATIVE_REGULATION_OF_STEROL_TRANSPORT	GO:0032372	unmapped
GOBP_NEGATIVE_REGULATION_OF_STRESS_ACTIVATED_PROTEIN_KINASE_SIGNALING_CASCADE	GO:0070303	signaling
GOBP_NEGATIVE_REGULATION_OF_STRIATED_MUSCLE_CELL_APOPTOTIC_PROCESS	GO:0010664	programmed cell death
GOBP_NEGATIVE_REGULATION_OF_STRIATED_MUSCLE_CELL_DIFFERENTIATION	GO:0051154	cell differentiation
GOBP_NEGATIVE_REGULATION_OF_STRIATED_MUSCLE_CONTRACTION	GO:0045988	muscle system process
GOBP_NEGATIVE_REGULATION_OF_SUBSTRATE_ADHESION_DEPENDENT_CELL_SPREADING	GO:1900025	cell adhesion
GOBP_NEGATIVE_REGULATION_OF_SUPRAMOLECULAR_FIBER_ORGANIZATION	GO:1902904	unmapped
GOBP_NEGATIVE_REGULATION_OF_SYNAPSE_ASSEMBLY	GO:0051964	cell junction organization
GOBP_NEGATIVE_REGULATION_OF_SYNAPSE_ORGANIZATION	GO:1905809	cell junction organization
GOBP_NEGATIVE_REGULATION_OF_SYNAPTIC_TRANSMISSION	GO:0050805	signaling
GOBP_NEGATIVE_REGULATION_OF_SYNAPTIC_TRANSMISSION_GLUTAMATERGIC	GO:0051967	signaling
GOBP_NEGATIVE_REGULATION_OF_SYNAPTIC_VESICLE_EXOCYTOSIS	GO:2000301	vesicle-mediated transport
GOBP_NEGATIVE_REGULATION_OF_SYNCYTIUM_FORMATION_BY_PLASMA_MEMBRANE_FUSION	GO:0034242	unmapped
GOBP_NEGATIVE_REGULATION_OF_SYSTEMIC_ARTERIAL_BLOOD_PRESSURE	GO:0003085	circulatory system process
GOBP_NEGATIVE_REGULATION_OF_TELOMERE_CAPPING	GO:1904354	telomere organization
GOBP_NEGATIVE_REGULATION_OF_TELOMERE_MAINTENANCE	GO:0032205	telomere organization
GOBP_NEGATIVE_REGULATION_OF_TELOMERE_MAINTENANCE_VIA_TELOMERASE	GO:0032211	telomere organization
GOBP_NEGATIVE_REGULATION_OF_TELOMERE_MAINTENANCE_VIA_TELOMERE_LENGTHENING	GO:1904357	telomere organization
GOBP_NEGATIVE_REGULATION_OF_THYMOCYTE_APOPTOTIC_PROCESS	GO:0070244	programmed cell death
GOBP_NEGATIVE_REGULATION_OF_TISSUE_REMODELING	GO:0034104	unmapped
GOBP_NEGATIVE_REGULATION_OF_TOLL_LIKE_RECEPTOR_2_SIGNALING_PATHWAY	GO:0034136	defense response to other organism
GOBP_NEGATIVE_REGULATION_OF_TOLL_LIKE_RECEPTOR_4_SIGNALING_PATHWAY	GO:0034144	defense response to other organism
GOBP_NEGATIVE_REGULATION_OF_TOLL_LIKE_RECEPTOR_9_SIGNALING_PATHWAY	GO:0034164	defense response to other organism
GOBP_NEGATIVE_REGULATION_OF_TOLL_LIKE_RECEPTOR_SIGNALING_PATHWAY	GO:0034122	defense response to other organism
GOBP_NEGATIVE_REGULATION_OF_TORC1_SIGNALING	GO:1904262	signaling
GOBP_NEGATIVE_REGULATION_OF_TOR_SIGNALING	GO:0032007	signaling
GOBP_NEGATIVE_REGULATION_OF_TRANSCRIPTION_BY_COMPETITIVE_PROMOTER_BINDING		unmapped
GOBP_NEGATIVE_REGULATION_OF_TRANSCRIPTION_BY_RNA_POLYMERASE_I	GO:0016479	regulation of DNA-templated transcription
GOBP_NEGATIVE_REGULATION_OF_TRANSCRIPTION_BY_RNA_POLYMERASE_II	GO:0000122	regulation of DNA-templated transcription
GOBP_NEGATIVE_REGULATION_OF_TRANSCRIPTION_REGULATORY_REGION_DNA_BINDING	GO:2000678	unmapped
GOBP_NEGATIVE_REGULATION_OF_TRANSFERASE_ACTIVITY		unmapped
GOBP_NEGATIVE_REGULATION_OF_TRANSFORMING_GROWTH_FACTOR_BETA1_PRODUCTION	GO:0032911	unmapped
GOBP_NEGATIVE_REGULATION_OF_TRANSFORMING_GROWTH_FACTOR_BETA_PRODUCTION	GO:0071635	unmapped
GOBP_NEGATIVE_REGULATION_OF_TRANSFORMING_GROWTH_FACTOR_BETA_RECEPTOR_SIGNALING_PATHWAY	GO:0030512	signaling
GOBP_NEGATIVE_REGULATION_OF_TRANSLATION	GO:0017148	unmapped
GOBP_NEGATIVE_REGULATION_OF_TRANSLATIONAL_ELONGATION	GO:0045900	unmapped
GOBP_NEGATIVE_REGULATION_OF_TRANSLATIONAL_INITIATION	GO:0045947	unmapped
GOBP_NEGATIVE_REGULATION_OF_TRANSLATIONAL_INITIATION_IN_RESPONSE_TO_STRESS	GO:0032057	unmapped
GOBP_NEGATIVE_REGULATION_OF_TRANSLATION_IN_RESPONSE_TO_STRESS	GO:0032055	unmapped
GOBP_NEGATIVE_REGULATION_OF_TRANSMEMBRANE_RECEPTOR_PROTEIN_SERINE_THREONINE_KINASE_SIGNALING_PATHWAY	GO:0090101	signaling
GOBP_NEGATIVE_REGULATION_OF_TRANSMEMBRANE_TRANSPORT	GO:0034763	transmembrane transport
GOBP_NEGATIVE_REGULATION_OF_TRANSMISSION_OF_NERVE_IMPULSE	GO:0051970	nervous system process
GOBP_NEGATIVE_REGULATION_OF_TRANSPORT	GO:0051051	unmapped
GOBP_NEGATIVE_REGULATION_OF_TRANSPORTER_ACTIVITY	GO:0032410	unmapped
GOBP_NEGATIVE_REGULATION_OF_TRIGLYCERIDE_BIOSYNTHETIC_PROCESS	GO:0010868	lipid metabolic process
GOBP_NEGATIVE_REGULATION_OF_TRIGLYCERIDE_CATABOLIC_PROCESS	GO:0010897	lipid metabolic process
GOBP_NEGATIVE_REGULATION_OF_TRIGLYCERIDE_METABOLIC_PROCESS	GO:0090209	lipid metabolic process
GOBP_NEGATIVE_REGULATION_OF_TROPHOBLAST_CELL_MIGRATION	GO:1901164	anatomical structure development
GOBP_NEGATIVE_REGULATION_OF_TUMOR_NECROSIS_FACTOR_MEDIATED_SIGNALING_PATHWAY	GO:0010804	signaling
GOBP_NEGATIVE_REGULATION_OF_TUMOR_NECROSIS_FACTOR_SUPERFAMILY_CYTOKINE_PRODUCTION	GO:1903556	unmapped
GOBP_NEGATIVE_REGULATION_OF_TYPE_2_IMMUNE_RESPONSE	GO:0002829	immune system process
GOBP_NEGATIVE_REGULATION_OF_TYPE_B_PANCREATIC_CELL_APOPTOTIC_PROCESS	GO:2000675	programmed cell death
GOBP_NEGATIVE_REGULATION_OF_TYPE_II_INTERFERON_PRODUCTION	GO:0032689	unmapped
GOBP_NEGATIVE_REGULATION_OF_TYPE_I_INTERFERON_MEDIATED_SIGNALING_PATHWAY	GO:0060339	defense response to other organism
GOBP_NEGATIVE_REGULATION_OF_TYPE_I_INTERFERON_PRODUCTION	GO:0032480	unmapped
GOBP_NEGATIVE_REGULATION_OF_T_CELL_APOPTOTIC_PROCESS	GO:0070233	programmed cell death
GOBP_NEGATIVE_REGULATION_OF_T_CELL_CYTOKINE_PRODUCTION	GO:0002725	immune system process
GOBP_NEGATIVE_REGULATION_OF_T_CELL_DIFFERENTIATION	GO:0045581	cell differentiation
GOBP_NEGATIVE_REGULATION_OF_T_CELL_DIFFERENTIATION_IN_THYMUS	GO:0033085	cell differentiation
GOBP_NEGATIVE_REGULATION_OF_T_CELL_MEDIATED_CYTOTOXICITY	GO:0001915	immune system process
GOBP_NEGATIVE_REGULATION_OF_T_CELL_MEDIATED_IMMUNE_RESPONSE_TO_TUMOR_CELL	GO:0002841	immune system process
GOBP_NEGATIVE_REGULATION_OF_T_CELL_MEDIATED_IMMUNITY	GO:0002710	immune system process
GOBP_NEGATIVE_REGULATION_OF_T_CELL_MIGRATION	GO:2000405	cell motility
GOBP_NEGATIVE_REGULATION_OF_T_CELL_PROLIFERATION	GO:0042130	cell adhesion
GOBP_NEGATIVE_REGULATION_OF_T_CELL_RECEPTOR_SIGNALING_PATHWAY	GO:0050860	signaling
GOBP_NEGATIVE_REGULATION_OF_T_HELPER_17_CELL_LINEAGE_COMMITMENT	GO:2000329	cell differentiation
GOBP_NEGATIVE_REGULATION_OF_T_HELPER_17_TYPE_IMMUNE_RESPONSE	GO:2000317	immune system process
GOBP_NEGATIVE_REGULATION_OF_T_HELPER_1_TYPE_IMMUNE_RESPONSE	GO:0002826	immune system process
GOBP_NEGATIVE_REGULATION_OF_T_HELPER_2_CELL_DIFFERENTIATION	GO:0045629	cell differentiation
GOBP_NEGATIVE_REGULATION_OF_T_HELPER_CELL_DIFFERENTIATION	GO:0045623	cell differentiation
GOBP_NEGATIVE_REGULATION_OF_UBIQUITIN_DEPENDENT_PROTEIN_CATABOLIC_PROCESS	GO:2000059	protein catabolic process
GOBP_NEGATIVE_REGULATION_OF_UBIQUITIN_PROTEIN_LIGASE_ACTIVITY	GO:1904667	unmapped
GOBP_NEGATIVE_REGULATION_OF_UBIQUITIN_PROTEIN_TRANSFERASE_ACTIVITY	GO:0051444	unmapped
GOBP_NEGATIVE_REGULATION_OF_URINE_VOLUME	GO:0035811	renal system process
GOBP_NEGATIVE_REGULATION_OF_VASCULAR_ASSOCIATED_SMOOTH_MUSCLE_CELL_APOPTOTIC_PROCESS	GO:1905460	programmed cell death
GOBP_NEGATIVE_REGULATION_OF_VASCULAR_ASSOCIATED_SMOOTH_MUSCLE_CELL_DIFFERENTIATION	GO:1905064	cell differentiation
GOBP_NEGATIVE_REGULATION_OF_VASCULAR_ASSOCIATED_SMOOTH_MUSCLE_CELL_MIGRATION	GO:1904753	cell motility
GOBP_NEGATIVE_REGULATION_OF_VASCULAR_ASSOCIATED_SMOOTH_MUSCLE_CELL_PROLIFERATION	GO:1904706	unmapped
GOBP_NEGATIVE_REGULATION_OF_VASCULAR_ENDOTHELIAL_CELL_PROLIFERATION	GO:1905563	unmapped
GOBP_NEGATIVE_REGULATION_OF_VASCULAR_ENDOTHELIAL_GROWTH_FACTOR_PRODUCTION	GO:1904046	unmapped
GOBP_NEGATIVE_REGULATION_OF_VASCULAR_ENDOTHELIAL_GROWTH_FACTOR_RECEPTOR_SIGNALING_PATHWAY	GO:0030948	signaling
GOBP_NEGATIVE_REGULATION_OF_VASCULAR_PERMEABILITY	GO:0043116	circulatory system process
GOBP_NEGATIVE_REGULATION_OF_VASCULAR_WOUND_HEALING	GO:0061044	wound healing
GOBP_NEGATIVE_REGULATION_OF_VASCULATURE_DEVELOPMENT	GO:1901343	anatomical structure development
GOBP_NEGATIVE_REGULATION_OF_VASOCONSTRICTION	GO:0045906	circulatory system process
GOBP_NEGATIVE_REGULATION_OF_VERY_LOW_DENSITY_LIPOPROTEIN_PARTICLE_REMODELING	GO:0010903	unmapped
GOBP_NEGATIVE_REGULATION_OF_VIRAL_GENOME_REPLICATION	GO:0045071	unmapped
GOBP_NEGATIVE_REGULATION_OF_VIRAL_LIFE_CYCLE	GO:1903901	unmapped
GOBP_NEGATIVE_REGULATION_OF_VIRAL_PROCESS	GO:0048525	unmapped
GOBP_NEGATIVE_REGULATION_OF_VIRAL_TRANSCRIPTION	GO:0032897	unmapped
GOBP_NEGATIVE_REGULATION_OF_VITAMIN_METABOLIC_PROCESS	GO:0046137	vitamin metabolic process
GOBP_NEGATIVE_REGULATION_OF_VOLTAGE_GATED_CALCIUM_CHANNEL_ACTIVITY	GO:1901386	transmembrane transport
GOBP_NEGATIVE_REGULATION_OF_WNT_SIGNALING_PATHWAY	GO:0030178	signaling
GOBP_NEGATIVE_REGULATION_OF_WOUND_HEALING	GO:0061045	wound healing
GOBP_NEGATIVE_REGULATION_OF_WOUND_HEALING_SPREADING_OF_EPIDERMAL_CELLS	GO:1903690	wound healing
GOBP_NEGATIVE_T_CELL_SELECTION	GO:0043383	cell differentiation
GOBP_NEPHRIC_DUCT_DEVELOPMENT	GO:0072176	anatomical structure development
GOBP_NEPHRIC_DUCT_FORMATION	GO:0072179	anatomical structure development
GOBP_NEPHRIC_DUCT_MORPHOGENESIS	GO:0072178	anatomical structure development
GOBP_NEPHRON_DEVELOPMENT	GO:0072006	anatomical structure development
GOBP_NEPHRON_EPITHELIUM_DEVELOPMENT	GO:0072009	anatomical structure development
GOBP_NEPHRON_TUBULE_EPITHELIAL_CELL_DIFFERENTIATION	GO:0072160	cell differentiation
GOBP_NEPHRON_TUBULE_FORMATION	GO:0072079	anatomical structure development
GOBP_NERVE_DEVELOPMENT	GO:0021675	anatomical structure development
GOBP_NERVE_GROWTH_FACTOR_SIGNALING_PATHWAY	GO:0038180	signaling
GOBP_NERVOUS_SYSTEM_PROCESS	GO:0050877	nervous system process
GOBP_NERVOUS_SYSTEM_PROCESS_INVOLVED_IN_REGULATION_OF_SYSTEMIC_ARTERIAL_BLOOD_PRESSURE	GO:0001976	circulatory system process
GOBP_NETRIN_ACTIVATED_SIGNALING_PATHWAY	GO:0038007	signaling
GOBP_NEURAL_CREST_CELL_DIFFERENTIATION	GO:0014033	cell differentiation
GOBP_NEURAL_CREST_CELL_FATE_COMMITMENT	GO:0014034	cell differentiation
GOBP_NEURAL_CREST_CELL_MIGRATION_INVOLVED_IN_AUTONOMIC_NERVOUS_SYSTEM_DEVELOPMENT	GO:1901166	cell differentiation
GOBP_NEURAL_CREST_FORMATION	GO:0014029	cell differentiation
GOBP_NEURAL_FOLD_FORMATION	GO:0001842	anatomical structure development
GOBP_NEURAL_NUCLEUS_DEVELOPMENT	GO:0048857	anatomical structure development
GOBP_NEURAL_PLATE_DEVELOPMENT	GO:0001840	anatomical structure development
GOBP_NEURAL_PLATE_MORPHOGENESIS	GO:0001839	anatomical structure development
GOBP_NEURAL_PLATE_PATTERN_SPECIFICATION	GO:0060896	anatomical structure development
GOBP_NEURAL_PLATE_REGIONALIZATION	GO:0060897	anatomical structure development
GOBP_NEURAL_PRECURSOR_CELL_PROLIFERATION	GO:0061351	unmapped
GOBP_NEURAL_RETINA_DEVELOPMENT	GO:0003407	anatomical structure development
GOBP_NEURAL_TUBE_DEVELOPMENT	GO:0021915	anatomical structure development
GOBP_NEURAL_TUBE_FORMATION	GO:0001841	anatomical structure development
GOBP_NEURAL_TUBE_PATTERNING	GO:0021532	anatomical structure development
GOBP_NEUROBLAST_DIFFERENTIATION	GO:0014016	cell differentiation
GOBP_NEUROBLAST_DIVISION	GO:0055057	cell differentiation
GOBP_NEUROBLAST_MIGRATION	GO:0097402	cell motility
GOBP_NEUROBLAST_PROLIFERATION	GO:0007405	cell differentiation
GOBP_NEUROENDOCRINE_CELL_DIFFERENTIATION	GO:0061101	cell differentiation
GOBP_NEUROEPITHELIAL_CELL_DIFFERENTIATION	GO:0060563	cell differentiation
GOBP_NEUROFIBRILLARY_TANGLE_ASSEMBLY	GO:1902988	unmapped
GOBP_NEUROFILAMENT_CYTOSKELETON_ORGANIZATION	GO:0060052	cytoskeleton organization
GOBP_NEUROGENESIS	GO:0022008	cell differentiation
GOBP_NEUROINFLAMMATORY_RESPONSE	GO:0150076	inflammatory response
GOBP_NEUROMUSCULAR_JUNCTION_DEVELOPMENT	GO:0007528	cell junction organization
GOBP_NEUROMUSCULAR_PROCESS	GO:0050905	nervous system process
GOBP_NEUROMUSCULAR_PROCESS_CONTROLLING_BALANCE	GO:0050885	nervous system process
GOBP_NEUROMUSCULAR_PROCESS_CONTROLLING_POSTURE	GO:0050884	nervous system process
GOBP_NEUROMUSCULAR_SYNAPTIC_TRANSMISSION	GO:0007274	signaling
GOBP_NEURONAL_ACTION_POTENTIAL	GO:0019228	nervous system process
GOBP_NEURONAL_DENSE_CORE_VESICLE_EXOCYTOSIS	GO:0099011	vesicle-mediated transport
GOBP_NEURONAL_ION_CHANNEL_CLUSTERING	GO:0045161	membrane organization
GOBP_NEURONAL_SIGNAL_TRANSDUCTION	GO:0023041	signaling
GOBP_NEURONAL_STEM_CELL_POPULATION_MAINTENANCE	GO:0097150	unmapped
GOBP_NEURON_APOPTOTIC_PROCESS	GO:0051402	programmed cell death
GOBP_NEURON_CELLULAR_HOMEOSTASIS	GO:0070050	unmapped
GOBP_NEURON_CELL_CELL_ADHESION	GO:0007158	cell adhesion
GOBP_NEURON_DEVELOPMENT	GO:0048666	cell differentiation
GOBP_NEURON_FATE_COMMITMENT	GO:0048663	cell differentiation
GOBP_NEURON_FATE_DETERMINATION	GO:0048664	cell differentiation
GOBP_NEURON_FATE_SPECIFICATION	GO:0048665	cell differentiation
GOBP_NEURON_GLIAL_CELL_SIGNALING	GO:0150099	signaling
GOBP_NEURON_INTRINSIC_APOPTOTIC_SIGNALING_PATHWAY_IN_RESPONSE_TO_ENDOPLASMIC_RETICULUM_STRESS	GO:0036483	programmed cell death
GOBP_NEURON_INTRINSIC_APOPTOTIC_SIGNALING_PATHWAY_IN_RESPONSE_TO_OXIDATIVE_STRESS	GO:0036480	programmed cell death
GOBP_NEURON_MATURATION	GO:0042551	cell differentiation
GOBP_NEURON_MIGRATION	GO:0001764	cell differentiation
GOBP_NEURON_NEURON_SYNAPTIC_TRANSMISSION	GO:0007270	signaling
GOBP_NEURON_PROJECTION_ARBORIZATION	GO:0140058	cell differentiation
GOBP_NEURON_PROJECTION_EXTENSION	GO:1990138	cell differentiation
GOBP_NEURON_PROJECTION_EXTENSION_INVOLVED_IN_NEURON_PROJECTION_GUIDANCE		unmapped
GOBP_NEURON_PROJECTION_GUIDANCE	GO:0097485	cell differentiation
GOBP_NEURON_PROJECTION_MAINTENANCE	GO:1990535	unmapped
GOBP_NEURON_PROJECTION_ORGANIZATION	GO:0106027	unmapped
GOBP_NEURON_PROJECTION_REGENERATION	GO:0031102	cell differentiation
GOBP_NEURON_RECOGNITION	GO:0008038	cell differentiation
GOBP_NEURON_REMODELING	GO:0016322	cell differentiation
GOBP_NEUROPEPTIDE_SIGNALING_PATHWAY	GO:0007218	signaling
GOBP_NEUROTRANSMITTER_GATED_ION_CHANNEL_CLUSTERING	GO:0072578	cell junction organization
GOBP_NEUROTRANSMITTER_LOADING_INTO_SYNAPTIC_VESICLE	GO:0098700	vesicle-mediated transport
GOBP_NEUROTRANSMITTER_RECEPTOR_INTERNALIZATION	GO:0099590	vesicle-mediated transport
GOBP_NEUROTRANSMITTER_RECEPTOR_LOCALIZATION_TO_POSTSYNAPTIC_SPECIALIZATION_MEMBRANE	GO:0099645	unmapped
GOBP_NEUROTRANSMITTER_RECEPTOR_TRANSPORT	GO:0099637	unmapped
GOBP_NEUROTRANSMITTER_RECEPTOR_TRANSPORT_ENDOSOME_TO_POSTSYNAPTIC_MEMBRANE	GO:0098887	intracellular protein transport
GOBP_NEUROTRANSMITTER_RECEPTOR_TRANSPORT_TO_PLASMA_MEMBRANE	GO:0098877	vesicle-mediated transport
GOBP_NEUROTRANSMITTER_REUPTAKE	GO:0098810	unmapped
GOBP_NEUROTRANSMITTER_SECRETION	GO:0007269	signaling
GOBP_NEUROTRANSMITTER_TRANSPORT	GO:0006836	unmapped
GOBP_NEUROTRANSMITTER_UPTAKE	GO:0001504	unmapped
GOBP_NEUROTROPHIN_PRODUCTION	GO:0032898	unmapped
GOBP_NEUROTROPHIN_SIGNALING_PATHWAY	GO:0038179	signaling
GOBP_NEUROTROPHIN_TRK_RECEPTOR_SIGNALING_PATHWAY	GO:0048011	signaling
GOBP_NEUTRAL_AMINO_ACID_TRANSPORT	GO:0015804	unmapped
GOBP_NEUTRAL_LIPID_BIOSYNTHETIC_PROCESS	GO:0046460	lipid metabolic process
GOBP_NEUTRAL_LIPID_CATABOLIC_PROCESS	GO:0046461	lipid metabolic process
GOBP_NEUTRAL_LIPID_METABOLIC_PROCESS	GO:0006638	lipid metabolic process
GOBP_NEUTROPHIL_ACTIVATION_INVOLVED_IN_IMMUNE_RESPONSE	GO:0002283	immune system process
GOBP_NEUTROPHIL_APOPTOTIC_PROCESS	GO:0001781	programmed cell death
GOBP_NEUTROPHIL_CHEMOTAXIS	GO:0030593	cell motility
GOBP_NEUTROPHIL_CLEARANCE	GO:0097350	vesicle-mediated transport
GOBP_NEUTROPHIL_DEGRANULATION	GO:0043312	vesicle-mediated transport
GOBP_NEUTROPHIL_DIFFERENTIATION	GO:0030223	cell differentiation
GOBP_NEUTROPHIL_EXTRAVASATION	GO:0072672	cell motility
GOBP_NEUTROPHIL_HOMEOSTASIS	GO:0001780	immune system process
GOBP_NEUTROPHIL_MEDIATED_CYTOTOXICITY	GO:0070942	immune system process
GOBP_NEUTROPHIL_MEDIATED_IMMUNITY	GO:0002446	immune system process
GOBP_NEUTROPHIL_MEDIATED_KILLING_OF_BACTERIUM	GO:0070944	immune system process
GOBP_NEUTROPHIL_MEDIATED_KILLING_OF_GRAM_NEGATIVE_BACTERIUM	GO:0070945	immune system process
GOBP_NEUTROPHIL_MIGRATION	GO:1990266	cell motility
GOBP_NITRIC_OXIDE_CGMP_MEDIATED_SIGNALING	GO:0038060	signaling
GOBP_NITRIC_OXIDE_MEDIATED_SIGNAL_TRANSDUCTION		unmapped
GOBP_NITRIC_OXIDE_TRANSPORT	GO:0030185	unmapped
GOBP_NITROGEN_COMPOUND_TRANSPORT	GO:0071705	unmapped
GOBP_NITROGEN_CYCLE_METABOLIC_PROCESS	GO:0071941	nitrogen cycle metabolic process
GOBP_NITROGEN_UTILIZATION	GO:0019740	unmapped
GOBP_NK_T_CELL_ACTIVATION	GO:0051132	immune system process
GOBP_NK_T_CELL_DIFFERENTIATION	GO:0001865	cell differentiation
GOBP_NK_T_CELL_PROLIFERATION	GO:0001866	immune system process
GOBP_NLS_BEARING_PROTEIN_IMPORT_INTO_NUCLEUS	GO:0006607	nucleocytoplasmic transport
GOBP_NMDA_GLUTAMATE_RECEPTOR_CLUSTERING	GO:0097114	cell junction organization
GOBP_NMDA_SELECTIVE_GLUTAMATE_RECEPTOR_SIGNALING_PATHWAY	GO:0098989	signaling
GOBP_NODAL_SIGNALING_PATHWAY	GO:0038092	signaling
GOBP_NONASSOCIATIVE_LEARNING	GO:0046958	nervous system process
GOBP_NONRIBOSOMAL_PEPTIDE_BIOSYNTHETIC_PROCESS	GO:0019184	unmapped
GOBP_NON_CANONICAL_NF_KAPPAB_SIGNAL_TRANSDUCTION	GO:0038061	signaling
GOBP_NON_CANONICAL_WNT_SIGNALING_PATHWAY	GO:0035567	signaling
GOBP_NON_LYTIC_VIRAL_RELEASE	GO:0046753	unmapped
GOBP_NON_MOTILE_CILIUM_ASSEMBLY	GO:1905515	cilium organization
GOBP_NON_PROTEINOGENIC_AMINO_ACID_BIOSYNTHETIC_PROCESS	GO:0170043	amino acid metabolic process
GOBP_NON_PROTEINOGENIC_AMINO_ACID_CATABOLIC_PROCESS	GO:0170044	amino acid metabolic process
GOBP_NON_PROTEINOGENIC_AMINO_ACID_METABOLIC_PROCESS	GO:0170041	amino acid metabolic process
GOBP_NORADRENERGIC_NEURON_DEVELOPMENT	GO:0003358	cell differentiation
GOBP_NORADRENERGIC_NEURON_DIFFERENTIATION	GO:0003357	cell differentiation
GOBP_NOREPINEPHRINE_BIOSYNTHETIC_PROCESS	GO:0042421	unmapped
GOBP_NOREPINEPHRINE_METABOLIC_PROCESS	GO:0042415	unmapped
GOBP_NOREPINEPHRINE_SECRETION	GO:0048243	signaling
GOBP_NOREPINEPHRINE_TRANSPORT		unmapped
GOBP_NOREPINEPHRINE_UPTAKE	GO:0051620	unmapped
GOBP_NOSE_DEVELOPMENT	GO:0043584	anatomical structure development
GOBP_NOTCH_RECEPTOR_PROCESSING	GO:0007220	unmapped
GOBP_NOTCH_SIGNALING_PATHWAY	GO:0007219	signaling
GOBP_NOTOCHORD_DEVELOPMENT	GO:0030903	anatomical structure development
GOBP_NOTOCHORD_MORPHOGENESIS	GO:0048570	anatomical structure development
GOBP_NUCLEAR_BODY_ORGANIZATION	GO:0030575	unmapped
GOBP_NUCLEAR_CHROMOSOME_SEGREGATION	GO:0098813	chromosome segregation
GOBP_NUCLEAR_ENVELOPE_ORGANIZATION	GO:0006998	membrane organization
GOBP_NUCLEAR_EXPORT	GO:0051168	nucleocytoplasmic transport
GOBP_NUCLEAR_MEMBRANE_ORGANIZATION	GO:0071763	membrane organization
GOBP_NUCLEAR_MEMBRANE_REASSEMBLY	GO:0031468	membrane organization
GOBP_NUCLEAR_MIGRATION	GO:0007097	unmapped
GOBP_NUCLEAR_MIGRATION_ALONG_MICROTUBULE	GO:0030473	microtubule-based movement
GOBP_NUCLEAR_MRNA_SURVEILLANCE	GO:0071028	mRNA metabolic process
GOBP_NUCLEAR_PORE_COMPLEX_ASSEMBLY	GO:0051292	protein-containing complex assembly
GOBP_NUCLEAR_PORE_LOCALIZATION	GO:0051664	unmapped
GOBP_NUCLEAR_PORE_ORGANIZATION	GO:0006999	unmapped
GOBP_NUCLEAR_RECEPTOR_MEDIATED_CORTICOSTEROID_SIGNALING_PATHWAY	GO:0031958	signaling
GOBP_NUCLEAR_RECEPTOR_MEDIATED_SIGNALING_PATHWAY	GO:0141193	signaling
GOBP_NUCLEAR_TRANSCRIBED_MRNA_CATABOLIC_PROCESS	GO:0000956	mRNA metabolic process
GOBP_NUCLEAR_TRANSCRIBED_MRNA_CATABOLIC_PROCESS_DEADENYLATION_DEPENDENT_DECAY	GO:0000288	mRNA metabolic process
GOBP_NUCLEAR_TRANSCRIBED_MRNA_CATABOLIC_PROCESS_DEADENYLATION_INDEPENDENT_DECAY	GO:0031086	mRNA metabolic process
GOBP_NUCLEAR_TRANSCRIBED_MRNA_CATABOLIC_PROCESS_NONSENSE_MEDIATED_DECAY	GO:0000184	mRNA metabolic process
GOBP_NUCLEAR_TRANSCRIBED_MRNA_CATABOLIC_PROCESS_NO_GO_DECAY	GO:0070966	mRNA metabolic process
GOBP_NUCLEAR_TRANSCRIBED_MRNA_POLY_A_TAIL_SHORTENING	GO:0000289	mRNA metabolic process
GOBP_NUCLEAR_TRANSPORT	GO:0051169	unmapped
GOBP_NUCLEIC_ACID_CATABOLIC_PROCESS	GO:0141188	unmapped
GOBP_NUCLEOBASE_BIOSYNTHETIC_PROCESS	GO:0046112	nucleobase-containing small molecule metabolic process
GOBP_NUCLEOBASE_CATABOLIC_PROCESS	GO:0046113	nucleobase-containing small molecule metabolic process
GOBP_NUCLEOBASE_CONTAINING_COMPOUND_CATABOLIC_PROCESS	GO:0034655	unmapped
GOBP_NUCLEOBASE_CONTAINING_COMPOUND_TRANSPORT	GO:0015931	unmapped
GOBP_NUCLEOBASE_CONTAINING_SMALL_MOLECULE_BIOSYNTHETIC_PROCESS	GO:0034404	nucleobase-containing small molecule metabolic process
GOBP_NUCLEOBASE_CONTAINING_SMALL_MOLECULE_CATABOLIC_PROCESS	GO:0034656	nucleobase-containing small molecule metabolic process
GOBP_NUCLEOBASE_CONTAINING_SMALL_MOLECULE_INTERCONVERSION	GO:0015949	nucleobase-containing small molecule metabolic process
GOBP_NUCLEOBASE_CONTAINING_SMALL_MOLECULE_METABOLIC_PROCESS	GO:0055086	nucleobase-containing small molecule metabolic process
GOBP_NUCLEOBASE_METABOLIC_PROCESS	GO:0009112	nucleobase-containing small molecule metabolic process
GOBP_NUCLEOBASE_TRANSPORT	GO:0015851	unmapped
GOBP_NUCLEOLAR_CHROMATIN_ORGANIZATION	GO:1990700	chromatin organization
GOBP_NUCLEOLAR_LARGE_RRNA_TRANSCRIPTION_BY_RNA_POLYMERASE_I	GO:0042790	DNA-templated transcription
GOBP_NUCLEOLUS_ORGANIZATION	GO:0007000	unmapped
GOBP_NUCLEOPHAGY	GO:0044804	autophagy
GOBP_NUCLEOSIDE_CATABOLIC_PROCESS	GO:0009164	nucleobase-containing small molecule metabolic process
GOBP_NUCLEOSIDE_DIPHOSPHATE_BIOSYNTHETIC_PROCESS	GO:0009133	nucleobase-containing small molecule metabolic process
GOBP_NUCLEOSIDE_DIPHOSPHATE_CATABOLIC_PROCESS	GO:0009134	nucleobase-containing small molecule metabolic process
GOBP_NUCLEOSIDE_DIPHOSPHATE_METABOLIC_PROCESS	GO:0009132	nucleobase-containing small molecule metabolic process
GOBP_NUCLEOSIDE_METABOLIC_PROCESS	GO:0009116	nucleobase-containing small molecule metabolic process
GOBP_NUCLEOSIDE_MONOPHOSPHATE_BIOSYNTHETIC_PROCESS	GO:0009124	nucleobase-containing small molecule metabolic process
GOBP_NUCLEOSIDE_MONOPHOSPHATE_CATABOLIC_PROCESS	GO:0009125	nucleobase-containing small molecule metabolic process
GOBP_NUCLEOSIDE_MONOPHOSPHATE_METABOLIC_PROCESS	GO:0009123	nucleobase-containing small molecule metabolic process
GOBP_NUCLEOSIDE_MONOPHOSPHATE_PHOSPHORYLATION	GO:0046940	nucleobase-containing small molecule metabolic process
GOBP_NUCLEOSIDE_PHOSPHATE_BIOSYNTHETIC_PROCESS	GO:1901293	nucleobase-containing small molecule metabolic process
GOBP_NUCLEOSIDE_PHOSPHATE_CATABOLIC_PROCESS	GO:1901292	nucleobase-containing small molecule metabolic process
GOBP_NUCLEOSIDE_SALVAGE	GO:0043174	nucleobase-containing small molecule metabolic process
GOBP_NUCLEOSIDE_TRANSMEMBRANE_TRANSPORT	GO:1901642	transmembrane transport
GOBP_NUCLEOSIDE_TRANSPORT	GO:0015858	unmapped
GOBP_NUCLEOSIDE_TRIPHOSPHATE_BIOSYNTHETIC_PROCESS	GO:0009142	nucleobase-containing small molecule metabolic process
GOBP_NUCLEOSIDE_TRIPHOSPHATE_CATABOLIC_PROCESS	GO:0009143	nucleobase-containing small molecule metabolic process
GOBP_NUCLEOSIDE_TRIPHOSPHATE_METABOLIC_PROCESS	GO:0009141	nucleobase-containing small molecule metabolic process
GOBP_NUCLEOSOME_ORGANIZATION	GO:0034728	chromatin organization
GOBP_NUCLEOTIDE_BINDING_DOMAIN_LEUCINE_RICH_REPEAT_CONTAINING_RECEPTOR_SIGNALING_PATHWAY	GO:0035872	defense response to other organism
GOBP_NUCLEOTIDE_BINDING_OLIGOMERIZATION_DOMAIN_CONTAINING_1_SIGNALING_PATHWAY	GO:0070427	defense response to other organism
GOBP_NUCLEOTIDE_BINDING_OLIGOMERIZATION_DOMAIN_CONTAINING_2_SIGNALING_PATHWAY	GO:0070431	defense response to other organism
GOBP_NUCLEOTIDE_BIOSYNTHETIC_PROCESS	GO:0009165	nucleobase-containing small molecule metabolic process
GOBP_NUCLEOTIDE_EXCISION_REPAIR	GO:0006289	DNA repair
GOBP_NUCLEOTIDE_EXCISION_REPAIR_DNA_GAP_FILLING	GO:0006297	DNA repair
GOBP_NUCLEOTIDE_METABOLIC_PROCESS	GO:0009117	nucleobase-containing small molecule metabolic process
GOBP_NUCLEOTIDE_SALVAGE	GO:0043173	nucleobase-containing small molecule metabolic process
GOBP_NUCLEOTIDE_SUGAR_BIOSYNTHETIC_PROCESS	GO:0009226	nucleobase-containing small molecule metabolic process
GOBP_NUCLEOTIDE_SUGAR_METABOLIC_PROCESS	GO:0009225	nucleobase-containing small molecule metabolic process
GOBP_NUCLEOTIDE_SUGAR_TRANSMEMBRANE_TRANSPORT	GO:0015780	transmembrane transport
GOBP_NUCLEOTIDE_TRANSMEMBRANE_TRANSPORT	GO:1901679	transmembrane transport
GOBP_NUCLEOTIDE_TRANSPORT	GO:0006862	unmapped
GOBP_NUCLEUS_LOCALIZATION	GO:0051647	unmapped
GOBP_NUCLEUS_ORGANIZATION	GO:0006997	unmapped
GOBP_NUTRIENT_STORAGE	GO:0170062	unmapped
GOBP_N_ACETYLGLUCOSAMINE_METABOLIC_PROCESS	GO:0006044	carbohydrate derivative metabolic process
GOBP_N_ACETYLNEURAMINATE_CATABOLIC_PROCESS	GO:0019262	carbohydrate derivative metabolic process
GOBP_N_ACETYLNEURAMINATE_METABOLIC_PROCESS	GO:0006054	carbohydrate derivative metabolic process
GOBP_N_ACYLETHANOLAMINE_METABOLIC_PROCESS	GO:0070291	unmapped
GOBP_N_ACYLPHOSPHATIDYLETHANOLAMINE_METABOLIC_PROCESS	GO:0070292	lipid metabolic process
GOBP_N_GLYCAN_FUCOSYLATION		unmapped
GOBP_N_GLYCAN_PROCESSING	GO:0006491	glycoprotein biosynthetic process
GOBP_N_TERMINAL_PROTEIN_AMINO_ACID_ACETYLATION	GO:0006474	protein maturation
GOBP_N_TERMINAL_PROTEIN_AMINO_ACID_MODIFICATION	GO:0031365	unmapped
GOBP_N_TERMINAL_PROTEIN_LIPIDATION	GO:0006498	unmapped
GOBP_OBSERVATIONAL_LEARNING	GO:0098597	nervous system process
GOBP_ODONTOBLAST_DIFFERENTIATION	GO:0071895	cell differentiation
GOBP_ODONTOGENESIS	GO:0042476	anatomical structure development
GOBP_ODONTOGENESIS_OF_DENTIN_CONTAINING_TOOTH	GO:0042475	anatomical structure development
GOBP_OLEFINIC_COMPOUND_BIOSYNTHETIC_PROCESS	GO:0120255	unmapped
GOBP_OLEFINIC_COMPOUND_METABOLIC_PROCESS	GO:0120254	unmapped
GOBP_OLFACTORY_BEHAVIOR	GO:0042048	unmapped
GOBP_OLFACTORY_BULB_INTERNEURON_DEVELOPMENT	GO:0021891	cell differentiation
GOBP_OLFACTORY_BULB_INTERNEURON_DIFFERENTIATION	GO:0021889	cell differentiation
GOBP_OLFACTORY_LOBE_DEVELOPMENT	GO:0021988	anatomical structure development
GOBP_OLFACTORY_NERVE_DEVELOPMENT	GO:0021553	anatomical structure development
GOBP_OLIGODENDROCYTE_APOPTOTIC_PROCESS	GO:0097252	programmed cell death
GOBP_OLIGODENDROCYTE_DEVELOPMENT	GO:0014003	cell differentiation
GOBP_OLIGODENDROCYTE_DIFFERENTIATION	GO:0048709	cell differentiation
GOBP_OLIGODENDROCYTE_PROGENITOR_PROLIFERATION	GO:0070444	cell differentiation
GOBP_OLIGOPEPTIDE_IMPORT_ACROSS_PLASMA_MEMBRANE	GO:0140205	transmembrane transport
GOBP_OLIGOPEPTIDE_TRANSPORT	GO:0006857	unmapped
GOBP_OLIGOSACCHARIDE_BIOSYNTHETIC_PROCESS	GO:0009312	carbohydrate metabolic process
GOBP_OLIGOSACCHARIDE_CATABOLIC_PROCESS	GO:0009313	carbohydrate metabolic process
GOBP_OLIGOSACCHARIDE_METABOLIC_PROCESS	GO:0009311	carbohydrate metabolic process
GOBP_OMEGA_HYDROXYLASE_P450_PATHWAY	GO:0097267	lipid metabolic process
GOBP_ONCOGENE_INDUCED_CELL_SENESCENCE	GO:0090402	unmapped
GOBP_ONE_CARBON_COMPOUND_TRANSPORT	GO:0019755	unmapped
GOBP_ONE_CARBON_METABOLIC_PROCESS	GO:0006730	unmapped
GOBP_OOCYTE_ANTERIOR_POSTERIOR_AXIS_SPECIFICATION	GO:0007314	cell differentiation
GOBP_OOCYTE_CONSTRUCTION	GO:0007308	cell differentiation
GOBP_OOCYTE_DIFFERENTIATION	GO:0009994	cell differentiation
GOBP_OOCYTE_MATURATION	GO:0001556	cell differentiation
GOBP_OOGENESIS	GO:0048477	cell differentiation
GOBP_OPSONIZATION	GO:0008228	vesicle-mediated transport
GOBP_OPTIC_CUP_MORPHOGENESIS_INVOLVED_IN_CAMERA_TYPE_EYE_DEVELOPMENT	GO:0002072	anatomical structure development
GOBP_OPTIC_NERVE_DEVELOPMENT	GO:0021554	anatomical structure development
GOBP_OPTIC_NERVE_MORPHOGENESIS	GO:0021631	anatomical structure development
GOBP_ORGANELLE_ASSEMBLY	GO:0070925	unmapped
GOBP_ORGANELLE_DISASSEMBLY	GO:1903008	unmapped
GOBP_ORGANELLE_FISSION	GO:0048285	unmapped
GOBP_ORGANELLE_FUSION	GO:0048284	unmapped
GOBP_ORGANELLE_INHERITANCE	GO:0048308	unmapped
GOBP_ORGANELLE_LOCALIZATION	GO:0051640	unmapped
GOBP_ORGANELLE_MEMBRANE_FUSION	GO:0090174	membrane organization
GOBP_ORGANELLE_TRANSPORT_ALONG_MICROTUBULE	GO:0072384	microtubule-based movement
GOBP_ORGANIC_ACID_BIOSYNTHETIC_PROCESS		unmapped
GOBP_ORGANIC_ACID_CATABOLIC_PROCESS		unmapped
GOBP_ORGANIC_ACID_METABOLIC_PROCESS		unmapped
GOBP_ORGANIC_ACID_TRANSMEMBRANE_TRANSPORT		unmapped
GOBP_ORGANIC_ACID_TRANSPORT	GO:0015849	unmapped
GOBP_ORGANIC_ANION_TRANSPORT		unmapped
GOBP_ORGANIC_CATION_TRANSPORT		unmapped
GOBP_ORGANIC_HYDROXY_COMPOUND_TRANSPORT	GO:0015850	unmapped
GOBP_ORGANISM_EMERGENCE_FROM_PROTECTIVE_STRUCTURE	GO:0071684	unmapped
GOBP_ORGANOPHOSPHATE_BIOSYNTHETIC_PROCESS	GO:0090407	unmapped
GOBP_ORGANOPHOSPHATE_CATABOLIC_PROCESS	GO:0046434	unmapped
GOBP_ORGANOPHOSPHATE_ESTER_TRANSPORT	GO:0015748	unmapped
GOBP_ORGANOPHOSPHATE_METABOLIC_PROCESS	GO:0019637	unmapped
GOBP_ORGAN_GROWTH	GO:0035265	unmapped
GOBP_ORGAN_INDUCTION	GO:0001759	anatomical structure development
GOBP_ORGAN_OR_TISSUE_SPECIFIC_IMMUNE_RESPONSE	GO:0002251	immune system process
GOBP_ORNITHINE_METABOLIC_PROCESS	GO:0006591	amino acid metabolic process
GOBP_ORNITHINE_TRANSPORT	GO:0015822	unmapped
GOBP_OSMOSENSORY_SIGNALING_PATHWAY	GO:0007231	signaling
GOBP_OSSIFICATION	GO:0001503	unmapped
GOBP_OSTEOBLAST_DEVELOPMENT	GO:0002076	cell differentiation
GOBP_OSTEOBLAST_DIFFERENTIATION	GO:0001649	cell differentiation
GOBP_OSTEOBLAST_PROLIFERATION	GO:0033687	unmapped
GOBP_OSTEOCLAST_DIFFERENTIATION	GO:0030316	cell differentiation
GOBP_OSTEOCLAST_FUSION	GO:0072675	cell differentiation
GOBP_OSTEOCLAST_PROLIFERATION	GO:0002158	unmapped
GOBP_OTIC_VESICLE_DEVELOPMENT	GO:0071599	anatomical structure development
GOBP_OTIC_VESICLE_FORMATION	GO:0030916	anatomical structure development
GOBP_OTIC_VESICLE_MORPHOGENESIS	GO:0071600	anatomical structure development
GOBP_OTOLITH_DEVELOPMENT	GO:0048840	anatomical structure development
GOBP_OTOLITH_MORPHOGENESIS	GO:0032474	anatomical structure development
GOBP_OUTER_DYNEIN_ARM_ASSEMBLY	GO:0036158	cilium organization
GOBP_OUTER_EAR_MORPHOGENESIS	GO:0042473	anatomical structure development
GOBP_OUTFLOW_TRACT_MORPHOGENESIS	GO:0003151	anatomical structure development
GOBP_OUTFLOW_TRACT_SEPTUM_MORPHOGENESIS	GO:0003148	anatomical structure development
GOBP_OVARIAN_FOLLICLE_DEVELOPMENT	GO:0001541	anatomical structure development
GOBP_OVIDUCT_DEVELOPMENT	GO:0060066	anatomical structure development
GOBP_OVULATION	GO:0030728	reproductive process
GOBP_OVULATION_CYCLE	GO:0042698	reproductive process
GOBP_OVULATION_CYCLE_PROCESS	GO:0022602	reproductive process
GOBP_OVULATION_FROM_OVARIAN_FOLLICLE	GO:0001542	anatomical structure development
GOBP_OXALATE_TRANSPORT	GO:0019532	unmapped
GOBP_OXALOACETATE_METABOLIC_PROCESS	GO:0006107	unmapped
GOBP_OXIDATIVE_DEMETHYLATION	GO:0070989	unmapped
GOBP_OXIDATIVE_PHOSPHORYLATION	GO:0006119	generation of precursor metabolites and energy
GOBP_OXYGEN_METABOLIC_PROCESS	GO:0072592	unmapped
GOBP_OXYGEN_TRANSPORT	GO:0015671	unmapped
GOBP_O_GLYCAN_PROCESSING		unmapped
GOBP_P38MAPK_CASCADE	GO:0038066	signaling
GOBP_PALLIUM_DEVELOPMENT	GO:0021543	anatomical structure development
GOBP_PANCREAS_DEVELOPMENT	GO:0031016	anatomical structure development
GOBP_PANCREATIC_A_CELL_DIFFERENTIATION	GO:0003310	cell differentiation
GOBP_PANCREATIC_JUICE_SECRETION	GO:0030157	digestive system process
GOBP_PANTOTHENATE_METABOLIC_PROCESS	GO:0015939	modified amino acid metabolic process
GOBP_PARACELLULAR_TRANSPORT	GO:0160184	unmapped
GOBP_PARACRINE_SIGNALING	GO:0038001	signaling
GOBP_PARALLEL_ACTIN_FILAMENT_BUNDLE_ASSEMBLY	GO:0030046	cytoskeleton organization
GOBP_PARANODAL_JUNCTION_ASSEMBLY	GO:0030913	cell junction organization
GOBP_PARASYMPATHETIC_NERVOUS_SYSTEM_DEVELOPMENT	GO:0048486	anatomical structure development
GOBP_PARATHYROID_GLAND_DEVELOPMENT	GO:0060017	anatomical structure development
GOBP_PARAXIAL_MESODERM_DEVELOPMENT	GO:0048339	anatomical structure development
GOBP_PARAXIAL_MESODERM_FORMATION	GO:0048341	anatomical structure development
GOBP_PARAXIAL_MESODERM_MORPHOGENESIS	GO:0048340	anatomical structure development
GOBP_PARENTAL_BEHAVIOR	GO:0060746	reproductive process
GOBP_PARTURITION	GO:0007567	reproductive process
GOBP_PATTERN_SPECIFICATION_INVOLVED_IN_KIDNEY_DEVELOPMENT		unmapped
GOBP_PATTERN_SPECIFICATION_PROCESS	GO:0007389	anatomical structure development
GOBP_PENETRATION_OF_ZONA_PELLUCIDA	GO:0007341	reproductive process
GOBP_PENILE_ERECTION	GO:0043084	reproductive process
GOBP_PENTOSE_METABOLIC_PROCESS	GO:0019321	carbohydrate metabolic process
GOBP_PENTOSE_PHOSPHATE_SHUNT	GO:0006098	nucleobase-containing small molecule metabolic process
GOBP_PENTOSE_PHOSPHATE_SHUNT_NON_OXIDATIVE_BRANCH	GO:0009052	nucleobase-containing small molecule metabolic process
GOBP_PEPTIDE_ANTIGEN_ASSEMBLY_WITH_MHC_CLASS_II_PROTEIN_COMPLEX	GO:0002503	protein-containing complex assembly
GOBP_PEPTIDE_ANTIGEN_ASSEMBLY_WITH_MHC_CLASS_I_PROTEIN_COMPLEX	GO:0002502	protein-containing complex assembly
GOBP_PEPTIDE_ANTIGEN_ASSEMBLY_WITH_MHC_PROTEIN_COMPLEX	GO:0002501	protein-containing complex assembly
GOBP_PEPTIDE_BIOSYNTHETIC_PROCESS	GO:0043043	unmapped
GOBP_PEPTIDE_CATABOLIC_PROCESS	GO:0043171	unmapped
GOBP_PEPTIDE_CROSS_LINKING	GO:0018149	unmapped
GOBP_PEPTIDE_METABOLIC_PROCESS	GO:0006518	unmapped
GOBP_PEPTIDE_MODIFICATION	GO:0031179	unmapped
GOBP_PEPTIDE_TRANSPORT	GO:0015833	unmapped
GOBP_PEPTIDOGLYCAN_METABOLIC_PROCESS	GO:0000270	carbohydrate derivative metabolic process
GOBP_PEPTIDYL_AMINO_ACID_MODIFICATION	GO:0018193	unmapped
GOBP_PEPTIDYL_ARGININE_METHYLATION	GO:0018216	unmapped
GOBP_PEPTIDYL_CYSTEINE_MODIFICATION	GO:0018198	unmapped
GOBP_PEPTIDYL_GLUTAMIC_ACID_MODIFICATION	GO:0018200	unmapped
GOBP_PEPTIDYL_HISTIDINE_MODIFICATION	GO:0018202	unmapped
GOBP_PEPTIDYL_LYSINE_ACETYLATION	GO:0018394	unmapped
GOBP_PEPTIDYL_LYSINE_DEACETYLATION	GO:0034983	unmapped
GOBP_PEPTIDYL_LYSINE_DIMETHYLATION	GO:0018027	unmapped
GOBP_PEPTIDYL_LYSINE_HYDROXYLATION	GO:0017185	unmapped
GOBP_PEPTIDYL_LYSINE_METHYLATION	GO:0018022	unmapped
GOBP_PEPTIDYL_LYSINE_MODIFICATION	GO:0018205	unmapped
GOBP_PEPTIDYL_LYSINE_MONOMETHYLATION	GO:0018026	unmapped
GOBP_PEPTIDYL_LYSINE_TRIMETHYLATION	GO:0018023	unmapped
GOBP_PEPTIDYL_L_CYSTEINE_S_PALMITOYLATION	GO:0018230	unmapped
GOBP_PEPTIDYL_PROLINE_MODIFICATION	GO:0018208	unmapped
GOBP_PEPTIDYL_SERINE_AUTOPHOSPHORYLATION	GO:0036289	unmapped
GOBP_PEPTIDYL_SERINE_MODIFICATION	GO:0018209	unmapped
GOBP_PEPTIDYL_THREONINE_DEPHOSPHORYLATION	GO:0035970	unmapped
GOBP_PEPTIDYL_THREONINE_MODIFICATION	GO:0018210	unmapped
GOBP_PEPTIDYL_THREONINE_PHOSPHORYLATION	GO:0018107	unmapped
GOBP_PEPTIDYL_TYROSINE_AUTOPHOSPHORYLATION	GO:0038083	unmapped
GOBP_PEPTIDYL_TYROSINE_DEPHOSPHORYLATION	GO:0035335	unmapped
GOBP_PEPTIDYL_TYROSINE_MODIFICATION	GO:0018212	unmapped
GOBP_PERICARDIUM_DEVELOPMENT	GO:0060039	anatomical structure development
GOBP_PERICARDIUM_MORPHOGENESIS	GO:0003344	anatomical structure development
GOBP_PERICENTRIC_HETEROCHROMATIN_FORMATION	GO:0031508	chromatin organization
GOBP_PERICYTE_CELL_DIFFERENTIATION	GO:1904238	cell differentiation
GOBP_PERIPHERAL_NERVOUS_SYSTEM_AXON_ENSHEATHMENT	GO:0032292	anatomical structure development
GOBP_PERIPHERAL_NERVOUS_SYSTEM_AXON_REGENERATION	GO:0014012	cell differentiation
GOBP_PERIPHERAL_NERVOUS_SYSTEM_DEVELOPMENT	GO:0007422	anatomical structure development
GOBP_PERIPHERAL_NERVOUS_SYSTEM_MYELIN_MAINTENANCE	GO:0032287	membrane organization
GOBP_PERIPHERAL_NERVOUS_SYSTEM_NEURON_DIFFERENTIATION	GO:0048934	cell differentiation
GOBP_PERISTALSIS	GO:0030432	muscle system process
GOBP_PERK_MEDIATED_UNFOLDED_PROTEIN_RESPONSE	GO:0036499	signaling
GOBP_PEROXISOMAL_TRANSPORT	GO:0043574	unmapped
GOBP_PEROXISOME_FISSION	GO:0016559	peroxisome organization
GOBP_PEROXISOME_ORGANIZATION	GO:0007031	peroxisome organization
GOBP_PEROXISOME_PROLIFERATOR_ACTIVATED_RECEPTOR_SIGNALING_PATHWAY	GO:0035357	signaling
GOBP_PHAGOCYTOSIS	GO:0006909	vesicle-mediated transport
GOBP_PHAGOCYTOSIS_ENGULFMENT	GO:0006911	vesicle-mediated transport
GOBP_PHAGOCYTOSIS_RECOGNITION	GO:0006910	vesicle-mediated transport
GOBP_PHAGOLYSOSOME_ASSEMBLY	GO:0001845	lysosome organization
GOBP_PHAGOSOME_ACIDIFICATION	GO:0090383	unmapped
GOBP_PHAGOSOME_LYSOSOME_FUSION	GO:0090385	lysosome organization
GOBP_PHAGOSOME_MATURATION	GO:0090382	unmapped
GOBP_PHARYNGEAL_ARCH_ARTERY_MORPHOGENESIS	GO:0061626	anatomical structure development
GOBP_PHARYNGEAL_SYSTEM_DEVELOPMENT	GO:0060037	anatomical structure development
GOBP_PHASIC_SMOOTH_MUSCLE_CONTRACTION	GO:0014821	muscle system process
GOBP_PHENOL_CONTAINING_COMPOUND_BIOSYNTHETIC_PROCESS	GO:0046189	unmapped
GOBP_PHENOL_CONTAINING_COMPOUND_CATABOLIC_PROCESS	GO:0019336	unmapped
GOBP_PHENOL_CONTAINING_COMPOUND_METABOLIC_PROCESS	GO:0018958	unmapped
GOBP_PHENOTYPIC_SWITCHING	GO:0036166	unmapped
GOBP_PHENYLPROPANOID_METABOLIC_PROCESS	GO:0009698	unmapped
GOBP_PHOSPHAGEN_METABOLIC_PROCESS		unmapped
GOBP_PHOSPHATE_ION_HOMEOSTASIS	GO:0055062	unmapped
GOBP_PHOSPHATE_ION_TRANSMEMBRANE_TRANSPORT	GO:0035435	transmembrane transport
GOBP_PHOSPHATE_ION_TRANSPORT	GO:0006817	unmapped
GOBP_PHOSPHATIDIC_ACID_METABOLIC_PROCESS	GO:0046473	lipid metabolic process
GOBP_PHOSPHATIDYLCHOLINE_ACYL_CHAIN_REMODELING	GO:0036151	lipid metabolic process
GOBP_PHOSPHATIDYLCHOLINE_BIOSYNTHETIC_PROCESS	GO:0006656	lipid metabolic process
GOBP_PHOSPHATIDYLCHOLINE_CATABOLIC_PROCESS	GO:0034638	lipid metabolic process
GOBP_PHOSPHATIDYLCHOLINE_METABOLIC_PROCESS	GO:0046470	lipid metabolic process
GOBP_PHOSPHATIDYLETHANOLAMINE_ACYL_CHAIN_REMODELING	GO:0036152	lipid metabolic process
GOBP_PHOSPHATIDYLETHANOLAMINE_BIOSYNTHETIC_PROCESS	GO:0006646	lipid metabolic process
GOBP_PHOSPHATIDYLETHANOLAMINE_METABOLIC_PROCESS	GO:0046337	lipid metabolic process
GOBP_PHOSPHATIDYLGLYCEROL_ACYL_CHAIN_REMODELING	GO:0036148	lipid metabolic process
GOBP_PHOSPHATIDYLGLYCEROL_BIOSYNTHETIC_PROCESS	GO:0006655	lipid metabolic process
GOBP_PHOSPHATIDYLGLYCEROL_METABOLIC_PROCESS	GO:0046471	lipid metabolic process
GOBP_PHOSPHATIDYLINOSITOL_3_KINASE_PROTEIN_KINASE_B_SIGNAL_TRANSDUCTION	GO:0043491	signaling
GOBP_PHOSPHATIDYLINOSITOL_3_PHOSPHATE_BIOSYNTHETIC_PROCESS	GO:0036092	lipid metabolic process
GOBP_PHOSPHATIDYLINOSITOL_ACYL_CHAIN_REMODELING	GO:0036149	lipid metabolic process
GOBP_PHOSPHATIDYLINOSITOL_BIOSYNTHETIC_PROCESS	GO:0006661	lipid metabolic process
GOBP_PHOSPHATIDYLINOSITOL_DEPHOSPHORYLATION	GO:0046856	lipid metabolic process
GOBP_PHOSPHATIDYLINOSITOL_MEDIATED_SIGNALING	GO:0048015	signaling
GOBP_PHOSPHATIDYLINOSITOL_METABOLIC_PROCESS	GO:0046488	lipid metabolic process
GOBP_PHOSPHATIDYLINOSITOL_PHOSPHATE_BIOSYNTHETIC_PROCESS	GO:0046854	lipid metabolic process
GOBP_PHOSPHATIDYLSERINE_ACYL_CHAIN_REMODELING	GO:0036150	lipid metabolic process
GOBP_PHOSPHATIDYLSERINE_EXPOSURE_ON_APOPTOTIC_CELL_SURFACE	GO:0070782	membrane organization
GOBP_PHOSPHATIDYLSERINE_METABOLIC_PROCESS	GO:0006658	lipid metabolic process
GOBP_PHOSPHOLIPASE_C_ACTIVATING_DOPAMINE_RECEPTOR_SIGNALING_PATHWAY	GO:0060158	signaling
GOBP_PHOSPHOLIPASE_C_ACTIVATING_G_PROTEIN_COUPLED_ACETYLCHOLINE_RECEPTOR_SIGNALING_PATHWAY	GO:0007207	signaling
GOBP_PHOSPHOLIPASE_C_ACTIVATING_G_PROTEIN_COUPLED_RECEPTOR_SIGNALING_PATHWAY	GO:0007200	signaling
GOBP_PHOSPHOLIPASE_C_ACTIVATING_SEROTONIN_RECEPTOR_SIGNALING_PATHWAY	GO:0007208	signaling
GOBP_PHOSPHOLIPASE_C_PROTEIN_KINASE_C_SIGNAL_TRANSDUCTION	GO:0141212	signaling
GOBP_PHOSPHOLIPID_BIOSYNTHETIC_PROCESS	GO:0008654	lipid metabolic process
GOBP_PHOSPHOLIPID_CATABOLIC_PROCESS	GO:0009395	lipid metabolic process
GOBP_PHOSPHOLIPID_DEPHOSPHORYLATION	GO:0046839	lipid metabolic process
GOBP_PHOSPHOLIPID_EFFLUX	GO:0033700	unmapped
GOBP_PHOSPHOLIPID_HOMEOSTASIS	GO:0055091	unmapped
GOBP_PHOSPHOLIPID_METABOLIC_PROCESS	GO:0006644	lipid metabolic process
GOBP_PHOSPHOLIPID_TRANSLOCATION	GO:0045332	membrane organization
GOBP_PHOSPHOLIPID_TRANSPORT	GO:0015914	unmapped
GOBP_PHOSPHORUS_METABOLIC_PROCESS	GO:0006793	unmapped
GOBP_PHOSPHORYLATION	GO:0016310	unmapped
GOBP_PHOTOPERIODISM	GO:0009648	unmapped
GOBP_PHOTORECEPTOR_CELL_DEVELOPMENT	GO:0042461	cell differentiation
GOBP_PHOTORECEPTOR_CELL_DIFFERENTIATION	GO:0046530	cell differentiation
GOBP_PHOTORECEPTOR_CELL_MAINTENANCE	GO:0045494	unmapped
GOBP_PHOTORECEPTOR_CELL_MORPHOGENESIS	GO:0008594	cell differentiation
GOBP_PHOTORECEPTOR_CELL_OUTER_SEGMENT_ORGANIZATION	GO:0035845	cell differentiation
GOBP_PHOTOTRANSDUCTION	GO:0007602	signaling
GOBP_PHOTOTRANSDUCTION_VISIBLE_LIGHT	GO:0007603	signaling
GOBP_PHYLLOQUINONE_METABOLIC_PROCESS		unmapped
GOBP_PHYSIOLOGICAL_CARDIAC_MUSCLE_HYPERTROPHY	GO:0003301	muscle system process
GOBP_PH_REDUCTION	GO:0045851	unmapped
GOBP_PIECEMEAL_MICROAUTOPHAGY_OF_THE_NUCLEUS	GO:0034727	autophagy
GOBP_PIGMENTATION	GO:0043473	unmapped
GOBP_PIGMENT_ACCUMULATION	GO:0043476	unmapped
GOBP_PIGMENT_BIOSYNTHETIC_PROCESS	GO:0046148	unmapped
GOBP_PIGMENT_CATABOLIC_PROCESS	GO:0046149	unmapped
GOBP_PIGMENT_CELL_DIFFERENTIATION	GO:0050931	cell differentiation
GOBP_PIGMENT_GRANULE_LOCALIZATION	GO:0051875	unmapped
GOBP_PIGMENT_GRANULE_MATURATION	GO:0048757	cell differentiation
GOBP_PIGMENT_GRANULE_ORGANIZATION	GO:0048753	unmapped
GOBP_PIGMENT_METABOLIC_PROCESS	GO:0042440	unmapped
GOBP_PINOCYTOSIS	GO:0006907	vesicle-mediated transport
GOBP_PIRNA_MEDIATED_HETEROCHROMATIN_FORMATION	GO:0140966	regulatory ncRNA-mediated gene silencing
GOBP_PIRNA_PROCESSING	GO:0034587	regulatory ncRNA-mediated gene silencing
GOBP_PITUITARY_GLAND_DEVELOPMENT	GO:0021983	anatomical structure development
GOBP_PLACENTA_BLOOD_VESSEL_DEVELOPMENT	GO:0060674	anatomical structure development
GOBP_PLACENTA_DEVELOPMENT	GO:0001890	anatomical structure development
GOBP_PLASMA_CELL_DIFFERENTIATION	GO:0002317	cell differentiation
GOBP_PLASMA_LIPOPROTEIN_PARTICLE_CLEARANCE	GO:0034381	unmapped
GOBP_PLASMA_MEMBRANE_FUSION		unmapped
GOBP_PLASMA_MEMBRANE_LACTATE_TRANSPORT	GO:0035879	transmembrane transport
GOBP_PLASMA_MEMBRANE_ORGANIZATION	GO:0007009	membrane organization
GOBP_PLASMA_MEMBRANE_PHOSPHOLIPID_SCRAMBLING	GO:0017121	membrane organization
GOBP_PLASMA_MEMBRANE_RAFT_ASSEMBLY	GO:0044854	membrane organization
GOBP_PLASMA_MEMBRANE_RAFT_ORGANIZATION	GO:0044857	membrane organization
GOBP_PLASMA_MEMBRANE_REPAIR	GO:0001778	wound healing
GOBP_PLASMA_MEMBRANE_TO_ENDOSOME_TRANSPORT	GO:0048227	vesicle-mediated transport
GOBP_PLASMA_MEMBRANE_TUBULATION	GO:0097320	membrane organization
GOBP_PLASMINOGEN_ACTIVATION	GO:0031639	protein maturation
GOBP_PLATELET_ACTIVATING_FACTOR_METABOLIC_PROCESS	GO:0046469	lipid metabolic process
GOBP_PLATELET_ACTIVATION	GO:0030168	wound healing
GOBP_PLATELET_AGGREGATION	GO:0070527	wound healing
GOBP_PLATELET_DEGRANULATION	GO:0002576	vesicle-mediated transport
GOBP_PLATELET_DENSE_GRANULE_ORGANIZATION	GO:0060155	unmapped
GOBP_PLATELET_DERIVED_GROWTH_FACTOR_RECEPTOR_ALPHA_SIGNALING_PATHWAY	GO:0035790	signaling
GOBP_PLATELET_DERIVED_GROWTH_FACTOR_RECEPTOR_BETA_SIGNALING_PATHWAY	GO:0035791	signaling
GOBP_PLATELET_DERIVED_GROWTH_FACTOR_RECEPTOR_SIGNALING_PATHWAY	GO:0048008	signaling
GOBP_PLATELET_MORPHOGENESIS	GO:0036344	anatomical structure development
GOBP_PLUS_END_DIRECTED_ORGANELLE_TRANSPORT_ALONG_MICROTUBULE	GO:0072386	microtubule-based movement
GOBP_PML_BODY_ORGANIZATION	GO:0030578	unmapped
GOBP_PODOCYTE_CELL_MIGRATION	GO:0090521	cell motility
GOBP_PODOSOME_ASSEMBLY	GO:0071800	protein-containing complex assembly
GOBP_POINTED_END_ACTIN_FILAMENT_CAPPING	GO:0051694	cytoskeleton organization
GOBP_POLARIZED_EPITHELIAL_CELL_DIFFERENTIATION	GO:0030859	cell differentiation
GOBP_POLAR_BODY_EXTRUSION_AFTER_MEIOTIC_DIVISIONS	GO:0040038	meiotic nuclear division
GOBP_POLYAMINE_BIOSYNTHETIC_PROCESS	GO:0006596	unmapped
GOBP_POLYAMINE_METABOLIC_PROCESS	GO:0006595	unmapped
GOBP_POLYAMINE_TRANSPORT	GO:0015846	unmapped
GOBP_POLYKETIDE_METABOLIC_PROCESS	GO:0030638	unmapped
GOBP_POLYOL_BIOSYNTHETIC_PROCESS	GO:0046173	unmapped
GOBP_POLYOL_CATABOLIC_PROCESS	GO:0046174	unmapped
GOBP_POLYOL_METABOLIC_PROCESS	GO:0019751	unmapped
GOBP_POLYOL_TRANSMEMBRANE_TRANSPORT	GO:0015791	transmembrane transport
GOBP_POLYPRENOL_METABOLIC_PROCESS	GO:0016093	lipid metabolic process
GOBP_POLYSACCHARIDE_BIOSYNTHETIC_PROCESS	GO:0000271	carbohydrate metabolic process
GOBP_POLYSACCHARIDE_CATABOLIC_PROCESS	GO:0000272	carbohydrate metabolic process
GOBP_POLYSACCHARIDE_METABOLIC_PROCESS	GO:0005976	carbohydrate metabolic process
GOBP_POLY_A_DEPENDENT_SNORNA_3_END_PROCESSING	GO:0071051	unmapped
GOBP_POLY_A_PLUS_MRNA_EXPORT_FROM_NUCLEUS		unmapped
GOBP_POLY_N_ACETYLLACTOSAMINE_METABOLIC_PROCESS	GO:0030309	carbohydrate derivative metabolic process
GOBP_PONS_DEVELOPMENT	GO:0021548	anatomical structure development
GOBP_PORE_COMPLEX_ASSEMBLY	GO:0046931	protein-containing complex assembly
GOBP_PORPHYRIN_CONTAINING_COMPOUND_METABOLIC_PROCESS	GO:0006778	unmapped
GOBP_POSITIVE_CHEMOTAXIS	GO:0050918	unmapped
GOBP_POSITIVE_REGULATION_BY_HOST_OF_VIRAL_GENOME_REPLICATION		unmapped
GOBP_POSITIVE_REGULATION_BY_HOST_OF_VIRAL_PROCESS		unmapped
GOBP_POSITIVE_REGULATION_BY_HOST_OF_VIRAL_TRANSCRIPTION		unmapped
GOBP_POSITIVE_REGULATION_BY_SYMBIONT_OF_ENTRY_INTO_HOST	GO:0075294	unmapped
GOBP_POSITIVE_REGULATION_OF_3_UTR_MEDIATED_MRNA_STABILIZATION	GO:1905870	mRNA metabolic process
GOBP_POSITIVE_REGULATION_OF_ACROSOME_REACTION	GO:2000344	reproductive process
GOBP_POSITIVE_REGULATION_OF_ACTIN_FILAMENT_BUNDLE_ASSEMBLY	GO:0032233	cytoskeleton organization
GOBP_POSITIVE_REGULATION_OF_ACTIN_FILAMENT_DEPOLYMERIZATION	GO:0030836	cytoskeleton organization
GOBP_POSITIVE_REGULATION_OF_ACTIN_FILAMENT_POLYMERIZATION	GO:0030838	cytoskeleton organization
GOBP_POSITIVE_REGULATION_OF_ACTIN_NUCLEATION	GO:0051127	cytoskeleton organization
GOBP_POSITIVE_REGULATION_OF_ACTION_POTENTIAL	GO:0045760	unmapped
GOBP_POSITIVE_REGULATION_OF_ACTIVATED_T_CELL_PROLIFERATION	GO:0042104	cell adhesion
GOBP_POSITIVE_REGULATION_OF_ACTIVIN_RECEPTOR_SIGNALING_PATHWAY	GO:0032927	signaling
GOBP_POSITIVE_REGULATION_OF_ACUTE_INFLAMMATORY_RESPONSE	GO:0002675	inflammatory response
GOBP_POSITIVE_REGULATION_OF_ACUTE_INFLAMMATORY_RESPONSE_TO_ANTIGENIC_STIMULUS	GO:0002866	inflammatory response
GOBP_POSITIVE_REGULATION_OF_ADAPTIVE_IMMUNE_RESPONSE	GO:0002821	immune system process
GOBP_POSITIVE_REGULATION_OF_ADENYLATE_CYCLASE_ACTIVATING_G_PROTEIN_COUPLED_RECEPTOR_SIGNALING_PATHWAY	GO:0106071	signaling
GOBP_POSITIVE_REGULATION_OF_ADIPOSE_TISSUE_DEVELOPMENT	GO:1904179	anatomical structure development
GOBP_POSITIVE_REGULATION_OF_AGGREPHAGY	GO:1905337	autophagy
GOBP_POSITIVE_REGULATION_OF_ALCOHOL_BIOSYNTHETIC_PROCESS	GO:1902932	unmapped
GOBP_POSITIVE_REGULATION_OF_ALPHA_BETA_T_CELL_ACTIVATION	GO:0046635	cell adhesion
GOBP_POSITIVE_REGULATION_OF_ALPHA_BETA_T_CELL_DIFFERENTIATION	GO:0046638	cell differentiation
GOBP_POSITIVE_REGULATION_OF_ALPHA_BETA_T_CELL_PROLIFERATION	GO:0046641	cell adhesion
GOBP_POSITIVE_REGULATION_OF_AMIDE_METABOLIC_PROCESS		unmapped
GOBP_POSITIVE_REGULATION_OF_AMINE_METABOLIC_PROCESS	GO:0033240	unmapped
GOBP_POSITIVE_REGULATION_OF_AMINE_TRANSPORT	GO:0051954	unmapped
GOBP_POSITIVE_REGULATION_OF_AMINO_ACID_TRANSPORT	GO:0051957	unmapped
GOBP_POSITIVE_REGULATION_OF_AMYLOID_BETA_CLEARANCE	GO:1900223	unmapped
GOBP_POSITIVE_REGULATION_OF_AMYLOID_BETA_FORMATION	GO:1902004	unmapped
GOBP_POSITIVE_REGULATION_OF_AMYLOID_FIBRIL_FORMATION	GO:1905908	unmapped
GOBP_POSITIVE_REGULATION_OF_AMYLOID_PRECURSOR_PROTEIN_CATABOLIC_PROCESS	GO:1902993	unmapped
GOBP_POSITIVE_REGULATION_OF_ANIMAL_ORGAN_MORPHOGENESIS	GO:0110110	anatomical structure development
GOBP_POSITIVE_REGULATION_OF_ANOIKIS	GO:2000210	programmed cell death
GOBP_POSITIVE_REGULATION_OF_ANTIGEN_PROCESSING_AND_PRESENTATION	GO:0002579	immune system process
GOBP_POSITIVE_REGULATION_OF_ANTIGEN_RECEPTOR_MEDIATED_SIGNALING_PATHWAY	GO:0050857	signaling
GOBP_POSITIVE_REGULATION_OF_ANTIMICROBIAL_HUMORAL_RESPONSE	GO:0002760	defense response to other organism
GOBP_POSITIVE_REGULATION_OF_APOPTOTIC_CELL_CLEARANCE	GO:2000427	vesicle-mediated transport
GOBP_POSITIVE_REGULATION_OF_APOPTOTIC_PROCESS_INVOLVED_IN_DEVELOPMENT	GO:1904747	programmed cell death
GOBP_POSITIVE_REGULATION_OF_APOPTOTIC_SIGNALING_PATHWAY	GO:2001235	programmed cell death
GOBP_POSITIVE_REGULATION_OF_ARACHIDONATE_SECRETION	GO:0090238	unmapped
GOBP_POSITIVE_REGULATION_OF_ARP2_3_COMPLEX_MEDIATED_ACTIN_NUCLEATION	GO:2000601	cytoskeleton organization
GOBP_POSITIVE_REGULATION_OF_ARTERY_MORPHOGENESIS	GO:1905653	anatomical structure development
GOBP_POSITIVE_REGULATION_OF_ASTROCYTE_DIFFERENTIATION	GO:0048711	cell differentiation
GOBP_POSITIVE_REGULATION_OF_ATP_DEPENDENT_ACTIVITY	GO:0032781	unmapped
GOBP_POSITIVE_REGULATION_OF_ATTACHMENT_OF_MITOTIC_SPINDLE_MICROTUBULES_TO_KINETOCHORE	GO:1902425	mitotic nuclear division
GOBP_POSITIVE_REGULATION_OF_ATTACHMENT_OF_SPINDLE_MICROTUBULES_TO_KINETOCHORE	GO:0051987	chromosome segregation
GOBP_POSITIVE_REGULATION_OF_AUTOPHAGOSOME_ASSEMBLY	GO:2000786	autophagy
GOBP_POSITIVE_REGULATION_OF_AUTOPHAGOSOME_MATURATION	GO:1901098	autophagy
GOBP_POSITIVE_REGULATION_OF_AUTOPHAGY	GO:0010508	autophagy
GOBP_POSITIVE_REGULATION_OF_AUTOPHAGY_OF_MITOCHONDRION	GO:1903599	autophagy
GOBP_POSITIVE_REGULATION_OF_AXONOGENESIS	GO:0050772	cell differentiation
GOBP_POSITIVE_REGULATION_OF_AXON_EXTENSION	GO:0045773	cell differentiation
GOBP_POSITIVE_REGULATION_OF_AXON_EXTENSION_INVOLVED_IN_AXON_GUIDANCE	GO:0048842	cell differentiation
GOBP_POSITIVE_REGULATION_OF_BEHAVIOR	GO:0048520	unmapped
GOBP_POSITIVE_REGULATION_OF_BICELLULAR_TIGHT_JUNCTION_ASSEMBLY	GO:1903348	cell junction organization
GOBP_POSITIVE_REGULATION_OF_BINDING	GO:0051099	unmapped
GOBP_POSITIVE_REGULATION_OF_BIOMINERAL_TISSUE_DEVELOPMENT	GO:0070169	anatomical structure development
GOBP_POSITIVE_REGULATION_OF_BLOOD_BRAIN_BARRIER_PERMEABILITY	GO:1905605	circulatory system process
GOBP_POSITIVE_REGULATION_OF_BLOOD_CIRCULATION	GO:1903524	circulatory system process
GOBP_POSITIVE_REGULATION_OF_BLOOD_PRESSURE	GO:0045777	circulatory system process
GOBP_POSITIVE_REGULATION_OF_BLOOD_VESSEL_BRANCHING	GO:1905555	anatomical structure development
GOBP_POSITIVE_REGULATION_OF_BLOOD_VESSEL_ENDOTHELIAL_CELL_MIGRATION	GO:0043536	cell motility
GOBP_POSITIVE_REGULATION_OF_BLOOD_VESSEL_ENDOTHELIAL_CELL_PROLIFERATION_INVOLVED_IN_SPROUTING_ANGIOGENESIS	GO:1903589	anatomical structure development
GOBP_POSITIVE_REGULATION_OF_BLOOD_VESSEL_REMODELING	GO:2000504	anatomical structure development
GOBP_POSITIVE_REGULATION_OF_BMP_SIGNALING_PATHWAY	GO:0030513	signaling
GOBP_POSITIVE_REGULATION_OF_BONE_MINERALIZATION	GO:0030501	anatomical structure development
GOBP_POSITIVE_REGULATION_OF_BONE_RESORPTION	GO:0045780	unmapped
GOBP_POSITIVE_REGULATION_OF_BROWN_FAT_CELL_DIFFERENTIATION	GO:0090336	cell differentiation
GOBP_POSITIVE_REGULATION_OF_B_CELL_ACTIVATION	GO:0050871	immune system process
GOBP_POSITIVE_REGULATION_OF_B_CELL_DIFFERENTIATION	GO:0045579	cell differentiation
GOBP_POSITIVE_REGULATION_OF_B_CELL_MEDIATED_IMMUNITY	GO:0002714	immune system process
GOBP_POSITIVE_REGULATION_OF_B_CELL_PROLIFERATION	GO:0030890	immune system process
GOBP_POSITIVE_REGULATION_OF_B_CELL_RECEPTOR_SIGNALING_PATHWAY	GO:0050861	signaling
GOBP_POSITIVE_REGULATION_OF_CALCINEURIN_MEDIATED_SIGNALING	GO:0106058	signaling
GOBP_POSITIVE_REGULATION_OF_CALCIUM_ION_DEPENDENT_EXOCYTOSIS	GO:0045956	vesicle-mediated transport
GOBP_POSITIVE_REGULATION_OF_CALCIUM_ION_IMPORT	GO:0090280	unmapped
GOBP_POSITIVE_REGULATION_OF_CALCIUM_ION_IMPORT_ACROSS_PLASMA_MEMBRANE	GO:1905665	transmembrane transport
GOBP_POSITIVE_REGULATION_OF_CALCIUM_ION_TRANSMEMBRANE_TRANSPORT	GO:1904427	transmembrane transport
GOBP_POSITIVE_REGULATION_OF_CALCIUM_ION_TRANSMEMBRANE_TRANSPORTER_ACTIVITY		unmapped
GOBP_POSITIVE_REGULATION_OF_CALCIUM_ION_TRANSPORT	GO:0051928	unmapped
GOBP_POSITIVE_REGULATION_OF_CALCIUM_ION_TRANSPORT_INTO_CYTOSOL	GO:0010524	transmembrane transport
GOBP_POSITIVE_REGULATION_OF_CALCIUM_MEDIATED_SIGNALING	GO:0050850	signaling
GOBP_POSITIVE_REGULATION_OF_CAMP_PKA_SIGNAL_TRANSDUCTION	GO:0141163	signaling
GOBP_POSITIVE_REGULATION_OF_CANONICAL_NF_KAPPAB_SIGNAL_TRANSDUCTION	GO:0043123	signaling
GOBP_POSITIVE_REGULATION_OF_CANONICAL_WNT_SIGNALING_PATHWAY	GO:0090263	signaling
GOBP_POSITIVE_REGULATION_OF_CARBOHYDRATE_METABOLIC_PROCESS	GO:0045913	carbohydrate metabolic process
GOBP_POSITIVE_REGULATION_OF_CARDIAC_EPITHELIAL_TO_MESENCHYMAL_TRANSITION	GO:0062043	cell differentiation
GOBP_POSITIVE_REGULATION_OF_CARDIAC_MUSCLE_ADAPTATION	GO:0010615	muscle system process
GOBP_POSITIVE_REGULATION_OF_CARDIAC_MUSCLE_CELL_DIFFERENTIATION	GO:2000727	cell differentiation
GOBP_POSITIVE_REGULATION_OF_CARDIAC_MUSCLE_CELL_PROLIFERATION	GO:0060045	anatomical structure development
GOBP_POSITIVE_REGULATION_OF_CARDIAC_MUSCLE_CONTRACTION	GO:0060452	muscle system process
GOBP_POSITIVE_REGULATION_OF_CARDIOCYTE_DIFFERENTIATION	GO:1905209	cell differentiation
GOBP_POSITIVE_REGULATION_OF_CARTILAGE_DEVELOPMENT	GO:0061036	anatomical structure development
GOBP_POSITIVE_REGULATION_OF_CATABOLIC_PROCESS	GO:0009896	unmapped
GOBP_POSITIVE_REGULATION_OF_CATALYTIC_ACTIVITY	GO:0043085	unmapped
GOBP_POSITIVE_REGULATION_OF_CATECHOLAMINE_SECRETION	GO:0033605	unmapped
GOBP_POSITIVE_REGULATION_OF_CATION_CHANNEL_ACTIVITY	GO:2001259	transmembrane transport
GOBP_POSITIVE_REGULATION_OF_CD4_POSITIVE_ALPHA_BETA_T_CELL_ACTIVATION	GO:2000516	cell adhesion
GOBP_POSITIVE_REGULATION_OF_CD4_POSITIVE_ALPHA_BETA_T_CELL_DIFFERENTIATION	GO:0043372	cell differentiation
GOBP_POSITIVE_REGULATION_OF_CD4_POSITIVE_ALPHA_BETA_T_CELL_PROLIFERATION	GO:2000563	cell adhesion
GOBP_POSITIVE_REGULATION_OF_CD8_POSITIVE_ALPHA_BETA_T_CELL_ACTIVATION	GO:2001187	cell adhesion
GOBP_POSITIVE_REGULATION_OF_CD8_POSITIVE_ALPHA_BETA_T_CELL_DIFFERENTIATION	GO:0043378	cell differentiation
GOBP_POSITIVE_REGULATION_OF_CELLULAR_COMPONENT_BIOGENESIS	GO:0044089	unmapped
GOBP_POSITIVE_REGULATION_OF_CELLULAR_COMPONENT_ORGANIZATION	GO:0051130	unmapped
GOBP_POSITIVE_REGULATION_OF_CELLULAR_EXTRAVASATION	GO:0002693	cell motility
GOBP_POSITIVE_REGULATION_OF_CELLULAR_PH_REDUCTION		unmapped
GOBP_POSITIVE_REGULATION_OF_CELLULAR_RESPIRATION	GO:1901857	generation of precursor metabolites and energy
GOBP_POSITIVE_REGULATION_OF_CELLULAR_RESPONSE_TO_INSULIN_STIMULUS	GO:1900078	unmapped
GOBP_POSITIVE_REGULATION_OF_CELLULAR_RESPONSE_TO_TRANSFORMING_GROWTH_FACTOR_BETA_STIMULUS	GO:1903846	unmapped
GOBP_POSITIVE_REGULATION_OF_CELLULAR_SENESCENCE	GO:2000774	unmapped
GOBP_POSITIVE_REGULATION_OF_CELL_ACTIVATION	GO:0050867	unmapped
GOBP_POSITIVE_REGULATION_OF_CELL_ADHESION	GO:0045785	cell adhesion
GOBP_POSITIVE_REGULATION_OF_CELL_ADHESION_MEDIATED_BY_INTEGRIN	GO:0033630	cell adhesion
GOBP_POSITIVE_REGULATION_OF_CELL_ADHESION_MOLECULE_PRODUCTION	GO:0060355	unmapped
GOBP_POSITIVE_REGULATION_OF_CELL_CELL_ADHESION	GO:0022409	cell adhesion
GOBP_POSITIVE_REGULATION_OF_CELL_CELL_ADHESION_MEDIATED_BY_CADHERIN	GO:2000049	cell adhesion
GOBP_POSITIVE_REGULATION_OF_CELL_CELL_ADHESION_MEDIATED_BY_INTEGRIN	GO:0033634	cell adhesion
GOBP_POSITIVE_REGULATION_OF_CELL_CYCLE	GO:0045787	unmapped
GOBP_POSITIVE_REGULATION_OF_CELL_CYCLE_CHECKPOINT	GO:1901978	signaling
GOBP_POSITIVE_REGULATION_OF_CELL_CYCLE_G1_S_PHASE_TRANSITION	GO:1902808	unmapped
GOBP_POSITIVE_REGULATION_OF_CELL_CYCLE_G2_M_PHASE_TRANSITION	GO:1902751	unmapped
GOBP_POSITIVE_REGULATION_OF_CELL_CYCLE_PHASE_TRANSITION	GO:1901989	unmapped
GOBP_POSITIVE_REGULATION_OF_CELL_CYCLE_PROCESS	GO:0090068	unmapped
GOBP_POSITIVE_REGULATION_OF_CELL_DEVELOPMENT	GO:0010720	cell differentiation
GOBP_POSITIVE_REGULATION_OF_CELL_DIFFERENTIATION	GO:0045597	cell differentiation
GOBP_POSITIVE_REGULATION_OF_CELL_DIVISION	GO:0051781	unmapped
GOBP_POSITIVE_REGULATION_OF_CELL_FATE_COMMITMENT	GO:0010455	cell differentiation
GOBP_POSITIVE_REGULATION_OF_CELL_GROWTH	GO:0030307	unmapped
GOBP_POSITIVE_REGULATION_OF_CELL_GROWTH_INVOLVED_IN_CARDIAC_MUSCLE_CELL_DEVELOPMENT	GO:0061051	muscle system process
GOBP_POSITIVE_REGULATION_OF_CELL_JUNCTION_ASSEMBLY	GO:1901890	cell junction organization
GOBP_POSITIVE_REGULATION_OF_CELL_KILLING	GO:0031343	unmapped
GOBP_POSITIVE_REGULATION_OF_CELL_MATRIX_ADHESION	GO:0001954	cell adhesion
GOBP_POSITIVE_REGULATION_OF_CELL_MATURATION	GO:1903431	cell differentiation
GOBP_POSITIVE_REGULATION_OF_CELL_MIGRATION_INVOLVED_IN_SPROUTING_ANGIOGENESIS	GO:0090050	anatomical structure development
GOBP_POSITIVE_REGULATION_OF_CELL_MORPHOGENESIS	GO:0010770	cell differentiation
GOBP_POSITIVE_REGULATION_OF_CELL_POPULATION_PROLIFERATION	GO:0008284	unmapped
GOBP_POSITIVE_REGULATION_OF_CELL_PROJECTION_ORGANIZATION	GO:0031346	unmapped
GOBP_POSITIVE_REGULATION_OF_CELL_PROLIFERATION_INVOLVED_IN_HEART_MORPHOGENESIS	GO:2000138	anatomical structure development
GOBP_POSITIVE_REGULATION_OF_CELL_PROLIFERATION_INVOLVED_IN_KIDNEY_DEVELOPMENT	GO:1901724	anatomical structure development
GOBP_POSITIVE_REGULATION_OF_CELL_PROLIFERATION_IN_BONE_MARROW	GO:0071864	unmapped
GOBP_POSITIVE_REGULATION_OF_CELL_SIZE	GO:0045793	unmapped
GOBP_POSITIVE_REGULATION_OF_CELL_SUBSTRATE_ADHESION	GO:0010811	cell adhesion
GOBP_POSITIVE_REGULATION_OF_CELL_SUBSTRATE_JUNCTION_ORGANIZATION	GO:0150117	cell junction organization
GOBP_POSITIVE_REGULATION_OF_CENTRIOLE_ELONGATION	GO:1903724	cytoskeleton organization
GOBP_POSITIVE_REGULATION_OF_CENTRIOLE_REPLICATION	GO:0046601	cytoskeleton organization
GOBP_POSITIVE_REGULATION_OF_CENTROSOME_DUPLICATION	GO:0010825	cytoskeleton organization
GOBP_POSITIVE_REGULATION_OF_CEREBELLAR_GRANULE_CELL_PRECURSOR_PROLIFERATION	GO:0021940	anatomical structure development
GOBP_POSITIVE_REGULATION_OF_CGAS_STING_SIGNALING_PATHWAY	GO:0141111	defense response to other organism
GOBP_POSITIVE_REGULATION_OF_CGMP_MEDIATED_SIGNALING		unmapped
GOBP_POSITIVE_REGULATION_OF_CHEMOKINE_C_C_MOTIF_LIGAND_5_PRODUCTION	GO:0071651	unmapped
GOBP_POSITIVE_REGULATION_OF_CHEMOKINE_C_X_C_MOTIF_LIGAND_1_PRODUCTION	GO:2000340	unmapped
GOBP_POSITIVE_REGULATION_OF_CHEMOKINE_C_X_C_MOTIF_LIGAND_2_PRODUCTION	GO:2000343	unmapped
GOBP_POSITIVE_REGULATION_OF_CHEMOKINE_PRODUCTION	GO:0032722	unmapped
GOBP_POSITIVE_REGULATION_OF_CHEMOTAXIS	GO:0050921	unmapped
GOBP_POSITIVE_REGULATION_OF_CHOLESTEROL_BIOSYNTHETIC_PROCESS	GO:0045542	lipid metabolic process
GOBP_POSITIVE_REGULATION_OF_CHOLESTEROL_EFFLUX	GO:0010875	unmapped
GOBP_POSITIVE_REGULATION_OF_CHOLESTEROL_METABOLIC_PROCESS	GO:0090205	lipid metabolic process
GOBP_POSITIVE_REGULATION_OF_CHOLESTEROL_STORAGE	GO:0010886	unmapped
GOBP_POSITIVE_REGULATION_OF_CHONDROCYTE_DIFFERENTIATION	GO:0032332	cell differentiation
GOBP_POSITIVE_REGULATION_OF_CHONDROCYTE_PROLIFERATION	GO:1902732	unmapped
GOBP_POSITIVE_REGULATION_OF_CHROMATIN_BINDING	GO:0035563	unmapped
GOBP_POSITIVE_REGULATION_OF_CHROMOSOME_CONDENSATION	GO:1905821	unmapped
GOBP_POSITIVE_REGULATION_OF_CHROMOSOME_ORGANIZATION	GO:2001252	unmapped
GOBP_POSITIVE_REGULATION_OF_CHROMOSOME_SEGREGATION	GO:0051984	chromosome segregation
GOBP_POSITIVE_REGULATION_OF_CHROMOSOME_SEPARATION	GO:1905820	chromosome segregation
GOBP_POSITIVE_REGULATION_OF_CILIUM_ASSEMBLY	GO:0045724	cilium organization
GOBP_POSITIVE_REGULATION_OF_CILIUM_MOVEMENT	GO:0003353	microtubule-based movement
GOBP_POSITIVE_REGULATION_OF_CIRCADIAN_RHYTHM	GO:0042753	unmapped
GOBP_POSITIVE_REGULATION_OF_CIRCADIAN_SLEEP_WAKE_CYCLE_SLEEP	GO:0045938	unmapped
GOBP_POSITIVE_REGULATION_OF_COAGULATION	GO:0050820	unmapped
GOBP_POSITIVE_REGULATION_OF_COLD_INDUCED_THERMOGENESIS	GO:0120162	unmapped
GOBP_POSITIVE_REGULATION_OF_COLLAGEN_METABOLIC_PROCESS	GO:0010714	unmapped
GOBP_POSITIVE_REGULATION_OF_COLLATERAL_SPROUTING	GO:0048672	cell differentiation
GOBP_POSITIVE_REGULATION_OF_COMPLEMENT_ACTIVATION	GO:0045917	immune system process
GOBP_POSITIVE_REGULATION_OF_CONNECTIVE_TISSUE_REPLACEMENT	GO:1905205	unmapped
GOBP_POSITIVE_REGULATION_OF_CORTICOSTEROID_HORMONE_SECRETION	GO:2000848	signaling
GOBP_POSITIVE_REGULATION_OF_CREB_TRANSCRIPTION_FACTOR_ACTIVITY		unmapped
GOBP_POSITIVE_REGULATION_OF_CYCLASE_ACTIVITY	GO:0031281	unmapped
GOBP_POSITIVE_REGULATION_OF_CYTOKINESIS	GO:0032467	cytokinesis
GOBP_POSITIVE_REGULATION_OF_CYTOKINE_PRODUCTION	GO:0001819	unmapped
GOBP_POSITIVE_REGULATION_OF_CYTOKINE_PRODUCTION_INVOLVED_IN_IMMUNE_RESPONSE	GO:0002720	immune system process
GOBP_POSITIVE_REGULATION_OF_CYTOKINE_PRODUCTION_INVOLVED_IN_INFLAMMATORY_RESPONSE	GO:1900017	inflammatory response
GOBP_POSITIVE_REGULATION_OF_CYTOPLASMIC_MRNA_PROCESSING_BODY_ASSEMBLY	GO:0010606	unmapped
GOBP_POSITIVE_REGULATION_OF_CYTOPLASMIC_TRANSLATION	GO:2000767	cytoplasmic translation
GOBP_POSITIVE_REGULATION_OF_CYTOPLASMIC_TRANSLATIONAL_INITIATION	GO:1904690	cytoplasmic translation
GOBP_POSITIVE_REGULATION_OF_CYTOSKELETON_ORGANIZATION	GO:0051495	cytoskeleton organization
GOBP_POSITIVE_REGULATION_OF_CYTOSOLIC_CALCIUM_ION_CONCENTRATION	GO:0007204	unmapped
GOBP_POSITIVE_REGULATION_OF_DEFENSE_RESPONSE	GO:0031349	unmapped
GOBP_POSITIVE_REGULATION_OF_DEFENSE_RESPONSE_TO_BACTERIUM	GO:1900426	unmapped
GOBP_POSITIVE_REGULATION_OF_DEFENSE_RESPONSE_TO_VIRUS_BY_HOST	GO:0002230	unmapped
GOBP_POSITIVE_REGULATION_OF_DENDRITE_DEVELOPMENT	GO:1900006	cell differentiation
GOBP_POSITIVE_REGULATION_OF_DENDRITE_EXTENSION	GO:1903861	cell differentiation
GOBP_POSITIVE_REGULATION_OF_DENDRITIC_CELL_ANTIGEN_PROCESSING_AND_PRESENTATION	GO:0002606	immune system process
GOBP_POSITIVE_REGULATION_OF_DENDRITIC_CELL_CHEMOTAXIS	GO:2000510	cell motility
GOBP_POSITIVE_REGULATION_OF_DENDRITIC_CELL_CYTOKINE_PRODUCTION	GO:0002732	immune system process
GOBP_POSITIVE_REGULATION_OF_DENDRITIC_CELL_DIFFERENTIATION	GO:2001200	cell differentiation
GOBP_POSITIVE_REGULATION_OF_DENDRITIC_SPINE_DEVELOPMENT	GO:0060999	cell differentiation
GOBP_POSITIVE_REGULATION_OF_DENDRITIC_SPINE_MAINTENANCE	GO:1902952	cell junction organization
GOBP_POSITIVE_REGULATION_OF_DENDRITIC_SPINE_MORPHOGENESIS	GO:0061003	cell junction organization
GOBP_POSITIVE_REGULATION_OF_DEPHOSPHORYLATION	GO:0035306	unmapped
GOBP_POSITIVE_REGULATION_OF_DEVELOPMENTAL_GROWTH	GO:0048639	unmapped
GOBP_POSITIVE_REGULATION_OF_DEVELOPMENTAL_PIGMENTATION	GO:0048087	unmapped
GOBP_POSITIVE_REGULATION_OF_DEVELOPMENTAL_PROCESS	GO:0051094	unmapped
GOBP_POSITIVE_REGULATION_OF_DIGESTIVE_SYSTEM_PROCESS	GO:0060456	digestive system process
GOBP_POSITIVE_REGULATION_OF_DNA_BINDING	GO:0043388	unmapped
GOBP_POSITIVE_REGULATION_OF_DNA_BINDING_TRANSCRIPTION_FACTOR_ACTIVITY		unmapped
GOBP_POSITIVE_REGULATION_OF_DNA_BIOSYNTHETIC_PROCESS	GO:2000573	unmapped
GOBP_POSITIVE_REGULATION_OF_DNA_CATABOLIC_PROCESS	GO:1903626	unmapped
GOBP_POSITIVE_REGULATION_OF_DNA_DAMAGE_CHECKPOINT	GO:2000003	signaling
GOBP_POSITIVE_REGULATION_OF_DNA_DAMAGE_RESPONSE_SIGNAL_TRANSDUCTION_BY_P53_CLASS_MEDIATOR	GO:0043517	signaling
GOBP_POSITIVE_REGULATION_OF_DNA_DIRECTED_DNA_POLYMERASE_ACTIVITY	GO:1900264	unmapped
GOBP_POSITIVE_REGULATION_OF_DNA_METABOLIC_PROCESS	GO:0051054	unmapped
GOBP_POSITIVE_REGULATION_OF_DNA_RECOMBINATION	GO:0045911	DNA recombination
GOBP_POSITIVE_REGULATION_OF_DNA_REPAIR	GO:0045739	DNA repair
GOBP_POSITIVE_REGULATION_OF_DNA_REPLICATION	GO:0045740	DNA replication
GOBP_POSITIVE_REGULATION_OF_DNA_TEMPLATED_DNA_REPLICATION	GO:2000105	DNA replication
GOBP_POSITIVE_REGULATION_OF_DNA_TEMPLATED_TRANSCRIPTION_ELONGATION	GO:0032786	regulation of DNA-templated transcription
GOBP_POSITIVE_REGULATION_OF_DNA_TEMPLATED_TRANSCRIPTION_INITIATION	GO:2000144	regulation of DNA-templated transcription
GOBP_POSITIVE_REGULATION_OF_DOPAMINE_RECEPTOR_SIGNALING_PATHWAY	GO:0060161	signaling
GOBP_POSITIVE_REGULATION_OF_DOPAMINE_SECRETION	GO:0033603	signaling
GOBP_POSITIVE_REGULATION_OF_DOUBLE_STRAND_BREAK_REPAIR	GO:2000781	DNA repair
GOBP_POSITIVE_REGULATION_OF_DOUBLE_STRAND_BREAK_REPAIR_VIA_HOMOLOGOUS_RECOMBINATION	GO:1905168	DNA repair
GOBP_POSITIVE_REGULATION_OF_DOUBLE_STRAND_BREAK_REPAIR_VIA_NONHOMOLOGOUS_END_JOINING	GO:2001034	DNA repair
GOBP_POSITIVE_REGULATION_OF_D_GLUCOSE_IMPORT		unmapped
GOBP_POSITIVE_REGULATION_OF_D_GLUCOSE_TRANSMEMBRANE_TRANSPORT	GO:0010828	transmembrane transport
GOBP_POSITIVE_REGULATION_OF_EARLY_ENDOSOME_TO_LATE_ENDOSOME_TRANSPORT	GO:2000643	vesicle-mediated transport
GOBP_POSITIVE_REGULATION_OF_EMBRYONIC_DEVELOPMENT	GO:0040019	anatomical structure development
GOBP_POSITIVE_REGULATION_OF_ENAMEL_MINERALIZATION	GO:0070175	anatomical structure development
GOBP_POSITIVE_REGULATION_OF_ENDOCYTIC_RECYCLING	GO:2001137	vesicle-mediated transport
GOBP_POSITIVE_REGULATION_OF_ENDOCYTOSIS	GO:0045807	vesicle-mediated transport
GOBP_POSITIVE_REGULATION_OF_ENDOPEPTIDASE_ACTIVITY	GO:0010950	unmapped
GOBP_POSITIVE_REGULATION_OF_ENDOPLASMIC_RETICULUM_STRESS_INDUCED_INTRINSIC_APOPTOTIC_SIGNALING_PATHWAY	GO:1902237	programmed cell death
GOBP_POSITIVE_REGULATION_OF_ENDOPLASMIC_RETICULUM_UNFOLDED_PROTEIN_RESPONSE	GO:1900103	signaling
GOBP_POSITIVE_REGULATION_OF_ENDOTHELIAL_CELL_APOPTOTIC_PROCESS	GO:2000353	programmed cell death
GOBP_POSITIVE_REGULATION_OF_ENDOTHELIAL_CELL_CHEMOTAXIS	GO:2001028	cell motility
GOBP_POSITIVE_REGULATION_OF_ENDOTHELIAL_CELL_DEVELOPMENT	GO:1901552	cell differentiation
GOBP_POSITIVE_REGULATION_OF_ENDOTHELIAL_CELL_DIFFERENTIATION	GO:0045603	cell differentiation
GOBP_POSITIVE_REGULATION_OF_ENDOTHELIAL_CELL_MATRIX_ADHESION_VIA_FIBRONECTIN		unmapped
GOBP_POSITIVE_REGULATION_OF_ENDOTHELIAL_CELL_MIGRATION	GO:0010595	cell motility
GOBP_POSITIVE_REGULATION_OF_ENDOTHELIAL_CELL_PROLIFERATION	GO:0001938	unmapped
GOBP_POSITIVE_REGULATION_OF_EPIDERMIS_DEVELOPMENT	GO:0045684	anatomical structure development
GOBP_POSITIVE_REGULATION_OF_EPITHELIAL_CELL_APOPTOTIC_PROCESS	GO:1904037	programmed cell death
GOBP_POSITIVE_REGULATION_OF_EPITHELIAL_CELL_DIFFERENTIATION	GO:0030858	cell differentiation
GOBP_POSITIVE_REGULATION_OF_EPITHELIAL_CELL_DIFFERENTIATION_INVOLVED_IN_KIDNEY_DEVELOPMENT		unmapped
GOBP_POSITIVE_REGULATION_OF_EPITHELIAL_CELL_MIGRATION	GO:0010634	cell motility
GOBP_POSITIVE_REGULATION_OF_EPITHELIAL_CELL_PROLIFERATION	GO:0050679	unmapped
GOBP_POSITIVE_REGULATION_OF_EPITHELIAL_CELL_PROLIFERATION_INVOLVED_IN_LUNG_MORPHOGENESIS	GO:0060501	anatomical structure development
GOBP_POSITIVE_REGULATION_OF_EPITHELIAL_CELL_PROLIFERATION_INVOLVED_IN_WOUND_HEALING	GO:0060054	wound healing
GOBP_POSITIVE_REGULATION_OF_EPITHELIAL_TO_MESENCHYMAL_TRANSITION	GO:0010718	cell differentiation
GOBP_POSITIVE_REGULATION_OF_EPITHELIAL_TUBE_FORMATION	GO:1905278	anatomical structure development
GOBP_POSITIVE_REGULATION_OF_ERAD_PATHWAY	GO:1904294	protein catabolic process
GOBP_POSITIVE_REGULATION_OF_ERBB_SIGNALING_PATHWAY	GO:1901186	signaling
GOBP_POSITIVE_REGULATION_OF_ERK1_AND_ERK2_CASCADE	GO:0070374	signaling
GOBP_POSITIVE_REGULATION_OF_ERYTHROCYTE_DIFFERENTIATION	GO:0045648	cell differentiation
GOBP_POSITIVE_REGULATION_OF_ESTABLISHMENT_OF_PROTEIN_LOCALIZATION	GO:1904951	unmapped
GOBP_POSITIVE_REGULATION_OF_ESTABLISHMENT_OF_PROTEIN_LOCALIZATION_TO_MITOCHONDRION		unmapped
GOBP_POSITIVE_REGULATION_OF_EXCITATORY_POSTSYNAPTIC_POTENTIAL	GO:2000463	signaling
GOBP_POSITIVE_REGULATION_OF_EXECUTION_PHASE_OF_APOPTOSIS	GO:1900119	programmed cell death
GOBP_POSITIVE_REGULATION_OF_EXIT_FROM_MITOSIS	GO:0031536	mitotic nuclear division
GOBP_POSITIVE_REGULATION_OF_EXOCYTOSIS	GO:0045921	vesicle-mediated transport
GOBP_POSITIVE_REGULATION_OF_EXOSOMAL_SECRETION	GO:1903543	vesicle-mediated transport
GOBP_POSITIVE_REGULATION_OF_EXTRACELLULAR_MATRIX_ASSEMBLY	GO:1901203	extracellular matrix organization
GOBP_POSITIVE_REGULATION_OF_EXTRACELLULAR_MATRIX_DISASSEMBLY	GO:0090091	extracellular matrix organization
GOBP_POSITIVE_REGULATION_OF_EXTRACELLULAR_MATRIX_ORGANIZATION	GO:1903055	extracellular matrix organization
GOBP_POSITIVE_REGULATION_OF_EXTRINSIC_APOPTOTIC_SIGNALING_PATHWAY	GO:2001238	programmed cell death
GOBP_POSITIVE_REGULATION_OF_EXTRINSIC_APOPTOTIC_SIGNALING_PATHWAY_IN_ABSENCE_OF_LIGAND	GO:2001241	programmed cell death
GOBP_POSITIVE_REGULATION_OF_EXTRINSIC_APOPTOTIC_SIGNALING_PATHWAY_VIA_DEATH_DOMAIN_RECEPTORS	GO:1902043	programmed cell death
GOBP_POSITIVE_REGULATION_OF_FATTY_ACID_BETA_OXIDATION	GO:0032000	lipid metabolic process
GOBP_POSITIVE_REGULATION_OF_FATTY_ACID_BIOSYNTHETIC_PROCESS	GO:0045723	lipid metabolic process
GOBP_POSITIVE_REGULATION_OF_FATTY_ACID_METABOLIC_PROCESS	GO:0045923	lipid metabolic process
GOBP_POSITIVE_REGULATION_OF_FATTY_ACID_OXIDATION	GO:0046321	lipid metabolic process
GOBP_POSITIVE_REGULATION_OF_FATTY_ACID_TRANSPORT	GO:2000193	unmapped
GOBP_POSITIVE_REGULATION_OF_FAT_CELL_DIFFERENTIATION	GO:0045600	cell differentiation
GOBP_POSITIVE_REGULATION_OF_FC_RECEPTOR_MEDIATED_STIMULATORY_SIGNALING_PATHWAY	GO:0060369	signaling
GOBP_POSITIVE_REGULATION_OF_FEAR_RESPONSE	GO:1903367	unmapped
GOBP_POSITIVE_REGULATION_OF_FEEDING_BEHAVIOR	GO:2000253	unmapped
GOBP_POSITIVE_REGULATION_OF_FERTILIZATION	GO:1905516	reproductive process
GOBP_POSITIVE_REGULATION_OF_FEVER_GENERATION	GO:0031622	inflammatory response
GOBP_POSITIVE_REGULATION_OF_FIBROBLAST_APOPTOTIC_PROCESS	GO:2000271	programmed cell death
GOBP_POSITIVE_REGULATION_OF_FIBROBLAST_GROWTH_FACTOR_RECEPTOR_SIGNALING_PATHWAY	GO:0045743	signaling
GOBP_POSITIVE_REGULATION_OF_FIBROBLAST_MIGRATION	GO:0010763	cell motility
GOBP_POSITIVE_REGULATION_OF_FIBROBLAST_PROLIFERATION	GO:0048146	unmapped
GOBP_POSITIVE_REGULATION_OF_FILOPODIUM_ASSEMBLY	GO:0051491	unmapped
GOBP_POSITIVE_REGULATION_OF_FOCAL_ADHESION_ASSEMBLY	GO:0051894	cell junction organization
GOBP_POSITIVE_REGULATION_OF_G0_TO_G1_TRANSITION	GO:0070318	unmapped
GOBP_POSITIVE_REGULATION_OF_G1_S_TRANSITION_OF_MITOTIC_CELL_CYCLE	GO:1900087	mitotic cell cycle
GOBP_POSITIVE_REGULATION_OF_GAMMA_DELTA_T_CELL_ACTIVATION	GO:0046645	cell adhesion
GOBP_POSITIVE_REGULATION_OF_GAMMA_DELTA_T_CELL_DIFFERENTIATION	GO:0045588	cell differentiation
GOBP_POSITIVE_REGULATION_OF_GAP_JUNCTION_ASSEMBLY	GO:1903598	cell junction organization
GOBP_POSITIVE_REGULATION_OF_GASTRO_INTESTINAL_SYSTEM_SMOOTH_MUSCLE_CONTRACTION	GO:1904306	muscle system process
GOBP_POSITIVE_REGULATION_OF_GASTRULATION	GO:2000543	anatomical structure development
GOBP_POSITIVE_REGULATION_OF_GENE_EXPRESSION	GO:0010628	unmapped
GOBP_POSITIVE_REGULATION_OF_GENE_EXPRESSION_EPIGENETIC	GO:0141137	chromatin organization
GOBP_POSITIVE_REGULATION_OF_GENE_EXPRESSION_VIA_CHROMOSOMAL_CPG_ISLAND_DEMETHYLATION	GO:0044029	DNA-templated transcription
GOBP_POSITIVE_REGULATION_OF_GLIAL_CELL_DIFFERENTIATION	GO:0045687	cell differentiation
GOBP_POSITIVE_REGULATION_OF_GLIAL_CELL_MIGRATION	GO:1903977	cell differentiation
GOBP_POSITIVE_REGULATION_OF_GLIAL_CELL_PROLIFERATION	GO:0060252	cell differentiation
GOBP_POSITIVE_REGULATION_OF_GLIOGENESIS	GO:0014015	cell differentiation
GOBP_POSITIVE_REGULATION_OF_GLOMERULAR_MESANGIAL_CELL_PROLIFERATION	GO:0072126	anatomical structure development
GOBP_POSITIVE_REGULATION_OF_GLOMERULUS_DEVELOPMENT	GO:0090193	anatomical structure development
GOBP_POSITIVE_REGULATION_OF_GLUCOCORTICOID_SECRETION	GO:2000851	signaling
GOBP_POSITIVE_REGULATION_OF_GLUCONEOGENESIS	GO:0045722	carbohydrate metabolic process
GOBP_POSITIVE_REGULATION_OF_GLUCOSE_METABOLIC_PROCESS	GO:0010907	carbohydrate metabolic process
GOBP_POSITIVE_REGULATION_OF_GLUTAMATE_RECEPTOR_SIGNALING_PATHWAY	GO:1900451	signaling
GOBP_POSITIVE_REGULATION_OF_GLUTAMATE_SECRETION	GO:0014049	unmapped
GOBP_POSITIVE_REGULATION_OF_GLYCOGEN_BIOSYNTHETIC_PROCESS	GO:0045725	carbohydrate metabolic process
GOBP_POSITIVE_REGULATION_OF_GLYCOGEN_METABOLIC_PROCESS	GO:0070875	carbohydrate metabolic process
GOBP_POSITIVE_REGULATION_OF_GLYCOPROTEIN_METABOLIC_PROCESS	GO:1903020	carbohydrate derivative metabolic process
GOBP_POSITIVE_REGULATION_OF_GOLGI_TO_PLASMA_MEMBRANE_PROTEIN_TRANSPORT	GO:0042998	protein localization to plasma membrane
GOBP_POSITIVE_REGULATION_OF_GONADOTROPIN_SECRETION	GO:0032278	signaling
GOBP_POSITIVE_REGULATION_OF_GONAD_DEVELOPMENT	GO:1905941	anatomical structure development
GOBP_POSITIVE_REGULATION_OF_GRANULOCYTE_CHEMOTAXIS	GO:0071624	cell motility
GOBP_POSITIVE_REGULATION_OF_GRANULOCYTE_DIFFERENTIATION	GO:0030854	cell differentiation
GOBP_POSITIVE_REGULATION_OF_GROWTH	GO:0045927	unmapped
GOBP_POSITIVE_REGULATION_OF_GROWTH_HORMONE_SECRETION	GO:0060124	signaling
GOBP_POSITIVE_REGULATION_OF_GTPASE_ACTIVITY	GO:0043547	unmapped
GOBP_POSITIVE_REGULATION_OF_G_PROTEIN_COUPLED_RECEPTOR_SIGNALING_PATHWAY	GO:0045745	signaling
GOBP_POSITIVE_REGULATION_OF_HAIR_FOLLICLE_DEVELOPMENT	GO:0051798	anatomical structure development
GOBP_POSITIVE_REGULATION_OF_HAIR_FOLLICLE_MATURATION	GO:0048818	anatomical structure development
GOBP_POSITIVE_REGULATION_OF_HEART_GROWTH	GO:0060421	anatomical structure development
GOBP_POSITIVE_REGULATION_OF_HEART_RATE	GO:0010460	circulatory system process
GOBP_POSITIVE_REGULATION_OF_HEAT_GENERATION	GO:0031652	unmapped
GOBP_POSITIVE_REGULATION_OF_HEMATOPOIETIC_PROGENITOR_CELL_DIFFERENTIATION	GO:1901534	cell differentiation
GOBP_POSITIVE_REGULATION_OF_HEMATOPOIETIC_STEM_CELL_PROLIFERATION	GO:1902035	cell differentiation
GOBP_POSITIVE_REGULATION_OF_HEMOGLOBIN_BIOSYNTHETIC_PROCESS	GO:0046985	unmapped
GOBP_POSITIVE_REGULATION_OF_HEMOPOIESIS	GO:1903708	cell differentiation
GOBP_POSITIVE_REGULATION_OF_HEPATIC_STELLATE_CELL_ACTIVATION	GO:2000491	unmapped
GOBP_POSITIVE_REGULATION_OF_HEPATOCYTE_PROLIFERATION	GO:2000347	unmapped
GOBP_POSITIVE_REGULATION_OF_HETEROTYPIC_CELL_CELL_ADHESION	GO:0034116	cell adhesion
GOBP_POSITIVE_REGULATION_OF_HIGH_DENSITY_LIPOPROTEIN_PARTICLE_CLEARANCE	GO:0010983	unmapped
GOBP_POSITIVE_REGULATION_OF_HIPPO_SIGNALING	GO:0035332	signaling
GOBP_POSITIVE_REGULATION_OF_HOMOTYPIC_CELL_CELL_ADHESION	GO:0034112	cell adhesion
GOBP_POSITIVE_REGULATION_OF_HORMONE_BIOSYNTHETIC_PROCESS	GO:0046886	unmapped
GOBP_POSITIVE_REGULATION_OF_HORMONE_METABOLIC_PROCESS	GO:0032352	unmapped
GOBP_POSITIVE_REGULATION_OF_HORMONE_SECRETION	GO:0046887	signaling
GOBP_POSITIVE_REGULATION_OF_HUMORAL_IMMUNE_RESPONSE	GO:0002922	immune system process
GOBP_POSITIVE_REGULATION_OF_HUMORAL_IMMUNE_RESPONSE_MEDIATED_BY_CIRCULATING_IMMUNOGLOBULIN	GO:0002925	immune system process
GOBP_POSITIVE_REGULATION_OF_HYDROGEN_PEROXIDE_MEDIATED_PROGRAMMED_CELL_DEATH	GO:1901300	programmed cell death
GOBP_POSITIVE_REGULATION_OF_HYDROGEN_PEROXIDE_METABOLIC_PROCESS		unmapped
GOBP_POSITIVE_REGULATION_OF_HYDROLASE_ACTIVITY	GO:0051345	unmapped
GOBP_POSITIVE_REGULATION_OF_IMMATURE_T_CELL_PROLIFERATION	GO:0033091	cell adhesion
GOBP_POSITIVE_REGULATION_OF_IMMUNE_EFFECTOR_PROCESS	GO:0002699	immune system process
GOBP_POSITIVE_REGULATION_OF_IMMUNE_RESPONSE	GO:0050778	immune system process
GOBP_POSITIVE_REGULATION_OF_IMMUNE_SYSTEM_PROCESS	GO:0002684	immune system process
GOBP_POSITIVE_REGULATION_OF_IMMUNOGLOBULIN_PRODUCTION	GO:0002639	immune system process
GOBP_POSITIVE_REGULATION_OF_INCLUSION_BODY_ASSEMBLY	GO:0090261	unmapped
GOBP_POSITIVE_REGULATION_OF_INFLAMMASOME_MEDIATED_SIGNALING_PATHWAY	GO:0141087	defense response to other organism
GOBP_POSITIVE_REGULATION_OF_INFLAMMATORY_RESPONSE	GO:0050729	inflammatory response
GOBP_POSITIVE_REGULATION_OF_INFLAMMATORY_RESPONSE_TO_ANTIGENIC_STIMULUS	GO:0002863	inflammatory response
GOBP_POSITIVE_REGULATION_OF_INOSITOL_PHOSPHATE_BIOSYNTHETIC_PROCESS	GO:0060732	carbohydrate metabolic process
GOBP_POSITIVE_REGULATION_OF_INSULIN_LIKE_GROWTH_FACTOR_RECEPTOR_SIGNALING_PATHWAY	GO:0043568	signaling
GOBP_POSITIVE_REGULATION_OF_INSULIN_SECRETION	GO:0032024	signaling
GOBP_POSITIVE_REGULATION_OF_INSULIN_SECRETION_INVOLVED_IN_CELLULAR_RESPONSE_TO_GLUCOSE_STIMULUS	GO:0035774	signaling
GOBP_POSITIVE_REGULATION_OF_INTEGRIN_ACTIVATION	GO:0033625	protein-containing complex assembly
GOBP_POSITIVE_REGULATION_OF_INTEGRIN_MEDIATED_SIGNALING_PATHWAY	GO:2001046	signaling
GOBP_POSITIVE_REGULATION_OF_INTERFERON_ALPHA_PRODUCTION	GO:0032727	unmapped
GOBP_POSITIVE_REGULATION_OF_INTERFERON_BETA_PRODUCTION	GO:0032728	unmapped
GOBP_POSITIVE_REGULATION_OF_INTERLEUKIN_10_PRODUCTION	GO:0032733	unmapped
GOBP_POSITIVE_REGULATION_OF_INTERLEUKIN_12_PRODUCTION	GO:0032735	unmapped
GOBP_POSITIVE_REGULATION_OF_INTERLEUKIN_13_PRODUCTION	GO:0032736	unmapped
GOBP_POSITIVE_REGULATION_OF_INTERLEUKIN_17_PRODUCTION	GO:0032740	unmapped
GOBP_POSITIVE_REGULATION_OF_INTERLEUKIN_18_PRODUCTION	GO:0032741	unmapped
GOBP_POSITIVE_REGULATION_OF_INTERLEUKIN_1_ALPHA_PRODUCTION	GO:0032730	unmapped
GOBP_POSITIVE_REGULATION_OF_INTERLEUKIN_1_PRODUCTION	GO:0032732	unmapped
GOBP_POSITIVE_REGULATION_OF_INTERLEUKIN_23_PRODUCTION	GO:0032747	unmapped
GOBP_POSITIVE_REGULATION_OF_INTERLEUKIN_2_PRODUCTION	GO:0032743	unmapped
GOBP_POSITIVE_REGULATION_OF_INTERLEUKIN_4_PRODUCTION	GO:0032753	unmapped
GOBP_POSITIVE_REGULATION_OF_INTERLEUKIN_5_PRODUCTION	GO:0032754	unmapped
GOBP_POSITIVE_REGULATION_OF_INTERLEUKIN_6_PRODUCTION	GO:0032755	unmapped
GOBP_POSITIVE_REGULATION_OF_INTERLEUKIN_8_PRODUCTION	GO:0032757	unmapped
GOBP_POSITIVE_REGULATION_OF_INTRACELLULAR_ESTROGEN_RECEPTOR_SIGNALING_PATHWAY	GO:0033148	signaling
GOBP_POSITIVE_REGULATION_OF_INTRACELLULAR_LIPID_TRANSPORT	GO:0032379	unmapped
GOBP_POSITIVE_REGULATION_OF_INTRACELLULAR_PROTEIN_TRANSPORT	GO:0090316	intracellular protein transport
GOBP_POSITIVE_REGULATION_OF_INTRACELLULAR_SIGNAL_TRANSDUCTION	GO:1902533	signaling
GOBP_POSITIVE_REGULATION_OF_INTRACELLULAR_STEROID_HORMONE_RECEPTOR_SIGNALING_PATHWAY	GO:0033145	signaling
GOBP_POSITIVE_REGULATION_OF_INTRACELLULAR_TRANSPORT	GO:0032388	unmapped
GOBP_POSITIVE_REGULATION_OF_INTRINSIC_APOPTOTIC_SIGNALING_PATHWAY	GO:2001244	programmed cell death
GOBP_POSITIVE_REGULATION_OF_INTRINSIC_APOPTOTIC_SIGNALING_PATHWAY_BY_P53_CLASS_MEDIATOR	GO:1902255	programmed cell death
GOBP_POSITIVE_REGULATION_OF_INTRINSIC_APOPTOTIC_SIGNALING_PATHWAY_IN_RESPONSE_TO_DNA_DAMAGE	GO:1902231	programmed cell death
GOBP_POSITIVE_REGULATION_OF_IRE1_MEDIATED_UNFOLDED_PROTEIN_RESPONSE	GO:1903896	signaling
GOBP_POSITIVE_REGULATION_OF_ISOTYPE_SWITCHING	GO:0045830	DNA recombination
GOBP_POSITIVE_REGULATION_OF_ISOTYPE_SWITCHING_TO_IGG_ISOTYPES	GO:0048304	DNA recombination
GOBP_POSITIVE_REGULATION_OF_JNK_CASCADE	GO:0046330	signaling
GOBP_POSITIVE_REGULATION_OF_JUN_KINASE_ACTIVITY	GO:0043507	signaling
GOBP_POSITIVE_REGULATION_OF_KERATINOCYTE_APOPTOTIC_PROCESS	GO:1902174	programmed cell death
GOBP_POSITIVE_REGULATION_OF_KERATINOCYTE_DIFFERENTIATION	GO:0045618	cell differentiation
GOBP_POSITIVE_REGULATION_OF_KERATINOCYTE_PROLIFERATION	GO:0010838	unmapped
GOBP_POSITIVE_REGULATION_OF_KIDNEY_DEVELOPMENT	GO:0090184	anatomical structure development
GOBP_POSITIVE_REGULATION_OF_KINASE_ACTIVITY	GO:0033674	unmapped
GOBP_POSITIVE_REGULATION_OF_LAMELLIPODIUM_ASSEMBLY	GO:0010592	unmapped
GOBP_POSITIVE_REGULATION_OF_LAMELLIPODIUM_MORPHOGENESIS	GO:2000394	anatomical structure development
GOBP_POSITIVE_REGULATION_OF_LAMELLIPODIUM_ORGANIZATION	GO:1902745	unmapped
GOBP_POSITIVE_REGULATION_OF_LEUKOCYTE_ADHESION_TO_VASCULAR_ENDOTHELIAL_CELL	GO:1904996	cell adhesion
GOBP_POSITIVE_REGULATION_OF_LEUKOCYTE_APOPTOTIC_PROCESS	GO:2000108	programmed cell death
GOBP_POSITIVE_REGULATION_OF_LEUKOCYTE_CELL_CELL_ADHESION	GO:1903039	cell adhesion
GOBP_POSITIVE_REGULATION_OF_LEUKOCYTE_CHEMOTAXIS	GO:0002690	cell motility
GOBP_POSITIVE_REGULATION_OF_LEUKOCYTE_DEGRANULATION	GO:0043302	vesicle-mediated transport
GOBP_POSITIVE_REGULATION_OF_LEUKOCYTE_MEDIATED_IMMUNITY	GO:0002705	immune system process
GOBP_POSITIVE_REGULATION_OF_LEUKOCYTE_MIGRATION	GO:0002687	cell motility
GOBP_POSITIVE_REGULATION_OF_LEUKOCYTE_PROLIFERATION	GO:0070665	unmapped
GOBP_POSITIVE_REGULATION_OF_LEUKOCYTE_TETHERING_OR_ROLLING	GO:1903238	cell adhesion
GOBP_POSITIVE_REGULATION_OF_LIGASE_ACTIVITY	GO:0051351	unmapped
GOBP_POSITIVE_REGULATION_OF_LIPASE_ACTIVITY	GO:0060193	unmapped
GOBP_POSITIVE_REGULATION_OF_LIPID_BIOSYNTHETIC_PROCESS	GO:0046889	lipid metabolic process
GOBP_POSITIVE_REGULATION_OF_LIPID_CATABOLIC_PROCESS	GO:0050996	lipid metabolic process
GOBP_POSITIVE_REGULATION_OF_LIPID_LOCALIZATION	GO:1905954	unmapped
GOBP_POSITIVE_REGULATION_OF_LIPID_METABOLIC_PROCESS	GO:0045834	lipid metabolic process
GOBP_POSITIVE_REGULATION_OF_LIPID_STORAGE	GO:0010884	unmapped
GOBP_POSITIVE_REGULATION_OF_LIPID_TRANSPORT	GO:0032370	unmapped
GOBP_POSITIVE_REGULATION_OF_LIPOPOLYSACCHARIDE_MEDIATED_SIGNALING_PATHWAY	GO:0031666	signaling
GOBP_POSITIVE_REGULATION_OF_LIPOPROTEIN_PARTICLE_CLEARANCE	GO:0010986	unmapped
GOBP_POSITIVE_REGULATION_OF_LOCOMOTION	GO:0040017	unmapped
GOBP_POSITIVE_REGULATION_OF_LONG_TERM_NEURONAL_SYNAPTIC_PLASTICITY	GO:0048170	signaling
GOBP_POSITIVE_REGULATION_OF_LONG_TERM_SYNAPTIC_DEPRESSION	GO:1900454	signaling
GOBP_POSITIVE_REGULATION_OF_LONG_TERM_SYNAPTIC_POTENTIATION	GO:1900273	signaling
GOBP_POSITIVE_REGULATION_OF_LYASE_ACTIVITY	GO:0051349	unmapped
GOBP_POSITIVE_REGULATION_OF_LYMPHOCYTE_ANERGY	GO:0002913	anatomical structure development
GOBP_POSITIVE_REGULATION_OF_LYMPHOCYTE_APOPTOTIC_PROCESS	GO:0070230	programmed cell death
GOBP_POSITIVE_REGULATION_OF_LYMPHOCYTE_CHEMOTAXIS	GO:0140131	cell motility
GOBP_POSITIVE_REGULATION_OF_LYMPHOCYTE_DIFFERENTIATION	GO:0045621	cell differentiation
GOBP_POSITIVE_REGULATION_OF_LYMPHOCYTE_MIGRATION	GO:2000403	cell motility
GOBP_POSITIVE_REGULATION_OF_LYSOSOMAL_PROTEIN_CATABOLIC_PROCESS	GO:1905167	protein catabolic process
GOBP_POSITIVE_REGULATION_OF_MACROAUTOPHAGY	GO:0016239	autophagy
GOBP_POSITIVE_REGULATION_OF_MACROPHAGE_ACTIVATION	GO:0043032	immune system process
GOBP_POSITIVE_REGULATION_OF_MACROPHAGE_CHEMOTAXIS	GO:0010759	cell motility
GOBP_POSITIVE_REGULATION_OF_MACROPHAGE_CYTOKINE_PRODUCTION	GO:0060907	immune system process
GOBP_POSITIVE_REGULATION_OF_MACROPHAGE_DERIVED_FOAM_CELL_DIFFERENTIATION	GO:0010744	cell differentiation
GOBP_POSITIVE_REGULATION_OF_MACROPHAGE_DIFFERENTIATION	GO:0045651	cell differentiation
GOBP_POSITIVE_REGULATION_OF_MACROPHAGE_MIGRATION	GO:1905523	cell motility
GOBP_POSITIVE_REGULATION_OF_MAINTENANCE_OF_SISTER_CHROMATID_COHESION	GO:0034093	unmapped
GOBP_POSITIVE_REGULATION_OF_MAMMARY_GLAND_EPITHELIAL_CELL_PROLIFERATION	GO:0033601	anatomical structure development
GOBP_POSITIVE_REGULATION_OF_MAPKKK_CASCADE_BY_FIBROBLAST_GROWTH_FACTOR_RECEPTOR_SIGNALING_PATHWAY	GO:0090080	signaling
GOBP_POSITIVE_REGULATION_OF_MAPK_CASCADE	GO:0043410	signaling
GOBP_POSITIVE_REGULATION_OF_MAP_KINASE_ACTIVITY	GO:0043406	signaling
GOBP_POSITIVE_REGULATION_OF_MAST_CELL_ACTIVATION	GO:0033005	immune system process
GOBP_POSITIVE_REGULATION_OF_MAST_CELL_CHEMOTAXIS	GO:0060754	cell motility
GOBP_POSITIVE_REGULATION_OF_MAST_CELL_CYTOKINE_PRODUCTION	GO:0032765	immune system process
GOBP_POSITIVE_REGULATION_OF_MAST_CELL_DEGRANULATION	GO:0043306	vesicle-mediated transport
GOBP_POSITIVE_REGULATION_OF_MAST_CELL_PROLIFERATION	GO:0070668	unmapped
GOBP_POSITIVE_REGULATION_OF_MEGAKARYOCYTE_DIFFERENTIATION	GO:0045654	cell differentiation
GOBP_POSITIVE_REGULATION_OF_MEIOTIC_CELL_CYCLE	GO:0051446	reproductive process
GOBP_POSITIVE_REGULATION_OF_MEIOTIC_NUCLEAR_DIVISION	GO:0045836	meiotic nuclear division
GOBP_POSITIVE_REGULATION_OF_MELANOCYTE_DIFFERENTIATION	GO:0045636	cell differentiation
GOBP_POSITIVE_REGULATION_OF_MEMBRANE_DEPOLARIZATION	GO:1904181	unmapped
GOBP_POSITIVE_REGULATION_OF_MEMBRANE_PERMEABILITY	GO:1905710	unmapped
GOBP_POSITIVE_REGULATION_OF_MEMBRANE_POTENTIAL	GO:0045838	unmapped
GOBP_POSITIVE_REGULATION_OF_MEMBRANE_PROTEIN_ECTODOMAIN_PROTEOLYSIS	GO:0051044	protein catabolic process
GOBP_POSITIVE_REGULATION_OF_MEMORY_T_CELL_DIFFERENTIATION	GO:0043382	cell differentiation
GOBP_POSITIVE_REGULATION_OF_MESENCHYMAL_CELL_PROLIFERATION	GO:0002053	unmapped
GOBP_POSITIVE_REGULATION_OF_MESENCHYMAL_STEM_CELL_DIFFERENTIATION	GO:2000741	cell differentiation
GOBP_POSITIVE_REGULATION_OF_MESENCHYMAL_STEM_CELL_PROLIFERATION	GO:1902462	unmapped
GOBP_POSITIVE_REGULATION_OF_METAPHASE_ANAPHASE_TRANSITION_OF_CELL_CYCLE	GO:1902101	chromosome segregation
GOBP_POSITIVE_REGULATION_OF_MHC_CLASS_II_BIOSYNTHETIC_PROCESS	GO:0045348	unmapped
GOBP_POSITIVE_REGULATION_OF_MHC_CLASS_I_BIOSYNTHETIC_PROCESS	GO:0045345	unmapped
GOBP_POSITIVE_REGULATION_OF_MICROGLIAL_CELL_ACTIVATION	GO:1903980	inflammatory response
GOBP_POSITIVE_REGULATION_OF_MICROGLIAL_CELL_MIGRATION	GO:1904141	cell differentiation
GOBP_POSITIVE_REGULATION_OF_MICROTUBULE_DEPOLYMERIZATION	GO:0031117	cytoskeleton organization
GOBP_POSITIVE_REGULATION_OF_MICROTUBULE_NUCLEATION	GO:0090063	cytoskeleton organization
GOBP_POSITIVE_REGULATION_OF_MICROTUBULE_POLYMERIZATION_OR_DEPOLYMERIZATION	GO:0031112	cytoskeleton organization
GOBP_POSITIVE_REGULATION_OF_MIRNA_CATABOLIC_PROCESS	GO:2000627	unmapped
GOBP_POSITIVE_REGULATION_OF_MIRNA_METABOLIC_PROCESS	GO:2000630	unmapped
GOBP_POSITIVE_REGULATION_OF_MIRNA_PROCESSING	GO:1903800	regulatory ncRNA-mediated gene silencing
GOBP_POSITIVE_REGULATION_OF_MIRNA_TRANSCRIPTION	GO:1902895	regulation of DNA-templated transcription
GOBP_POSITIVE_REGULATION_OF_MITOCHONDRIAL_CALCIUM_ION_CONCENTRATION	GO:0051561	unmapped
GOBP_POSITIVE_REGULATION_OF_MITOCHONDRIAL_DEPOLARIZATION	GO:0051901	unmapped
GOBP_POSITIVE_REGULATION_OF_MITOCHONDRIAL_FISSION	GO:0090141	mitochondrion organization
GOBP_POSITIVE_REGULATION_OF_MITOCHONDRIAL_FUSION	GO:0010636	mitochondrion organization
GOBP_POSITIVE_REGULATION_OF_MITOCHONDRIAL_MEMBRANE_PERMEABILITY	GO:0035794	unmapped
GOBP_POSITIVE_REGULATION_OF_MITOCHONDRIAL_MEMBRANE_POTENTIAL	GO:0010918	unmapped
GOBP_POSITIVE_REGULATION_OF_MITOCHONDRIAL_OUTER_MEMBRANE_PERMEABILIZATION_INVOLVED_IN_APOPTOTIC_SIGNALING_PATHWAY	GO:1901030	mitochondrion organization
GOBP_POSITIVE_REGULATION_OF_MITOCHONDRIAL_TRANSLATION	GO:0070131	mitochondrial gene expression
GOBP_POSITIVE_REGULATION_OF_MITOTIC_CELL_CYCLE	GO:0045931	mitotic cell cycle
GOBP_POSITIVE_REGULATION_OF_MITOTIC_CELL_CYCLE_PHASE_TRANSITION	GO:1901992	mitotic cell cycle
GOBP_POSITIVE_REGULATION_OF_MITOTIC_CYTOKINESIS	GO:1903490	mitotic cell cycle
GOBP_POSITIVE_REGULATION_OF_MITOTIC_NUCLEAR_DIVISION	GO:0045840	mitotic nuclear division
GOBP_POSITIVE_REGULATION_OF_MITOTIC_SISTER_CHROMATID_SEGREGATION	GO:0062033	mitotic nuclear division
GOBP_POSITIVE_REGULATION_OF_MITOTIC_SISTER_CHROMATID_SEPARATION	GO:1901970	mitotic nuclear division
GOBP_POSITIVE_REGULATION_OF_MOLECULAR_FUNCTION	GO:0044093	unmapped
GOBP_POSITIVE_REGULATION_OF_MONOATOMIC_ION_TRANSMEMBRANE_TRANSPORT	GO:0034767	transmembrane transport
GOBP_POSITIVE_REGULATION_OF_MONOATOMIC_ION_TRANSPORT	GO:0043270	unmapped
GOBP_POSITIVE_REGULATION_OF_MONOCYTE_CHEMOTACTIC_PROTEIN_1_PRODUCTION	GO:0071639	unmapped
GOBP_POSITIVE_REGULATION_OF_MONOCYTE_CHEMOTAXIS	GO:0090026	cell motility
GOBP_POSITIVE_REGULATION_OF_MONOCYTE_DIFFERENTIATION	GO:0045657	cell differentiation
GOBP_POSITIVE_REGULATION_OF_MONOCYTE_EXTRAVASATION	GO:2000439	cell motility
GOBP_POSITIVE_REGULATION_OF_MONONUCLEAR_CELL_MIGRATION	GO:0071677	cell motility
GOBP_POSITIVE_REGULATION_OF_MONOOXYGENASE_ACTIVITY		unmapped
GOBP_POSITIVE_REGULATION_OF_MORPHOGENESIS_OF_AN_EPITHELIUM	GO:1905332	anatomical structure development
GOBP_POSITIVE_REGULATION_OF_MRNA_3_END_PROCESSING	GO:0031442	mRNA metabolic process
GOBP_POSITIVE_REGULATION_OF_MRNA_CATABOLIC_PROCESS	GO:0061014	mRNA metabolic process
GOBP_POSITIVE_REGULATION_OF_MRNA_METABOLIC_PROCESS	GO:1903313	mRNA metabolic process
GOBP_POSITIVE_REGULATION_OF_MRNA_PROCESSING	GO:0050685	mRNA metabolic process
GOBP_POSITIVE_REGULATION_OF_MUCUS_SECRETION	GO:0070257	unmapped
GOBP_POSITIVE_REGULATION_OF_MULTICELLULAR_ORGANISMAL_PROCESS	GO:0051240	unmapped
GOBP_POSITIVE_REGULATION_OF_MULTICELLULAR_ORGANISM_GROWTH	GO:0040018	unmapped
GOBP_POSITIVE_REGULATION_OF_MUSCLE_ADAPTATION	GO:0014744	muscle system process
GOBP_POSITIVE_REGULATION_OF_MUSCLE_CELL_APOPTOTIC_PROCESS	GO:0010661	programmed cell death
GOBP_POSITIVE_REGULATION_OF_MUSCLE_CELL_DIFFERENTIATION	GO:0051149	cell differentiation
GOBP_POSITIVE_REGULATION_OF_MUSCLE_CONTRACTION	GO:0045933	muscle system process
GOBP_POSITIVE_REGULATION_OF_MUSCLE_HYPERTROPHY	GO:0014742	muscle system process
GOBP_POSITIVE_REGULATION_OF_MUSCLE_ORGAN_DEVELOPMENT	GO:0048636	anatomical structure development
GOBP_POSITIVE_REGULATION_OF_MYELINATION	GO:0031643	nervous system process
GOBP_POSITIVE_REGULATION_OF_MYELOID_CELL_APOPTOTIC_PROCESS	GO:0033034	programmed cell death
GOBP_POSITIVE_REGULATION_OF_MYELOID_CELL_DIFFERENTIATION	GO:0045639	cell differentiation
GOBP_POSITIVE_REGULATION_OF_MYELOID_LEUKOCYTE_CYTOKINE_PRODUCTION_INVOLVED_IN_IMMUNE_RESPONSE	GO:0061081	immune system process
GOBP_POSITIVE_REGULATION_OF_MYELOID_LEUKOCYTE_DIFFERENTIATION	GO:0002763	cell differentiation
GOBP_POSITIVE_REGULATION_OF_MYELOID_LEUKOCYTE_MEDIATED_IMMUNITY	GO:0002888	immune system process
GOBP_POSITIVE_REGULATION_OF_MYOBLAST_DIFFERENTIATION	GO:0045663	cell differentiation
GOBP_POSITIVE_REGULATION_OF_MYOBLAST_FUSION	GO:1901741	cell differentiation
GOBP_POSITIVE_REGULATION_OF_MYOBLAST_PROLIFERATION	GO:2000288	unmapped
GOBP_POSITIVE_REGULATION_OF_MYOTUBE_DIFFERENTIATION	GO:0010831	cell differentiation
GOBP_POSITIVE_REGULATION_OF_NATURAL_KILLER_CELL_ACTIVATION	GO:0032816	immune system process
GOBP_POSITIVE_REGULATION_OF_NATURAL_KILLER_CELL_CHEMOTAXIS	GO:2000503	cell motility
GOBP_POSITIVE_REGULATION_OF_NATURAL_KILLER_CELL_CYTOKINE_PRODUCTION	GO:0002729	defense response to other organism
GOBP_POSITIVE_REGULATION_OF_NATURAL_KILLER_CELL_DIFFERENTIATION	GO:0032825	cell differentiation
GOBP_POSITIVE_REGULATION_OF_NATURAL_KILLER_CELL_MEDIATED_CYTOTOXICITY	GO:0045954	defense response to other organism
GOBP_POSITIVE_REGULATION_OF_NATURAL_KILLER_CELL_MEDIATED_IMMUNE_RESPONSE_TO_TUMOR_CELL	GO:0002857	defense response to other organism
GOBP_POSITIVE_REGULATION_OF_NATURAL_KILLER_CELL_MEDIATED_IMMUNITY	GO:0002717	defense response to other organism
GOBP_POSITIVE_REGULATION_OF_NECROPTOTIC_PROCESS	GO:0060545	programmed cell death
GOBP_POSITIVE_REGULATION_OF_NERVOUS_SYSTEM_DEVELOPMENT	GO:0051962	anatomical structure development
GOBP_POSITIVE_REGULATION_OF_NERVOUS_SYSTEM_PROCESS	GO:0031646	nervous system process
GOBP_POSITIVE_REGULATION_OF_NEURAL_PRECURSOR_CELL_PROLIFERATION	GO:2000179	unmapped
GOBP_POSITIVE_REGULATION_OF_NEUROBLAST_PROLIFERATION	GO:0002052	cell differentiation
GOBP_POSITIVE_REGULATION_OF_NEUROEPITHELIAL_CELL_DIFFERENTIATION	GO:1902913	cell differentiation
GOBP_POSITIVE_REGULATION_OF_NEUROGENESIS	GO:0050769	cell differentiation
GOBP_POSITIVE_REGULATION_OF_NEUROINFLAMMATORY_RESPONSE	GO:0150078	inflammatory response
GOBP_POSITIVE_REGULATION_OF_NEURON_APOPTOTIC_PROCESS	GO:0043525	programmed cell death
GOBP_POSITIVE_REGULATION_OF_NEURON_DIFFERENTIATION	GO:0045666	cell differentiation
GOBP_POSITIVE_REGULATION_OF_NEURON_MIGRATION	GO:2001224	cell differentiation
GOBP_POSITIVE_REGULATION_OF_NEURON_PROJECTION_ARBORIZATION	GO:0150012	cell differentiation
GOBP_POSITIVE_REGULATION_OF_NEURON_PROJECTION_DEVELOPMENT	GO:0010976	cell differentiation
GOBP_POSITIVE_REGULATION_OF_NEURON_PROJECTION_REGENERATION	GO:0070572	cell differentiation
GOBP_POSITIVE_REGULATION_OF_NEUROTRANSMITTER_SECRETION	GO:0001956	signaling
GOBP_POSITIVE_REGULATION_OF_NEUROTRANSMITTER_TRANSPORT	GO:0051590	unmapped
GOBP_POSITIVE_REGULATION_OF_NEUROTRANSMITTER_UPTAKE	GO:0051582	unmapped
GOBP_POSITIVE_REGULATION_OF_NEUROTROPHIN_TRK_RECEPTOR_SIGNALING_PATHWAY	GO:0051388	signaling
GOBP_POSITIVE_REGULATION_OF_NEUTROPHIL_APOPTOTIC_PROCESS	GO:0033031	programmed cell death
GOBP_POSITIVE_REGULATION_OF_NEUTROPHIL_MIGRATION	GO:1902624	cell motility
GOBP_POSITIVE_REGULATION_OF_NF_KAPPAB_TRANSCRIPTION_FACTOR_ACTIVITY		unmapped
GOBP_POSITIVE_REGULATION_OF_NITRIC_OXIDE_MEDIATED_SIGNAL_TRANSDUCTION		unmapped
GOBP_POSITIVE_REGULATION_OF_NITRIC_OXIDE_METABOLIC_PROCESS		unmapped
GOBP_POSITIVE_REGULATION_OF_NK_T_CELL_ACTIVATION	GO:0051135	cell adhesion
GOBP_POSITIVE_REGULATION_OF_NON_CANONICAL_NF_KAPPAB_SIGNAL_TRANSDUCTION	GO:1901224	signaling
GOBP_POSITIVE_REGULATION_OF_NON_CANONICAL_WNT_SIGNALING_PATHWAY	GO:2000052	signaling
GOBP_POSITIVE_REGULATION_OF_NON_MOTILE_CILIUM_ASSEMBLY	GO:1902857	cilium organization
GOBP_POSITIVE_REGULATION_OF_NOTCH_SIGNALING_PATHWAY	GO:0045747	signaling
GOBP_POSITIVE_REGULATION_OF_NUCLEAR_CELL_CYCLE_DNA_REPLICATION	GO:0010571	DNA replication
GOBP_POSITIVE_REGULATION_OF_NUCLEAR_DIVISION	GO:0051785	unmapped
GOBP_POSITIVE_REGULATION_OF_NUCLEAR_TRANSCRIBED_MRNA_CATABOLIC_PROCESS_DEADENYLATION_DEPENDENT_DECAY	GO:1900153	mRNA metabolic process
GOBP_POSITIVE_REGULATION_OF_NUCLEASE_ACTIVITY		unmapped
GOBP_POSITIVE_REGULATION_OF_NUCLEOBASE_CONTAINING_COMPOUND_TRANSPORT	GO:0032241	unmapped
GOBP_POSITIVE_REGULATION_OF_NUCLEOCYTOPLASMIC_TRANSPORT	GO:0046824	nucleocytoplasmic transport
GOBP_POSITIVE_REGULATION_OF_NUCLEOTIDE_BINDING_DOMAIN_LEUCINE_RICH_REPEAT_CONTAINING_RECEPTOR_SIGNALING_PATHWAY	GO:0070426	defense response to other organism
GOBP_POSITIVE_REGULATION_OF_NUCLEOTIDE_BIOSYNTHETIC_PROCESS	GO:0030810	nucleobase-containing small molecule metabolic process
GOBP_POSITIVE_REGULATION_OF_NUCLEOTIDE_CATABOLIC_PROCESS	GO:0030813	nucleobase-containing small molecule metabolic process
GOBP_POSITIVE_REGULATION_OF_NUCLEOTIDE_METABOLIC_PROCESS	GO:0045981	nucleobase-containing small molecule metabolic process
GOBP_POSITIVE_REGULATION_OF_ODONTOGENESIS	GO:0042482	anatomical structure development
GOBP_POSITIVE_REGULATION_OF_OLIGODENDROCYTE_DIFFERENTIATION	GO:0048714	cell differentiation
GOBP_POSITIVE_REGULATION_OF_OPSONIZATION	GO:1903028	vesicle-mediated transport
GOBP_POSITIVE_REGULATION_OF_ORGANELLE_ASSEMBLY	GO:1902117	unmapped
GOBP_POSITIVE_REGULATION_OF_ORGANELLE_ORGANIZATION	GO:0010638	unmapped
GOBP_POSITIVE_REGULATION_OF_ORGANIC_ACID_TRANSPORT	GO:0032892	unmapped
GOBP_POSITIVE_REGULATION_OF_ORGAN_GROWTH	GO:0046622	unmapped
GOBP_POSITIVE_REGULATION_OF_OSSIFICATION	GO:0045778	unmapped
GOBP_POSITIVE_REGULATION_OF_OSTEOBLAST_DIFFERENTIATION	GO:0045669	cell differentiation
GOBP_POSITIVE_REGULATION_OF_OSTEOBLAST_PROLIFERATION	GO:0033690	unmapped
GOBP_POSITIVE_REGULATION_OF_OSTEOCLAST_DIFFERENTIATION	GO:0045672	cell differentiation
GOBP_POSITIVE_REGULATION_OF_OXIDATIVE_STRESS_INDUCED_INTRINSIC_APOPTOTIC_SIGNALING_PATHWAY	GO:1902177	programmed cell death
GOBP_POSITIVE_REGULATION_OF_OXIDOREDUCTASE_ACTIVITY	GO:0051353	unmapped
GOBP_POSITIVE_REGULATION_OF_P38MAPK_CASCADE	GO:1900745	signaling
GOBP_POSITIVE_REGULATION_OF_PATTERN_RECOGNITION_RECEPTOR_SIGNALING_PATHWAY	GO:0062208	defense response to other organism
GOBP_POSITIVE_REGULATION_OF_PEPTIDASE_ACTIVITY	GO:0010952	unmapped
GOBP_POSITIVE_REGULATION_OF_PEPTIDE_SECRETION	GO:0002793	unmapped
GOBP_POSITIVE_REGULATION_OF_PEPTIDYL_SERINE_PHOSPHORYLATION	GO:0033138	unmapped
GOBP_POSITIVE_REGULATION_OF_PEPTIDYL_THREONINE_PHOSPHORYLATION	GO:0010800	unmapped
GOBP_POSITIVE_REGULATION_OF_PEPTIDYL_TYROSINE_PHOSPHORYLATION	GO:0050731	unmapped
GOBP_POSITIVE_REGULATION_OF_PEROXISOME_PROLIFERATOR_ACTIVATED_RECEPTOR_SIGNALING_PATHWAY	GO:0035360	signaling
GOBP_POSITIVE_REGULATION_OF_PHAGOCYTOSIS	GO:0050766	vesicle-mediated transport
GOBP_POSITIVE_REGULATION_OF_PHOSPHATIDYLINOSITOL_3_KINASE_PROTEIN_KINASE_B_SIGNAL_TRANSDUCTION	GO:0051897	signaling
GOBP_POSITIVE_REGULATION_OF_PHOSPHOLIPASE_C_ACTIVATING_G_PROTEIN_COUPLED_RECEPTOR_SIGNALING_PATHWAY	GO:1900738	signaling
GOBP_POSITIVE_REGULATION_OF_PHOSPHOLIPID_BIOSYNTHETIC_PROCESS	GO:0071073	lipid metabolic process
GOBP_POSITIVE_REGULATION_OF_PHOSPHOLIPID_METABOLIC_PROCESS	GO:1903727	lipid metabolic process
GOBP_POSITIVE_REGULATION_OF_PHOSPHOLIPID_TRANSPORT	GO:2001140	unmapped
GOBP_POSITIVE_REGULATION_OF_PHOSPHORUS_METABOLIC_PROCESS	GO:0010562	unmapped
GOBP_POSITIVE_REGULATION_OF_PHOSPHORYLATION	GO:0042327	unmapped
GOBP_POSITIVE_REGULATION_OF_PINOCYTOSIS	GO:0048549	vesicle-mediated transport
GOBP_POSITIVE_REGULATION_OF_PLASMA_MEMBRANE_BOUNDED_CELL_PROJECTION_ASSEMBLY	GO:0120034	unmapped
GOBP_POSITIVE_REGULATION_OF_PLASMINOGEN_ACTIVATION	GO:0010756	protein maturation
GOBP_POSITIVE_REGULATION_OF_PLATELET_ACTIVATION	GO:0010572	wound healing
GOBP_POSITIVE_REGULATION_OF_PLATELET_AGGREGATION	GO:1901731	wound healing
GOBP_POSITIVE_REGULATION_OF_PLATELET_DERIVED_GROWTH_FACTOR_RECEPTOR_SIGNALING_PATHWAY	GO:0010641	signaling
GOBP_POSITIVE_REGULATION_OF_PODOSOME_ASSEMBLY	GO:0071803	protein-containing complex assembly
GOBP_POSITIVE_REGULATION_OF_POST_TRANSCRIPTIONAL_GENE_SILENCING	GO:0060148	unmapped
GOBP_POSITIVE_REGULATION_OF_POST_TRANSLATIONAL_PROTEIN_MODIFICATION	GO:1901875	unmapped
GOBP_POSITIVE_REGULATION_OF_POTASSIUM_ION_IMPORT_ACROSS_PLASMA_MEMBRANE	GO:1903288	transmembrane transport
GOBP_POSITIVE_REGULATION_OF_POTASSIUM_ION_TRANSMEMBRANE_TRANSPORT	GO:1901381	transmembrane transport
GOBP_POSITIVE_REGULATION_OF_POTASSIUM_ION_TRANSMEMBRANE_TRANSPORTER_ACTIVITY		unmapped
GOBP_POSITIVE_REGULATION_OF_POTASSIUM_ION_TRANSPORT	GO:0043268	unmapped
GOBP_POSITIVE_REGULATION_OF_PRODUCTION_OF_MOLECULAR_MEDIATOR_OF_IMMUNE_RESPONSE	GO:0002702	immune system process
GOBP_POSITIVE_REGULATION_OF_PROGRAMMED_CELL_DEATH	GO:0043068	programmed cell death
GOBP_POSITIVE_REGULATION_OF_PROGRAMMED_NECROTIC_CELL_DEATH	GO:0062100	programmed cell death
GOBP_POSITIVE_REGULATION_OF_PROSTAGLANDIN_BIOSYNTHETIC_PROCESS	GO:0031394	lipid metabolic process
GOBP_POSITIVE_REGULATION_OF_PROTEASOMAL_PROTEIN_CATABOLIC_PROCESS	GO:1901800	protein catabolic process
GOBP_POSITIVE_REGULATION_OF_PROTEASOMAL_UBIQUITIN_DEPENDENT_PROTEIN_CATABOLIC_PROCESS	GO:0032436	protein catabolic process
GOBP_POSITIVE_REGULATION_OF_PROTEIN_ACETYLATION	GO:1901985	unmapped
GOBP_POSITIVE_REGULATION_OF_PROTEIN_AUTOPHOSPHORYLATION	GO:0031954	unmapped
GOBP_POSITIVE_REGULATION_OF_PROTEIN_BINDING	GO:0032092	unmapped
GOBP_POSITIVE_REGULATION_OF_PROTEIN_CATABOLIC_PROCESS	GO:0045732	protein catabolic process
GOBP_POSITIVE_REGULATION_OF_PROTEIN_CATABOLIC_PROCESS_IN_THE_VACUOLE	GO:1904352	protein catabolic process
GOBP_POSITIVE_REGULATION_OF_PROTEIN_CONTAINING_COMPLEX_ASSEMBLY	GO:0031334	protein-containing complex assembly
GOBP_POSITIVE_REGULATION_OF_PROTEIN_CONTAINING_COMPLEX_DISASSEMBLY	GO:0043243	unmapped
GOBP_POSITIVE_REGULATION_OF_PROTEIN_DEPOLYMERIZATION	GO:1901881	unmapped
GOBP_POSITIVE_REGULATION_OF_PROTEIN_DEUBIQUITINATION	GO:1903003	unmapped
GOBP_POSITIVE_REGULATION_OF_PROTEIN_EXIT_FROM_ENDOPLASMIC_RETICULUM		unmapped
GOBP_POSITIVE_REGULATION_OF_PROTEIN_EXPORT_FROM_NUCLEUS	GO:0046827	nucleocytoplasmic transport
GOBP_POSITIVE_REGULATION_OF_PROTEIN_IMPORT_INTO_NUCLEUS	GO:0042307	nucleocytoplasmic transport
GOBP_POSITIVE_REGULATION_OF_PROTEIN_K63_LINKED_UBIQUITINATION	GO:1902523	unmapped
GOBP_POSITIVE_REGULATION_OF_PROTEIN_KINASE_A_SIGNALING		unmapped
GOBP_POSITIVE_REGULATION_OF_PROTEIN_LOCALIZATION	GO:1903829	unmapped
GOBP_POSITIVE_REGULATION_OF_PROTEIN_LOCALIZATION_TO_CAJAL_BODY	GO:1904871	unmapped
GOBP_POSITIVE_REGULATION_OF_PROTEIN_LOCALIZATION_TO_CELL_CORTEX	GO:1904778	unmapped
GOBP_POSITIVE_REGULATION_OF_PROTEIN_LOCALIZATION_TO_CELL_PERIPHERY	GO:1904377	unmapped
GOBP_POSITIVE_REGULATION_OF_PROTEIN_LOCALIZATION_TO_CELL_SURFACE	GO:2000010	unmapped
GOBP_POSITIVE_REGULATION_OF_PROTEIN_LOCALIZATION_TO_CENTROSOME	GO:1904781	unmapped
GOBP_POSITIVE_REGULATION_OF_PROTEIN_LOCALIZATION_TO_CHROMOSOME_TELOMERIC_REGION	GO:1904816	unmapped
GOBP_POSITIVE_REGULATION_OF_PROTEIN_LOCALIZATION_TO_CILIUM	GO:1903566	unmapped
GOBP_POSITIVE_REGULATION_OF_PROTEIN_LOCALIZATION_TO_EARLY_ENDOSOME	GO:1902966	unmapped
GOBP_POSITIVE_REGULATION_OF_PROTEIN_LOCALIZATION_TO_MEMBRANE	GO:1905477	unmapped
GOBP_POSITIVE_REGULATION_OF_PROTEIN_LOCALIZATION_TO_NUCLEOLUS	GO:1904751	unmapped
GOBP_POSITIVE_REGULATION_OF_PROTEIN_LOCALIZATION_TO_NUCLEUS	GO:1900182	unmapped
GOBP_POSITIVE_REGULATION_OF_PROTEIN_LOCALIZATION_TO_PLASMA_MEMBRANE	GO:1903078	protein localization to plasma membrane
GOBP_POSITIVE_REGULATION_OF_PROTEIN_LOCALIZATION_TO_SYNAPSE	GO:1902474	unmapped
GOBP_POSITIVE_REGULATION_OF_PROTEIN_MATURATION	GO:1903319	protein maturation
GOBP_POSITIVE_REGULATION_OF_PROTEIN_METABOLIC_PROCESS	GO:0051247	unmapped
GOBP_POSITIVE_REGULATION_OF_PROTEIN_MODIFICATION_PROCESS	GO:0031401	unmapped
GOBP_POSITIVE_REGULATION_OF_PROTEIN_MONOUBIQUITINATION	GO:1902527	unmapped
GOBP_POSITIVE_REGULATION_OF_PROTEIN_NEDDYLATION	GO:2000436	unmapped
GOBP_POSITIVE_REGULATION_OF_PROTEIN_POLYMERIZATION	GO:0032273	protein-containing complex assembly
GOBP_POSITIVE_REGULATION_OF_PROTEIN_POLYUBIQUITINATION	GO:1902916	unmapped
GOBP_POSITIVE_REGULATION_OF_PROTEIN_SECRETION	GO:0050714	unmapped
GOBP_POSITIVE_REGULATION_OF_PROTEIN_SERINE_THREONINE_KINASE_ACTIVITY	GO:0071902	unmapped
GOBP_POSITIVE_REGULATION_OF_PROTEIN_SUMOYLATION	GO:0033235	unmapped
GOBP_POSITIVE_REGULATION_OF_PROTEIN_TARGETING_TO_MEMBRANE	GO:0090314	unmapped
GOBP_POSITIVE_REGULATION_OF_PROTEIN_TRANSPORT	GO:0051222	unmapped
GOBP_POSITIVE_REGULATION_OF_PROTEIN_TYROSINE_KINASE_ACTIVITY	GO:0061098	unmapped
GOBP_POSITIVE_REGULATION_OF_PROTEIN_UBIQUITINATION	GO:0031398	unmapped
GOBP_POSITIVE_REGULATION_OF_PROTEOGLYCAN_BIOSYNTHETIC_PROCESS	GO:1902730	glycoprotein biosynthetic process
GOBP_POSITIVE_REGULATION_OF_PROTEOLYSIS	GO:0045862	unmapped
GOBP_POSITIVE_REGULATION_OF_PROTEOLYSIS_INVOLVED_IN_PROTEIN_CATABOLIC_PROCESS		unmapped
GOBP_POSITIVE_REGULATION_OF_PSEUDOPODIUM_ASSEMBLY	GO:0031274	unmapped
GOBP_POSITIVE_REGULATION_OF_PYROPTOTIC_INFLAMMATORY_RESPONSE	GO:0140639	inflammatory response
GOBP_POSITIVE_REGULATION_OF_RAC_PROTEIN_SIGNAL_TRANSDUCTION	GO:0035022	signaling
GOBP_POSITIVE_REGULATION_OF_RAS_PROTEIN_SIGNAL_TRANSDUCTION	GO:0046579	signaling
GOBP_POSITIVE_REGULATION_OF_REACTIVE_OXYGEN_SPECIES_BIOSYNTHETIC_PROCESS	GO:1903428	unmapped
GOBP_POSITIVE_REGULATION_OF_REACTIVE_OXYGEN_SPECIES_METABOLIC_PROCESS	GO:2000379	unmapped
GOBP_POSITIVE_REGULATION_OF_RECEPTOR_CATABOLIC_PROCESS	GO:2000646	unmapped
GOBP_POSITIVE_REGULATION_OF_RECEPTOR_CLUSTERING	GO:1903911	unmapped
GOBP_POSITIVE_REGULATION_OF_RECEPTOR_INTERNALIZATION	GO:0002092	vesicle-mediated transport
GOBP_POSITIVE_REGULATION_OF_RECEPTOR_MEDIATED_ENDOCYTOSIS	GO:0048260	vesicle-mediated transport
GOBP_POSITIVE_REGULATION_OF_RECEPTOR_RECYCLING	GO:0001921	signaling
GOBP_POSITIVE_REGULATION_OF_RECEPTOR_SIGNALING_PATHWAY_VIA_STAT	GO:1904894	signaling
GOBP_POSITIVE_REGULATION_OF_REGULATED_SECRETORY_PATHWAY	GO:1903307	vesicle-mediated transport
GOBP_POSITIVE_REGULATION_OF_REGULATORY_T_CELL_DIFFERENTIATION	GO:0045591	cell differentiation
GOBP_POSITIVE_REGULATION_OF_RELEASE_OF_CYTOCHROME_C_FROM_MITOCHONDRIA	GO:0090200	mitochondrion organization
GOBP_POSITIVE_REGULATION_OF_RELEASE_OF_SEQUESTERED_CALCIUM_ION_INTO_CYTOSOL	GO:0051281	transmembrane transport
GOBP_POSITIVE_REGULATION_OF_REPRODUCTIVE_PROCESS	GO:2000243	reproductive process
GOBP_POSITIVE_REGULATION_OF_RESPIRATORY_BURST	GO:0060267	unmapped
GOBP_POSITIVE_REGULATION_OF_RESPONSE_TO_BIOTIC_STIMULUS	GO:0002833	unmapped
GOBP_POSITIVE_REGULATION_OF_RESPONSE_TO_CYTOKINE_STIMULUS	GO:0060760	unmapped
GOBP_POSITIVE_REGULATION_OF_RESPONSE_TO_ENDOPLASMIC_RETICULUM_STRESS	GO:1905898	unmapped
GOBP_POSITIVE_REGULATION_OF_RESPONSE_TO_EXTERNAL_STIMULUS	GO:0032103	unmapped
GOBP_POSITIVE_REGULATION_OF_RESPONSE_TO_NUTRIENT_LEVELS	GO:0032109	unmapped
GOBP_POSITIVE_REGULATION_OF_RESPONSE_TO_TUMOR_CELL	GO:0002836	unmapped
GOBP_POSITIVE_REGULATION_OF_RESPONSE_TO_TYPE_II_INTERFERON	GO:0060332	defense response to other organism
GOBP_POSITIVE_REGULATION_OF_RESPONSE_TO_WOUNDING	GO:1903036	unmapped
GOBP_POSITIVE_REGULATION_OF_RETINOIC_ACID_RECEPTOR_SIGNALING_PATHWAY	GO:0048386	signaling
GOBP_POSITIVE_REGULATION_OF_RHO_PROTEIN_SIGNAL_TRANSDUCTION	GO:0035025	signaling
GOBP_POSITIVE_REGULATION_OF_RIG_I_SIGNALING_PATHWAY	GO:1900246	defense response to other organism
GOBP_POSITIVE_REGULATION_OF_RNA_EXPORT_FROM_NUCLEUS	GO:0046833	nucleocytoplasmic transport
GOBP_POSITIVE_REGULATION_OF_RNA_METABOLIC_PROCESS	GO:0051254	unmapped
GOBP_POSITIVE_REGULATION_OF_RNA_POLYMERASE_II_TRANSCRIPTION_PREINITIATION_COMPLEX_ASSEMBLY	GO:0045899	regulation of DNA-templated transcription
GOBP_POSITIVE_REGULATION_OF_RNA_SPLICING	GO:0033120	unmapped
GOBP_POSITIVE_REGULATION_OF_RRNA_PROCESSING	GO:2000234	ribosome biogenesis
GOBP_POSITIVE_REGULATION_OF_RUFFLE_ASSEMBLY	GO:1900029	unmapped
GOBP_POSITIVE_REGULATION_OF_SARCOMERE_ORGANIZATION	GO:0060298	cytoskeleton organization
GOBP_POSITIVE_REGULATION_OF_SECONDARY_METABOLITE_BIOSYNTHETIC_PROCESS	GO:1900378	unmapped
GOBP_POSITIVE_REGULATION_OF_SECRETION	GO:0051047	unmapped
GOBP_POSITIVE_REGULATION_OF_SEQUESTERING_OF_CALCIUM_ION		unmapped
GOBP_POSITIVE_REGULATION_OF_SIGNALING	GO:0023056	signaling
GOBP_POSITIVE_REGULATION_OF_SIGNALING_RECEPTOR_ACTIVITY		unmapped
GOBP_POSITIVE_REGULATION_OF_SIGNAL_TRANSDUCTION_BY_P53_CLASS_MEDIATOR	GO:1901798	signaling
GOBP_POSITIVE_REGULATION_OF_SISTER_CHROMATID_COHESION	GO:0045876	unmapped
GOBP_POSITIVE_REGULATION_OF_SKELETAL_MUSCLE_CELL_DIFFERENTIATION	GO:2001016	cell differentiation
GOBP_POSITIVE_REGULATION_OF_SKELETAL_MUSCLE_FIBER_DEVELOPMENT	GO:0048743	cell differentiation
GOBP_POSITIVE_REGULATION_OF_SKELETAL_MUSCLE_TISSUE_GROWTH	GO:0048633	anatomical structure development
GOBP_POSITIVE_REGULATION_OF_SKELETAL_MUSCLE_TISSUE_REGENERATION	GO:0043415	anatomical structure development
GOBP_POSITIVE_REGULATION_OF_SMAD_PROTEIN_SIGNAL_TRANSDUCTION	GO:0060391	signaling
GOBP_POSITIVE_REGULATION_OF_SMALL_GTPASE_MEDIATED_SIGNAL_TRANSDUCTION	GO:0051057	signaling
GOBP_POSITIVE_REGULATION_OF_SMALL_MOLECULE_METABOLIC_PROCESS	GO:0062013	unmapped
GOBP_POSITIVE_REGULATION_OF_SMOOTHENED_SIGNALING_PATHWAY	GO:0045880	signaling
GOBP_POSITIVE_REGULATION_OF_SMOOTH_MUSCLE_CELL_APOPTOTIC_PROCESS	GO:0034393	programmed cell death
GOBP_POSITIVE_REGULATION_OF_SMOOTH_MUSCLE_CELL_DIFFERENTIATION	GO:0051152	cell differentiation
GOBP_POSITIVE_REGULATION_OF_SMOOTH_MUSCLE_CELL_MIGRATION	GO:0014911	cell motility
GOBP_POSITIVE_REGULATION_OF_SMOOTH_MUSCLE_CELL_PROLIFERATION	GO:0048661	unmapped
GOBP_POSITIVE_REGULATION_OF_SMOOTH_MUSCLE_CONTRACTION	GO:0045987	muscle system process
GOBP_POSITIVE_REGULATION_OF_SODIUM_ION_TRANSMEMBRANE_TRANSPORT	GO:1902307	transmembrane transport
GOBP_POSITIVE_REGULATION_OF_SODIUM_ION_TRANSMEMBRANE_TRANSPORTER_ACTIVITY	GO:2000651	transmembrane transport
GOBP_POSITIVE_REGULATION_OF_SODIUM_ION_TRANSPORT	GO:0010765	unmapped
GOBP_POSITIVE_REGULATION_OF_SPHINGOLIPID_BIOSYNTHETIC_PROCESS	GO:0090154	lipid metabolic process
GOBP_POSITIVE_REGULATION_OF_SPINDLE_ASSEMBLY	GO:1905832	cytoskeleton organization
GOBP_POSITIVE_REGULATION_OF_SPINDLE_CHECKPOINT	GO:0090232	signaling
GOBP_POSITIVE_REGULATION_OF_SPROUTING_ANGIOGENESIS	GO:1903672	anatomical structure development
GOBP_POSITIVE_REGULATION_OF_STEM_CELL_DIFFERENTIATION	GO:2000738	cell differentiation
GOBP_POSITIVE_REGULATION_OF_STEM_CELL_POPULATION_MAINTENANCE	GO:1902459	unmapped
GOBP_POSITIVE_REGULATION_OF_STEM_CELL_PROLIFERATION	GO:2000648	unmapped
GOBP_POSITIVE_REGULATION_OF_STEROID_BIOSYNTHETIC_PROCESS	GO:0010893	lipid metabolic process
GOBP_POSITIVE_REGULATION_OF_STEROID_HORMONE_BIOSYNTHETIC_PROCESS	GO:0090031	lipid metabolic process
GOBP_POSITIVE_REGULATION_OF_STEROID_HORMONE_SECRETION	GO:2000833	signaling
GOBP_POSITIVE_REGULATION_OF_STEROID_METABOLIC_PROCESS	GO:0045940	lipid metabolic process
GOBP_POSITIVE_REGULATION_OF_STEROL_TRANSPORT	GO:0032373	unmapped
GOBP_POSITIVE_REGULATION_OF_STRESS_ACTIVATED_PROTEIN_KINASE_SIGNALING_CASCADE	GO:0070304	signaling
GOBP_POSITIVE_REGULATION_OF_STRESS_FIBER_ASSEMBLY	GO:0051496	cytoskeleton organization
GOBP_POSITIVE_REGULATION_OF_STRESS_GRANULE_ASSEMBLY	GO:0062029	unmapped
GOBP_POSITIVE_REGULATION_OF_STRIATED_MUSCLE_CELL_APOPTOTIC_PROCESS	GO:0010663	programmed cell death
GOBP_POSITIVE_REGULATION_OF_STRIATED_MUSCLE_CELL_DIFFERENTIATION	GO:0051155	cell differentiation
GOBP_POSITIVE_REGULATION_OF_STRIATED_MUSCLE_CONTRACTION	GO:0045989	muscle system process
GOBP_POSITIVE_REGULATION_OF_SUBSTRATE_ADHESION_DEPENDENT_CELL_SPREADING	GO:1900026	cell adhesion
GOBP_POSITIVE_REGULATION_OF_SULFUR_METABOLIC_PROCESS		unmapped
GOBP_POSITIVE_REGULATION_OF_SUPRAMOLECULAR_FIBER_ORGANIZATION	GO:1902905	unmapped
GOBP_POSITIVE_REGULATION_OF_SYNAPSE_ASSEMBLY	GO:0051965	cell junction organization
GOBP_POSITIVE_REGULATION_OF_SYNAPSE_MATURATION	GO:0090129	cell junction organization
GOBP_POSITIVE_REGULATION_OF_SYNAPTIC_PLASTICITY	GO:0031915	signaling
GOBP_POSITIVE_REGULATION_OF_SYNAPTIC_TRANSMISSION	GO:0050806	signaling
GOBP_POSITIVE_REGULATION_OF_SYNAPTIC_TRANSMISSION_CHOLINERGIC	GO:0032224	signaling
GOBP_POSITIVE_REGULATION_OF_SYNAPTIC_TRANSMISSION_GABAERGIC	GO:0032230	signaling
GOBP_POSITIVE_REGULATION_OF_SYNAPTIC_TRANSMISSION_GLUTAMATERGIC	GO:0051968	signaling
GOBP_POSITIVE_REGULATION_OF_SYNAPTIC_VESICLE_EXOCYTOSIS	GO:2000302	vesicle-mediated transport
GOBP_POSITIVE_REGULATION_OF_SYNAPTIC_VESICLE_FUSION_TO_PRESYNAPTIC_ACTIVE_ZONE_MEMBRANE	GO:0031632	vesicle-mediated transport
GOBP_POSITIVE_REGULATION_OF_SYNAPTIC_VESICLE_RECYCLING	GO:1903423	vesicle-mediated transport
GOBP_POSITIVE_REGULATION_OF_SYNCYTIUM_FORMATION_BY_PLASMA_MEMBRANE_FUSION	GO:0060143	unmapped
GOBP_POSITIVE_REGULATION_OF_SYSTEMIC_ARTERIAL_BLOOD_PRESSURE	GO:0003084	circulatory system process
GOBP_POSITIVE_REGULATION_OF_TELOMERASE_RNA_LOCALIZATION_TO_CAJAL_BODY	GO:1904874	unmapped
GOBP_POSITIVE_REGULATION_OF_TELOMERE_CAPPING	GO:1904355	telomere organization
GOBP_POSITIVE_REGULATION_OF_TELOMERE_MAINTENANCE	GO:0032206	telomere organization
GOBP_POSITIVE_REGULATION_OF_TELOMERE_MAINTENANCE_VIA_TELOMERE_LENGTHENING	GO:1904358	telomere organization
GOBP_POSITIVE_REGULATION_OF_THE_FORCE_OF_HEART_CONTRACTION	GO:0098735	circulatory system process
GOBP_POSITIVE_REGULATION_OF_THYMOCYTE_APOPTOTIC_PROCESS	GO:0070245	programmed cell death
GOBP_POSITIVE_REGULATION_OF_TISSUE_REMODELING	GO:0034105	unmapped
GOBP_POSITIVE_REGULATION_OF_TOLERANCE_INDUCTION	GO:0002645	anatomical structure development
GOBP_POSITIVE_REGULATION_OF_TOLL_LIKE_RECEPTOR_2_SIGNALING_PATHWAY	GO:0034137	defense response to other organism
GOBP_POSITIVE_REGULATION_OF_TOLL_LIKE_RECEPTOR_3_SIGNALING_PATHWAY	GO:0034141	defense response to other organism
GOBP_POSITIVE_REGULATION_OF_TOLL_LIKE_RECEPTOR_4_SIGNALING_PATHWAY	GO:0034145	defense response to other organism
GOBP_POSITIVE_REGULATION_OF_TOLL_LIKE_RECEPTOR_7_SIGNALING_PATHWAY	GO:0034157	defense response to other organism
GOBP_POSITIVE_REGULATION_OF_TOLL_LIKE_RECEPTOR_9_SIGNALING_PATHWAY	GO:0034165	defense response to other organism
GOBP_POSITIVE_REGULATION_OF_TOOTH_MINERALIZATION	GO:0070172	anatomical structure development
GOBP_POSITIVE_REGULATION_OF_TORC1_SIGNALING	GO:1904263	signaling
GOBP_POSITIVE_REGULATION_OF_TORC2_SIGNALING	GO:1904515	signaling
GOBP_POSITIVE_REGULATION_OF_TOR_SIGNALING	GO:0032008	signaling
GOBP_POSITIVE_REGULATION_OF_TRANSCRIPTION_BY_GLUCOSE	GO:0046016	regulation of DNA-templated transcription
GOBP_POSITIVE_REGULATION_OF_TRANSCRIPTION_BY_RNA_POLYMERASE_I	GO:0045943	regulation of DNA-templated transcription
GOBP_POSITIVE_REGULATION_OF_TRANSCRIPTION_BY_RNA_POLYMERASE_II	GO:0045944	regulation of DNA-templated transcription
GOBP_POSITIVE_REGULATION_OF_TRANSCRIPTION_BY_RNA_POLYMERASE_III	GO:0045945	regulation of DNA-templated transcription
GOBP_POSITIVE_REGULATION_OF_TRANSCRIPTION_OF_NOTCH_RECEPTOR_TARGET	GO:0007221	regulation of DNA-templated transcription
GOBP_POSITIVE_REGULATION_OF_TRANSCRIPTION_OF_NUCLEOLAR_LARGE_RRNA_BY_RNA_POLYMERASE_I	GO:1901838	regulation of DNA-templated transcription
GOBP_POSITIVE_REGULATION_OF_TRANSCRIPTION_REGULATORY_REGION_DNA_BINDING	GO:2000679	unmapped
GOBP_POSITIVE_REGULATION_OF_TRANSFERASE_ACTIVITY		unmapped
GOBP_POSITIVE_REGULATION_OF_TRANSFORMING_GROWTH_FACTOR_BETA1_PRODUCTION	GO:0032914	unmapped
GOBP_POSITIVE_REGULATION_OF_TRANSFORMING_GROWTH_FACTOR_BETA_PRODUCTION	GO:0071636	unmapped
GOBP_POSITIVE_REGULATION_OF_TRANSLATION	GO:0045727	unmapped
GOBP_POSITIVE_REGULATION_OF_TRANSLATIONAL_ELONGATION	GO:0045901	unmapped
GOBP_POSITIVE_REGULATION_OF_TRANSLATIONAL_INITIATION	GO:0045948	unmapped
GOBP_POSITIVE_REGULATION_OF_TRANSLATION_IN_RESPONSE_TO_ENDOPLASMIC_RETICULUM_STRESS	GO:0036493	unmapped
GOBP_POSITIVE_REGULATION_OF_TRANSLATION_IN_RESPONSE_TO_STRESS	GO:0032056	unmapped
GOBP_POSITIVE_REGULATION_OF_TRANSMEMBRANE_RECEPTOR_PROTEIN_SERINE_THREONINE_KINASE_SIGNALING_PATHWAY	GO:0090100	signaling
GOBP_POSITIVE_REGULATION_OF_TRANSMEMBRANE_TRANSPORT	GO:0034764	transmembrane transport
GOBP_POSITIVE_REGULATION_OF_TRANSMISSION_OF_NERVE_IMPULSE	GO:0051971	nervous system process
GOBP_POSITIVE_REGULATION_OF_TRANSPORT	GO:0051050	unmapped
GOBP_POSITIVE_REGULATION_OF_TRANSPORTER_ACTIVITY	GO:0032411	unmapped
GOBP_POSITIVE_REGULATION_OF_TRIGLYCERIDE_BIOSYNTHETIC_PROCESS	GO:0010867	lipid metabolic process
GOBP_POSITIVE_REGULATION_OF_TRIGLYCERIDE_CATABOLIC_PROCESS	GO:0010898	lipid metabolic process
GOBP_POSITIVE_REGULATION_OF_TRIGLYCERIDE_METABOLIC_PROCESS	GO:0090208	lipid metabolic process
GOBP_POSITIVE_REGULATION_OF_TROPHOBLAST_CELL_MIGRATION	GO:1901165	anatomical structure development
GOBP_POSITIVE_REGULATION_OF_TUMOR_NECROSIS_FACTOR_MEDIATED_SIGNALING_PATHWAY	GO:1903265	signaling
GOBP_POSITIVE_REGULATION_OF_TUMOR_NECROSIS_FACTOR_SUPERFAMILY_CYTOKINE_PRODUCTION	GO:1903557	unmapped
GOBP_POSITIVE_REGULATION_OF_TYPE_2_IMMUNE_RESPONSE	GO:0002830	immune system process
GOBP_POSITIVE_REGULATION_OF_TYPE_2_MITOPHAGY	GO:1905091	autophagy
GOBP_POSITIVE_REGULATION_OF_TYPE_B_PANCREATIC_CELL_APOPTOTIC_PROCESS	GO:2000676	programmed cell death
GOBP_POSITIVE_REGULATION_OF_TYPE_II_INTERFERON_PRODUCTION	GO:0032729	unmapped
GOBP_POSITIVE_REGULATION_OF_TYPE_I_INTERFERON_MEDIATED_SIGNALING_PATHWAY	GO:0060340	defense response to other organism
GOBP_POSITIVE_REGULATION_OF_TYPE_I_INTERFERON_PRODUCTION	GO:0032481	unmapped
GOBP_POSITIVE_REGULATION_OF_T_CELL_APOPTOTIC_PROCESS	GO:0070234	programmed cell death
GOBP_POSITIVE_REGULATION_OF_T_CELL_CYTOKINE_PRODUCTION	GO:0002726	immune system process
GOBP_POSITIVE_REGULATION_OF_T_CELL_DIFFERENTIATION_IN_THYMUS	GO:0033089	cell differentiation
GOBP_POSITIVE_REGULATION_OF_T_CELL_MEDIATED_CYTOTOXICITY	GO:0001916	immune system process
GOBP_POSITIVE_REGULATION_OF_T_CELL_MEDIATED_IMMUNE_RESPONSE_TO_TUMOR_CELL	GO:0002842	immune system process
GOBP_POSITIVE_REGULATION_OF_T_CELL_MEDIATED_IMMUNITY	GO:0002711	immune system process
GOBP_POSITIVE_REGULATION_OF_T_CELL_MIGRATION	GO:2000406	cell motility
GOBP_POSITIVE_REGULATION_OF_T_CELL_PROLIFERATION	GO:0042102	cell adhesion
GOBP_POSITIVE_REGULATION_OF_T_CELL_RECEPTOR_SIGNALING_PATHWAY	GO:0050862	signaling
GOBP_POSITIVE_REGULATION_OF_T_CELL_TOLERANCE_INDUCTION	GO:0002666	anatomical structure development
GOBP_POSITIVE_REGULATION_OF_T_HELPER_17_CELL_DIFFERENTIATION	GO:2000321	cell differentiation
GOBP_POSITIVE_REGULATION_OF_T_HELPER_17_CELL_LINEAGE_COMMITMENT	GO:2000330	cell differentiation
GOBP_POSITIVE_REGULATION_OF_T_HELPER_17_TYPE_IMMUNE_RESPONSE	GO:2000318	immune system process
GOBP_POSITIVE_REGULATION_OF_T_HELPER_1_CELL_DIFFERENTIATION	GO:0045627	cell differentiation
GOBP_POSITIVE_REGULATION_OF_T_HELPER_1_TYPE_IMMUNE_RESPONSE	GO:0002827	immune system process
GOBP_POSITIVE_REGULATION_OF_T_HELPER_2_CELL_CYTOKINE_PRODUCTION	GO:2000553	immune system process
GOBP_POSITIVE_REGULATION_OF_T_HELPER_2_CELL_DIFFERENTIATION	GO:0045630	cell differentiation
GOBP_POSITIVE_REGULATION_OF_T_HELPER_CELL_DIFFERENTIATION	GO:0045624	cell differentiation
GOBP_POSITIVE_REGULATION_OF_UBIQUITIN_DEPENDENT_PROTEIN_CATABOLIC_PROCESS	GO:2000060	protein catabolic process
GOBP_POSITIVE_REGULATION_OF_UBIQUITIN_PROTEIN_LIGASE_ACTIVITY	GO:1904668	unmapped
GOBP_POSITIVE_REGULATION_OF_UBIQUITIN_PROTEIN_TRANSFERASE_ACTIVITY	GO:0051443	unmapped
GOBP_POSITIVE_REGULATION_OF_UNSATURATED_FATTY_ACID_BIOSYNTHETIC_PROCESS	GO:2001280	lipid metabolic process
GOBP_POSITIVE_REGULATION_OF_URINE_VOLUME	GO:0035810	renal system process
GOBP_POSITIVE_REGULATION_OF_UTERINE_SMOOTH_MUSCLE_CONTRACTION	GO:0070474	muscle system process
GOBP_POSITIVE_REGULATION_OF_VACUOLE_ORGANIZATION	GO:0044090	unmapped
GOBP_POSITIVE_REGULATION_OF_VASCULAR_ASSOCIATED_SMOOTH_MUSCLE_CELL_APOPTOTIC_PROCESS	GO:1905461	programmed cell death
GOBP_POSITIVE_REGULATION_OF_VASCULAR_ASSOCIATED_SMOOTH_MUSCLE_CELL_DIFFERENTIATION	GO:1905065	cell differentiation
GOBP_POSITIVE_REGULATION_OF_VASCULAR_ASSOCIATED_SMOOTH_MUSCLE_CELL_MIGRATION	GO:1904754	cell motility
GOBP_POSITIVE_REGULATION_OF_VASCULAR_ASSOCIATED_SMOOTH_MUSCLE_CELL_PROLIFERATION	GO:1904707	unmapped
GOBP_POSITIVE_REGULATION_OF_VASCULAR_ENDOTHELIAL_CELL_PROLIFERATION	GO:1905564	unmapped
GOBP_POSITIVE_REGULATION_OF_VASCULAR_ENDOTHELIAL_GROWTH_FACTOR_PRODUCTION	GO:0010575	unmapped
GOBP_POSITIVE_REGULATION_OF_VASCULAR_ENDOTHELIAL_GROWTH_FACTOR_RECEPTOR_SIGNALING_PATHWAY	GO:0030949	signaling
GOBP_POSITIVE_REGULATION_OF_VASCULAR_ENDOTHELIAL_GROWTH_FACTOR_SIGNALING_PATHWAY	GO:1900748	signaling
GOBP_POSITIVE_REGULATION_OF_VASCULAR_PERMEABILITY	GO:0043117	circulatory system process
GOBP_POSITIVE_REGULATION_OF_VASCULAR_WOUND_HEALING	GO:0035470	wound healing
GOBP_POSITIVE_REGULATION_OF_VASCULATURE_DEVELOPMENT	GO:1904018	anatomical structure development
GOBP_POSITIVE_REGULATION_OF_VASCULOGENESIS	GO:2001214	cell differentiation
GOBP_POSITIVE_REGULATION_OF_VASOCONSTRICTION	GO:0045907	circulatory system process
GOBP_POSITIVE_REGULATION_OF_VESICLE_FUSION	GO:0031340	vesicle-mediated transport
GOBP_POSITIVE_REGULATION_OF_VIRAL_GENOME_REPLICATION	GO:0045070	unmapped
GOBP_POSITIVE_REGULATION_OF_VIRAL_LIFE_CYCLE	GO:1903902	unmapped
GOBP_POSITIVE_REGULATION_OF_VIRAL_PROCESS	GO:0048524	unmapped
GOBP_POSITIVE_REGULATION_OF_VITAMIN_D_RECEPTOR_SIGNALING_PATHWAY	GO:0070564	signaling
GOBP_POSITIVE_REGULATION_OF_VOLTAGE_GATED_CALCIUM_CHANNEL_ACTIVITY	GO:1901387	transmembrane transport
GOBP_POSITIVE_REGULATION_OF_WNT_SIGNALING_PATHWAY	GO:0030177	signaling
GOBP_POSITIVE_REGULATION_OF_WNT_SIGNALING_PATHWAY_PLANAR_CELL_POLARITY_PATHWAY	GO:2000096	signaling
GOBP_POSITIVE_REGULATION_OF_WOUND_HEALING_SPREADING_OF_EPIDERMAL_CELLS	GO:1903691	wound healing
GOBP_POSITIVE_THYMIC_T_CELL_SELECTION	GO:0045059	cell differentiation
GOBP_POSITIVE_T_CELL_SELECTION	GO:0043368	cell differentiation
GOBP_POSTREPLICATION_REPAIR		unmapped
GOBP_POSTSYNAPSE_ASSEMBLY	GO:0099068	cell junction organization
GOBP_POSTSYNAPSE_ORGANIZATION	GO:0099173	cell junction organization
GOBP_POSTSYNAPSE_TO_NUCLEUS_SIGNALING_PATHWAY	GO:0099527	signaling
GOBP_POSTSYNAPTIC_ACTIN_CYTOSKELETON_ORGANIZATION	GO:0098974	cytoskeleton organization
GOBP_POSTSYNAPTIC_CYTOSKELETON_ORGANIZATION	GO:0099188	cytoskeleton organization
GOBP_POSTSYNAPTIC_DENSITY_ASSEMBLY	GO:0097107	cell junction organization
GOBP_POSTSYNAPTIC_DENSITY_ORGANIZATION	GO:0097106	cell junction organization
GOBP_POSTSYNAPTIC_DENSITY_PROTEIN_95_CLUSTERING	GO:0097119	cell junction organization
GOBP_POSTSYNAPTIC_MEMBRANE_ASSEMBLY	GO:0097104	cell junction organization
GOBP_POSTSYNAPTIC_MEMBRANE_ORGANIZATION	GO:0001941	cell junction organization
GOBP_POSTSYNAPTIC_MODULATION_OF_CHEMICAL_SYNAPTIC_TRANSMISSION	GO:0099170	signaling
GOBP_POSTSYNAPTIC_SIGNAL_TRANSDUCTION	GO:0098926	signaling
GOBP_POSTSYNAPTIC_SPECIALIZATION_ASSEMBLY	GO:0098698	cell junction organization
GOBP_POSTSYNAPTIC_SPECIALIZATION_ORGANIZATION	GO:0099084	cell junction organization
GOBP_POST_ANAL_TAIL_MORPHOGENESIS	GO:0036342	anatomical structure development
GOBP_POST_CHAPERONIN_TUBULIN_FOLDING_PATHWAY	GO:0007023	protein-containing complex assembly
GOBP_POST_EMBRYONIC_ANIMAL_MORPHOGENESIS	GO:0009886	anatomical structure development
GOBP_POST_EMBRYONIC_CAMERA_TYPE_EYE_DEVELOPMENT	GO:0031077	anatomical structure development
GOBP_POST_EMBRYONIC_DEVELOPMENT	GO:0009791	anatomical structure development
GOBP_POST_EMBRYONIC_EYE_MORPHOGENESIS	GO:0048050	anatomical structure development
GOBP_POST_EMBRYONIC_HEMOPOIESIS	GO:0035166	cell differentiation
GOBP_POST_GOLGI_VESICLE_MEDIATED_TRANSPORT	GO:0006892	vesicle-mediated transport
GOBP_POST_TRANSCRIPTIONAL_REGULATION_OF_GENE_EXPRESSION	GO:0010608	unmapped
GOBP_POST_TRANSLATIONAL_PROTEIN_MODIFICATION	GO:0043687	unmapped
GOBP_POST_TRANSLATIONAL_PROTEIN_TARGETING_TO_ENDOPLASMIC_RETICULUM_MEMBRANE	GO:0006620	unmapped
GOBP_POST_TRANSLATIONAL_PROTEIN_TARGETING_TO_MEMBRANE_TRANSLOCATION	GO:0031204	intracellular protein transport
GOBP_POTASSIUM_ION_EXPORT_ACROSS_PLASMA_MEMBRANE	GO:0097623	transmembrane transport
GOBP_POTASSIUM_ION_HOMEOSTASIS	GO:0055075	unmapped
GOBP_POTASSIUM_ION_IMPORT_ACROSS_PLASMA_MEMBRANE	GO:1990573	transmembrane transport
GOBP_POTASSIUM_ION_TRANSPORT	GO:0006813	unmapped
GOBP_PRENYLATION	GO:0097354	unmapped
GOBP_PREPULSE_INHIBITION	GO:0060134	nervous system process
GOBP_PRESYNAPSE_ASSEMBLY	GO:0099054	cell junction organization
GOBP_PRESYNAPSE_ORGANIZATION	GO:0099172	cell junction organization
GOBP_PRESYNAPTIC_ACTIVE_ZONE_ORGANIZATION	GO:1990709	cell junction organization
GOBP_PRESYNAPTIC_CYTOSKELETON_ORGANIZATION	GO:0099187	cytoskeleton organization
GOBP_PRESYNAPTIC_DENSE_CORE_VESICLE_EXOCYTOSIS	GO:0099525	vesicle-mediated transport
GOBP_PRESYNAPTIC_ENDOCYTOSIS	GO:0140238	vesicle-mediated transport
GOBP_PRESYNAPTIC_MEMBRANE_ASSEMBLY	GO:0097105	cell junction organization
GOBP_PRESYNAPTIC_MEMBRANE_ORGANIZATION	GO:0097090	cell junction organization
GOBP_PRESYNAPTIC_MODULATION_OF_CHEMICAL_SYNAPTIC_TRANSMISSION	GO:0099171	signaling
GOBP_PRE_B_CELL_DIFFERENTIATION	GO:0002329	cell differentiation
GOBP_PRE_MIRNA_PROCESSING	GO:0031054	regulatory ncRNA-mediated gene silencing
GOBP_PRIMARY_ALCOHOL_BIOSYNTHETIC_PROCESS	GO:0034309	unmapped
GOBP_PRIMARY_ALCOHOL_CATABOLIC_PROCESS	GO:0034310	unmapped
GOBP_PRIMARY_ALCOHOL_METABOLIC_PROCESS	GO:0034308	unmapped
GOBP_PRIMARY_AMINO_COMPOUND_BIOSYNTHETIC_PROCESS	GO:1901162	unmapped
GOBP_PRIMARY_AMINO_COMPOUND_METABOLIC_PROCESS		unmapped
GOBP_PRIMARY_MIRNA_PROCESSING	GO:0031053	regulatory ncRNA-mediated gene silencing
GOBP_PRIMITIVE_ERYTHROCYTE_DIFFERENTIATION	GO:0060319	cell differentiation
GOBP_PRIMITIVE_HEMOPOIESIS	GO:0060215	cell differentiation
GOBP_PRIMITIVE_STREAK_FORMATION	GO:0090009	anatomical structure development
GOBP_PROCESS_UTILIZING_AUTOPHAGIC_MECHANISM	GO:0061919	unmapped
GOBP_PRODUCTION_OF_MOLECULAR_MEDIATOR_INVOLVED_IN_INFLAMMATORY_RESPONSE	GO:0002532	inflammatory response
GOBP_PRODUCTION_OF_MOLECULAR_MEDIATOR_OF_IMMUNE_RESPONSE	GO:0002440	immune system process
GOBP_PROGESTERONE_BIOSYNTHETIC_PROCESS	GO:0006701	lipid metabolic process
GOBP_PROGESTERONE_METABOLIC_PROCESS	GO:0042448	lipid metabolic process
GOBP_PROGESTERONE_RECEPTOR_SIGNALING_PATHWAY	GO:0050847	signaling
GOBP_PROGRAMMED_CELL_DEATH_INVOLVED_IN_CELL_DEVELOPMENT	GO:0010623	programmed cell death
GOBP_PROGRAMMED_CELL_DEATH_IN_RESPONSE_TO_REACTIVE_OXYGEN_SPECIES	GO:0097468	programmed cell death
GOBP_PROGRAMMED_NECROTIC_CELL_DEATH	GO:0097300	programmed cell death
GOBP_PROLACTIN_SECRETION	GO:0070459	signaling
GOBP_PROLACTIN_SIGNALING_PATHWAY	GO:0038161	signaling
GOBP_PROLINE_BIOSYNTHETIC_PROCESS		unmapped
GOBP_PROLINE_METABOLIC_PROCESS		unmapped
GOBP_PROLINE_TRANSMEMBRANE_TRANSPORT	GO:0035524	transmembrane transport
GOBP_PROLINE_TRANSPORT	GO:0015824	unmapped
GOBP_PROMOTER_CLEARANCE_DURING_DNA_TEMPLATED_TRANSCRIPTION	GO:0001109	DNA-templated transcription
GOBP_PRONEPHROS_DEVELOPMENT	GO:0048793	anatomical structure development
GOBP_PROPIONATE_METABOLIC_PROCESS	GO:0019541	lipid metabolic process
GOBP_PROPRIOCEPTION	GO:0019230	nervous system process
GOBP_PROSTAGLANDIN_SECRETION	GO:0032310	signaling
GOBP_PROSTAGLANDIN_TRANSPORT	GO:0015732	unmapped
GOBP_PROSTANOID_BIOSYNTHETIC_PROCESS	GO:0046457	lipid metabolic process
GOBP_PROSTANOID_METABOLIC_PROCESS	GO:0006692	lipid metabolic process
GOBP_PROSTATE_GLANDULAR_ACINUS_DEVELOPMENT	GO:0060525	anatomical structure development
GOBP_PROSTATE_GLANDULAR_ACINUS_MORPHOGENESIS	GO:0060526	anatomical structure development
GOBP_PROSTATE_GLAND_DEVELOPMENT	GO:0030850	anatomical structure development
GOBP_PROSTATE_GLAND_GROWTH	GO:0060736	anatomical structure development
GOBP_PROSTATE_GLAND_MORPHOGENESIS	GO:0060512	anatomical structure development
GOBP_PROSTATIC_BUD_FORMATION	GO:0060513	anatomical structure development
GOBP_PROSTHETIC_GROUP_METABOLIC_PROCESS	GO:0051189	unmapped
GOBP_PROTEASOMAL_PROTEIN_CATABOLIC_PROCESS	GO:0010498	protein catabolic process
GOBP_PROTEASOME_ASSEMBLY	GO:0043248	protein-containing complex assembly
GOBP_PROTEASOME_MEDIATED_UBIQUITIN_DEPENDENT_PROTEIN_CATABOLIC_PROCESS	GO:0043161	protein catabolic process
GOBP_PROTECTION_FROM_NATURAL_KILLER_CELL_MEDIATED_CYTOTOXICITY	GO:0042270	defense response to other organism
GOBP_PROTECTION_FROM_NON_HOMOLOGOUS_END_JOINING_AT_TELOMERE	GO:0031848	telomere organization
GOBP_PROTEINOGENIC_AMINO_ACID_BIOSYNTHETIC_PROCESS	GO:0170038	amino acid metabolic process
GOBP_PROTEINOGENIC_AMINO_ACID_METABOLIC_PROCESS	GO:0170039	amino acid metabolic process
GOBP_PROTEIN_ACETYLATION	GO:0006473	unmapped
GOBP_PROTEIN_ACTIVATION_CASCADE	GO:0072376	protein maturation
GOBP_PROTEIN_ACYLATION	GO:0043543	unmapped
GOBP_PROTEIN_AUTOPHOSPHORYLATION	GO:0046777	unmapped
GOBP_PROTEIN_AUTOPROCESSING	GO:0016540	protein maturation
GOBP_PROTEIN_AUTOUBIQUITINATION	GO:0051865	unmapped
GOBP_PROTEIN_AUTO_ADP_RIBOSYLATION	GO:0070213	unmapped
GOBP_PROTEIN_BRANCHED_POLYUBIQUITINATION	GO:0141198	unmapped
GOBP_PROTEIN_CATABOLIC_PROCESS	GO:0030163	protein catabolic process
GOBP_PROTEIN_CATABOLIC_PROCESS_IN_THE_VACUOLE	GO:0007039	protein catabolic process
GOBP_PROTEIN_COMPLEX_OLIGOMERIZATION	GO:0051259	protein-containing complex assembly
GOBP_PROTEIN_CONTAINING_COMPLEX_DISASSEMBLY	GO:0032984	unmapped
GOBP_PROTEIN_CONTAINING_COMPLEX_LOCALIZATION	GO:0031503	unmapped
GOBP_PROTEIN_CONTAINING_COMPLEX_ORGANIZATION	GO:0043933	unmapped
GOBP_PROTEIN_CONTAINING_COMPLEX_REMODELING	GO:0034367	unmapped
GOBP_PROTEIN_DEACETYLATION	GO:0006476	unmapped
GOBP_PROTEIN_DEACYLATION	GO:0035601	unmapped
GOBP_PROTEIN_DEGLUTAMYLATION	GO:0035608	unmapped
GOBP_PROTEIN_DEGLYCOSYLATION	GO:0006517	carbohydrate derivative metabolic process
GOBP_PROTEIN_DELIPIDATION	GO:0051697	unmapped
GOBP_PROTEIN_DENEDDYLATION	GO:0000338	unmapped
GOBP_PROTEIN_DEPALMITOYLATION	GO:0002084	protein catabolic process
GOBP_PROTEIN_DEPHOSPHORYLATION	GO:0006470	unmapped
GOBP_PROTEIN_DEPOLYMERIZATION	GO:0051261	unmapped
GOBP_PROTEIN_DESTABILIZATION	GO:0031648	unmapped
GOBP_PROTEIN_DESUMOYLATION	GO:0016926	unmapped
GOBP_PROTEIN_DEUBIQUITINATION_INVOLVED_IN_UBIQUITIN_DEPENDENT_PROTEIN_CATABOLIC_PROCESS	GO:0071947	protein catabolic process
GOBP_PROTEIN_DE_ADP_RIBOSYLATION	GO:0051725	unmapped
GOBP_PROTEIN_DNA_COMPLEX_DISASSEMBLY	GO:0032986	unmapped
GOBP_PROTEIN_DNA_COMPLEX_ORGANIZATION	GO:0071824	unmapped
GOBP_PROTEIN_DNA_COVALENT_CROSS_LINKING_REPAIR	GO:0106300	DNA repair
GOBP_PROTEIN_EXIT_FROM_ENDOPLASMIC_RETICULUM		unmapped
GOBP_PROTEIN_EXPORT_FROM_NUCLEUS	GO:0006611	nucleocytoplasmic transport
GOBP_PROTEIN_FOLDING	GO:0006457	protein maturation
GOBP_PROTEIN_FOLDING_IN_ENDOPLASMIC_RETICULUM	GO:0034975	protein maturation
GOBP_PROTEIN_GERANYLGERANYLATION	GO:0018344	unmapped
GOBP_PROTEIN_HETEROOLIGOMERIZATION	GO:0051291	protein-containing complex assembly
GOBP_PROTEIN_HETEROTETRAMERIZATION	GO:0051290	protein-containing complex assembly
GOBP_PROTEIN_HEXAMERIZATION	GO:0034214	protein-containing complex assembly
GOBP_PROTEIN_HOMOOLIGOMERIZATION	GO:0051260	protein-containing complex assembly
GOBP_PROTEIN_HOMOTETRAMERIZATION	GO:0051289	protein-containing complex assembly
GOBP_PROTEIN_HOMOTRIMERIZATION	GO:0070207	protein-containing complex assembly
GOBP_PROTEIN_HYDROXYLATION	GO:0018126	unmapped
GOBP_PROTEIN_IMPORT	GO:0017038	unmapped
GOBP_PROTEIN_IMPORT_INTO_MITOCHONDRIAL_MATRIX	GO:0030150	intracellular protein transport
GOBP_PROTEIN_IMPORT_INTO_PEROXISOME_MATRIX	GO:0016558	intracellular protein transport
GOBP_PROTEIN_IMPORT_INTO_PEROXISOME_MATRIX_RECEPTOR_RECYCLING	GO:0016562	intracellular protein transport
GOBP_PROTEIN_IMPORT_INTO_PEROXISOME_MATRIX_SUBSTRATE_RELEASE	GO:0044721	intracellular protein transport
GOBP_PROTEIN_IMPORT_INTO_PEROXISOME_MEMBRANE	GO:0045046	intracellular protein transport
GOBP_PROTEIN_INSERTION_INTO_ER_MEMBRANE	GO:0045048	membrane organization
GOBP_PROTEIN_INSERTION_INTO_ER_MEMBRANE_BY_STOP_TRANSFER_MEMBRANE_ANCHOR_SEQUENCE	GO:0045050	membrane organization
GOBP_PROTEIN_INSERTION_INTO_MEMBRANE	GO:0051205	membrane organization
GOBP_PROTEIN_INSERTION_INTO_MEMBRANE_FROM_INNER_SIDE		unmapped
GOBP_PROTEIN_INSERTION_INTO_MITOCHONDRIAL_INNER_MEMBRANE	GO:0045039	mitochondrion organization
GOBP_PROTEIN_INSERTION_INTO_MITOCHONDRIAL_MEMBRANE	GO:0051204	mitochondrion organization
GOBP_PROTEIN_INSERTION_INTO_MITOCHONDRIAL_OUTER_MEMBRANE	GO:0045040	mitochondrion organization
GOBP_PROTEIN_K11_LINKED_DEUBIQUITINATION	GO:0035871	unmapped
GOBP_PROTEIN_K11_LINKED_UBIQUITINATION	GO:0070979	unmapped
GOBP_PROTEIN_K27_LINKED_UBIQUITINATION	GO:0044314	unmapped
GOBP_PROTEIN_K29_LINKED_UBIQUITINATION	GO:0035519	unmapped
GOBP_PROTEIN_K48_LINKED_DEUBIQUITINATION	GO:0071108	unmapped
GOBP_PROTEIN_K48_LINKED_UBIQUITINATION	GO:0070936	unmapped
GOBP_PROTEIN_K63_LINKED_DEUBIQUITINATION	GO:0070536	unmapped
GOBP_PROTEIN_K63_LINKED_UBIQUITINATION	GO:0070534	unmapped
GOBP_PROTEIN_K6_LINKED_UBIQUITINATION	GO:0085020	unmapped
GOBP_PROTEIN_KINASE_A_SIGNALING		unmapped
GOBP_PROTEIN_KINASE_C_SIGNALING	GO:0070528	signaling
GOBP_PROTEIN_LINEAR_POLYUBIQUITINATION	GO:0097039	unmapped
GOBP_PROTEIN_LIPID_COMPLEX_ASSEMBLY	GO:0065005	protein-containing complex assembly
GOBP_PROTEIN_LIPID_COMPLEX_ORGANIZATION	GO:0071825	unmapped
GOBP_PROTEIN_LOCALIZATION_TO_ACTIN_CYTOSKELETON	GO:1903119	unmapped
GOBP_PROTEIN_LOCALIZATION_TO_ADHERENS_JUNCTION	GO:0071896	unmapped
GOBP_PROTEIN_LOCALIZATION_TO_AXON	GO:0099612	unmapped
GOBP_PROTEIN_LOCALIZATION_TO_BICELLULAR_TIGHT_JUNCTION	GO:1902396	unmapped
GOBP_PROTEIN_LOCALIZATION_TO_CELL_CELL_JUNCTION	GO:0150105	unmapped
GOBP_PROTEIN_LOCALIZATION_TO_CELL_CORTEX	GO:0072697	unmapped
GOBP_PROTEIN_LOCALIZATION_TO_CELL_JUNCTION	GO:1902414	unmapped
GOBP_PROTEIN_LOCALIZATION_TO_CELL_LEADING_EDGE	GO:1902463	unmapped
GOBP_PROTEIN_LOCALIZATION_TO_CELL_PERIPHERY	GO:1990778	unmapped
GOBP_PROTEIN_LOCALIZATION_TO_CELL_SURFACE	GO:0034394	unmapped
GOBP_PROTEIN_LOCALIZATION_TO_CENP_A_CONTAINING_CHROMATIN	GO:0061644	unmapped
GOBP_PROTEIN_LOCALIZATION_TO_CHROMATIN	GO:0071168	unmapped
GOBP_PROTEIN_LOCALIZATION_TO_CHROMOSOME	GO:0034502	unmapped
GOBP_PROTEIN_LOCALIZATION_TO_CHROMOSOME_CENTROMERIC_REGION	GO:0071459	unmapped
GOBP_PROTEIN_LOCALIZATION_TO_CHROMOSOME_TELOMERIC_REGION	GO:0070198	unmapped
GOBP_PROTEIN_LOCALIZATION_TO_CILIARY_MEMBRANE	GO:1903441	unmapped
GOBP_PROTEIN_LOCALIZATION_TO_CILIARY_TRANSITION_ZONE	GO:1904491	unmapped
GOBP_PROTEIN_LOCALIZATION_TO_CILIUM	GO:0061512	unmapped
GOBP_PROTEIN_LOCALIZATION_TO_CONDENSED_CHROMOSOME	GO:1903083	unmapped
GOBP_PROTEIN_LOCALIZATION_TO_CYTOPLASMIC_STRESS_GRANULE	GO:1903608	unmapped
GOBP_PROTEIN_LOCALIZATION_TO_CYTOSKELETON	GO:0044380	unmapped
GOBP_PROTEIN_LOCALIZATION_TO_EARLY_ENDOSOME	GO:1902946	unmapped
GOBP_PROTEIN_LOCALIZATION_TO_ENDOPLASMIC_RETICULUM	GO:0070972	unmapped
GOBP_PROTEIN_LOCALIZATION_TO_ENDOPLASMIC_RETICULUM_EXIT_SITE		unmapped
GOBP_PROTEIN_LOCALIZATION_TO_ENDOSOME	GO:0036010	unmapped
GOBP_PROTEIN_LOCALIZATION_TO_EXTRACELLULAR_REGION	GO:0071692	unmapped
GOBP_PROTEIN_LOCALIZATION_TO_GOLGI_APPARATUS	GO:0034067	unmapped
GOBP_PROTEIN_LOCALIZATION_TO_GOLGI_MEMBRANE	GO:1903292	unmapped
GOBP_PROTEIN_LOCALIZATION_TO_LYSOSOME	GO:0061462	unmapped
GOBP_PROTEIN_LOCALIZATION_TO_MEMBRANE_RAFT	GO:1903044	unmapped
GOBP_PROTEIN_LOCALIZATION_TO_MICROTUBULE	GO:0035372	unmapped
GOBP_PROTEIN_LOCALIZATION_TO_MICROTUBULE_ORGANIZING_CENTER	GO:1905508	unmapped
GOBP_PROTEIN_LOCALIZATION_TO_MITOCHONDRION	GO:0070585	unmapped
GOBP_PROTEIN_LOCALIZATION_TO_MOTILE_CILIUM	GO:0120229	unmapped
GOBP_PROTEIN_LOCALIZATION_TO_NON_MOTILE_CILIUM	GO:0097499	unmapped
GOBP_PROTEIN_LOCALIZATION_TO_NUCLEAR_ENVELOPE	GO:0090435	unmapped
GOBP_PROTEIN_LOCALIZATION_TO_NUCLEOLUS	GO:1902570	unmapped
GOBP_PROTEIN_LOCALIZATION_TO_NUCLEOPLASM	GO:1990173	unmapped
GOBP_PROTEIN_LOCALIZATION_TO_NUCLEUS	GO:0034504	unmapped
GOBP_PROTEIN_LOCALIZATION_TO_ORGANELLE	GO:0033365	unmapped
GOBP_PROTEIN_LOCALIZATION_TO_PERINUCLEAR_REGION_OF_CYTOPLASM	GO:1905719	unmapped
GOBP_PROTEIN_LOCALIZATION_TO_PHAGOPHORE_ASSEMBLY_SITE	GO:0034497	autophagy
GOBP_PROTEIN_LOCALIZATION_TO_PHOTORECEPTOR_OUTER_SEGMENT	GO:1903546	unmapped
GOBP_PROTEIN_LOCALIZATION_TO_PLASMA_MEMBRANE	GO:0072659	protein localization to plasma membrane
GOBP_PROTEIN_LOCALIZATION_TO_PLASMA_MEMBRANE_RAFT	GO:0044860	unmapped
GOBP_PROTEIN_LOCALIZATION_TO_POSTSYNAPSE	GO:0062237	unmapped
GOBP_PROTEIN_LOCALIZATION_TO_PRESYNAPSE	GO:1905383	unmapped
GOBP_PROTEIN_LOCALIZATION_TO_SITE_OF_DOUBLE_STRAND_BREAK	GO:1990166	unmapped
GOBP_PROTEIN_LOCALIZATION_TO_SYNAPSE	GO:0035418	unmapped
GOBP_PROTEIN_LOCALIZATION_TO_VACUOLE	GO:0072665	unmapped
GOBP_PROTEIN_MATURATION	GO:0051604	protein maturation
GOBP_PROTEIN_METHYLATION	GO:0006479	unmapped
GOBP_PROTEIN_MODIFICATION_BY_SMALL_PROTEIN_CONJUGATION	GO:0032446	unmapped
GOBP_PROTEIN_MODIFICATION_BY_SMALL_PROTEIN_REMOVAL	GO:0070646	unmapped
GOBP_PROTEIN_MONOUBIQUITINATION	GO:0006513	unmapped
GOBP_PROTEIN_NEDDYLATION	GO:0045116	unmapped
GOBP_PROTEIN_NITROSYLATION	GO:0017014	unmapped
GOBP_PROTEIN_N_LINKED_GLYCOSYLATION	GO:0006487	glycoprotein biosynthetic process
GOBP_PROTEIN_N_LINKED_GLYCOSYLATION_VIA_ASPARAGINE		unmapped
GOBP_PROTEIN_OXIDATION	GO:0018158	unmapped
GOBP_PROTEIN_O_LINKED_FUCOSYLATION		unmapped
GOBP_PROTEIN_O_LINKED_GLYCOSYLATION	GO:0006493	glycoprotein biosynthetic process
GOBP_PROTEIN_O_LINKED_GLYCOSYLATION_VIA_SERINE		unmapped
GOBP_PROTEIN_O_LINKED_GLYCOSYLATION_VIA_THREONINE		unmapped
GOBP_PROTEIN_PALMITOYLATION	GO:0018345	unmapped
GOBP_PROTEIN_POLYGLUTAMYLATION	GO:0018095	unmapped
GOBP_PROTEIN_POLYMERIZATION	GO:0051258	protein-containing complex assembly
GOBP_PROTEIN_POLYUBIQUITINATION	GO:0000209	unmapped
GOBP_PROTEIN_POLYUFMYLATION	GO:1990564	unmapped
GOBP_PROTEIN_POLY_ADP_RIBOSYLATION	GO:0070212	unmapped
GOBP_PROTEIN_PROCESSING	GO:0016485	protein maturation
GOBP_PROTEIN_PROCESSING_INVOLVED_IN_PROTEIN_TARGETING_TO_MITOCHONDRION		unmapped
GOBP_PROTEIN_QUALITY_CONTROL_FOR_MISFOLDED_OR_INCOMPLETELY_SYNTHESIZED_PROTEINS	GO:0006515	protein catabolic process
GOBP_PROTEIN_REFOLDING	GO:0042026	protein maturation
GOBP_PROTEIN_REPAIR	GO:0030091	unmapped
GOBP_PROTEIN_RETENTION_IN_ER_LUMEN	GO:0006621	unmapped
GOBP_PROTEIN_RETENTION_IN_GOLGI_APPARATUS	GO:0045053	unmapped
GOBP_PROTEIN_RNA_COMPLEX_DISASSEMBLY	GO:0032988	unmapped
GOBP_PROTEIN_RNA_COMPLEX_ORGANIZATION	GO:0071826	unmapped
GOBP_PROTEIN_SIDE_CHAIN_DEGLUTAMYLATION	GO:0035610	unmapped
GOBP_PROTEIN_STABILIZATION	GO:0050821	unmapped
GOBP_PROTEIN_STORAGE	GO:0140089	unmapped
GOBP_PROTEIN_SUMOYLATION	GO:0016925	unmapped
GOBP_PROTEIN_TARGETING	GO:0006605	unmapped
GOBP_PROTEIN_TARGETING_TO_LYSOSOME	GO:0006622	intracellular protein transport
GOBP_PROTEIN_TARGETING_TO_MEMBRANE	GO:0006612	unmapped
GOBP_PROTEIN_TARGETING_TO_MITOCHONDRION		unmapped
GOBP_PROTEIN_TARGETING_TO_PEROXISOME	GO:0006625	unmapped
GOBP_PROTEIN_TARGETING_TO_VACUOLE	GO:0006623	intracellular protein transport
GOBP_PROTEIN_TARGETING_TO_VACUOLE_INVOLVED_IN_AUTOPHAGY	GO:0071211	intracellular protein transport
GOBP_PROTEIN_TETRAMERIZATION	GO:0051262	protein-containing complex assembly
GOBP_PROTEIN_TO_MEMBRANE_DOCKING	GO:0022615	unmapped
GOBP_PROTEIN_TRANSMEMBRANE_IMPORT_INTO_INTRACELLULAR_ORGANELLE	GO:0044743	intracellular protein transport
GOBP_PROTEIN_TRANSMEMBRANE_TRANSPORT	GO:0071806	transmembrane transport
GOBP_PROTEIN_TRANSPORT	GO:0015031	unmapped
GOBP_PROTEIN_TRANSPORT_INTO_MEMBRANE_RAFT	GO:0032596	intracellular protein transport
GOBP_PROTEIN_TRANSPORT_TO_VACUOLE_INVOLVED_IN_UBIQUITIN_DEPENDENT_PROTEIN_CATABOLIC_PROCESS_VIA_THE_MULTIVESICULAR_BODY_SORTING_PATHWAY	GO:0043328	intracellular protein transport
GOBP_PROTEIN_TRANSPORT_WITHIN_LIPID_BILAYER	GO:0032594	intracellular protein transport
GOBP_PROTEIN_TRIMERIZATION	GO:0070206	protein-containing complex assembly
GOBP_PROTEIN_UFMYLATION	GO:0071569	unmapped
GOBP_PROTEIN_UNFOLDING	GO:0043335	unmapped
GOBP_PROTEOGLYCAN_BIOSYNTHETIC_PROCESS	GO:0030166	glycoprotein biosynthetic process
GOBP_PROTEOGLYCAN_CATABOLIC_PROCESS	GO:0030167	protein catabolic process
GOBP_PROTEOGLYCAN_METABOLIC_PROCESS	GO:0006029	carbohydrate derivative metabolic process
GOBP_PROTEOLYSIS	GO:0006508	unmapped
GOBP_PROTEOLYSIS_INVOLVED_IN_PROTEIN_CATABOLIC_PROCESS		unmapped
GOBP_PROTON_MOTIVE_FORCE_DRIVEN_ATP_SYNTHESIS	GO:0015986	nucleobase-containing small molecule metabolic process
GOBP_PROTON_TRANSMEMBRANE_TRANSPORT	GO:1902600	transmembrane transport
GOBP_PROTON_TRANSPORTING_TWO_SECTOR_ATPASE_COMPLEX_ASSEMBLY	GO:0070071	protein-containing complex assembly
GOBP_PROTON_TRANSPORTING_V_TYPE_ATPASE_COMPLEX_ASSEMBLY	GO:0070070	protein-containing complex assembly
GOBP_PROTOPORPHYRINOGEN_IX_BIOSYNTHETIC_PROCESS		unmapped
GOBP_PROTOPORPHYRINOGEN_IX_METABOLIC_PROCESS		unmapped
GOBP_PROXIMAL_DISTAL_PATTERN_FORMATION	GO:0009954	anatomical structure development
GOBP_PROXIMAL_DISTAL_PATTERN_FORMATION_INVOLVED_IN_NEPHRON_DEVELOPMENT	GO:0072047	anatomical structure development
GOBP_PROXIMAL_TUBULE_DEVELOPMENT	GO:0072014	anatomical structure development
GOBP_PRO_B_CELL_DIFFERENTIATION	GO:0002328	cell differentiation
GOBP_PSEUDOPODIUM_ORGANIZATION	GO:0031268	unmapped
GOBP_PSEUDOURIDINE_SYNTHESIS	GO:0001522	unmapped
GOBP_PSYCHOMOTOR_BEHAVIOR	GO:0036343	unmapped
GOBP_PTERIDINE_CONTAINING_COMPOUND_BIOSYNTHETIC_PROCESS	GO:0042559	unmapped
GOBP_PTERIDINE_CONTAINING_COMPOUND_CATABOLIC_PROCESS	GO:0042560	unmapped
GOBP_PTERIDINE_CONTAINING_COMPOUND_METABOLIC_PROCESS	GO:0042558	unmapped
GOBP_PULMONARY_ARTERY_MORPHOGENESIS	GO:0061156	anatomical structure development
GOBP_PULMONARY_VALVE_DEVELOPMENT	GO:0003177	anatomical structure development
GOBP_PULMONARY_VALVE_MORPHOGENESIS	GO:0003184	anatomical structure development
GOBP_PURINERGIC_NUCLEOTIDE_RECEPTOR_SIGNALING_PATHWAY	GO:0035590	signaling
GOBP_PURINE_CONTAINING_COMPOUND_BIOSYNTHETIC_PROCESS	GO:0072522	unmapped
GOBP_PURINE_CONTAINING_COMPOUND_CATABOLIC_PROCESS	GO:0072523	unmapped
GOBP_PURINE_CONTAINING_COMPOUND_METABOLIC_PROCESS	GO:0072521	unmapped
GOBP_PURINE_CONTAINING_COMPOUND_SALVAGE	GO:0043101	unmapped
GOBP_PURINE_CONTAINING_COMPOUND_TRANSMEMBRANE_TRANSPORT	GO:0072530	transmembrane transport
GOBP_PURINE_DEOXYRIBONUCLEOSIDE_METABOLIC_PROCESS	GO:0046122	nucleobase-containing small molecule metabolic process
GOBP_PURINE_DEOXYRIBONUCLEOSIDE_MONOPHOSPHATE_CATABOLIC_PROCESS	GO:0009172	nucleobase-containing small molecule metabolic process
GOBP_PURINE_DEOXYRIBONUCLEOSIDE_MONOPHOSPHATE_METABOLIC_PROCESS	GO:0009170	nucleobase-containing small molecule metabolic process
GOBP_PURINE_DEOXYRIBONUCLEOSIDE_TRIPHOSPHATE_METABOLIC_PROCESS	GO:0009215	nucleobase-containing small molecule metabolic process
GOBP_PURINE_DEOXYRIBONUCLEOTIDE_BIOSYNTHETIC_PROCESS	GO:0009153	nucleobase-containing small molecule metabolic process
GOBP_PURINE_DEOXYRIBONUCLEOTIDE_CATABOLIC_PROCESS	GO:0009155	nucleobase-containing small molecule metabolic process
GOBP_PURINE_DEOXYRIBONUCLEOTIDE_METABOLIC_PROCESS	GO:0009151	nucleobase-containing small molecule metabolic process
GOBP_PURINE_NUCLEOBASE_BIOSYNTHETIC_PROCESS	GO:0009113	nucleobase-containing small molecule metabolic process
GOBP_PURINE_NUCLEOBASE_METABOLIC_PROCESS	GO:0006144	nucleobase-containing small molecule metabolic process
GOBP_PURINE_NUCLEOBASE_TRANSMEMBRANE_TRANSPORT	GO:1904823	transmembrane transport
GOBP_PURINE_NUCLEOSIDE_BIOSYNTHETIC_PROCESS	GO:0042451	nucleobase-containing small molecule metabolic process
GOBP_PURINE_NUCLEOSIDE_BISPHOSPHATE_METABOLIC_PROCESS	GO:0034032	nucleobase-containing small molecule metabolic process
GOBP_PURINE_NUCLEOSIDE_CATABOLIC_PROCESS	GO:0006152	nucleobase-containing small molecule metabolic process
GOBP_PURINE_NUCLEOSIDE_DIPHOSPHATE_BIOSYNTHETIC_PROCESS	GO:0009136	nucleobase-containing small molecule metabolic process
GOBP_PURINE_NUCLEOSIDE_METABOLIC_PROCESS	GO:0042278	nucleobase-containing small molecule metabolic process
GOBP_PURINE_NUCLEOSIDE_MONOPHOSPHATE_BIOSYNTHETIC_PROCESS	GO:0009127	nucleobase-containing small molecule metabolic process
GOBP_PURINE_NUCLEOSIDE_MONOPHOSPHATE_CATABOLIC_PROCESS	GO:0009128	nucleobase-containing small molecule metabolic process
GOBP_PURINE_NUCLEOSIDE_MONOPHOSPHATE_METABOLIC_PROCESS	GO:0009126	nucleobase-containing small molecule metabolic process
GOBP_PURINE_NUCLEOSIDE_TRANSMEMBRANE_TRANSPORT	GO:0015860	transmembrane transport
GOBP_PURINE_NUCLEOSIDE_TRIPHOSPHATE_CATABOLIC_PROCESS	GO:0009146	nucleobase-containing small molecule metabolic process
GOBP_PURINE_NUCLEOTIDE_BIOSYNTHETIC_PROCESS	GO:0006164	nucleobase-containing small molecule metabolic process
GOBP_PURINE_NUCLEOTIDE_CATABOLIC_PROCESS	GO:0006195	nucleobase-containing small molecule metabolic process
GOBP_PURINE_NUCLEOTIDE_SALVAGE	GO:0032261	nucleobase-containing small molecule metabolic process
GOBP_PURINE_NUCLEOTIDE_TRANSPORT	GO:0015865	unmapped
GOBP_PURINE_RIBONUCLEOSIDE_CATABOLIC_PROCESS	GO:0046130	nucleobase-containing small molecule metabolic process
GOBP_PURINE_RIBONUCLEOSIDE_METABOLIC_PROCESS	GO:0046128	nucleobase-containing small molecule metabolic process
GOBP_PURINE_RIBONUCLEOSIDE_SALVAGE	GO:0006166	nucleobase-containing small molecule metabolic process
GOBP_PURINE_RIBONUCLEOTIDE_SALVAGE	GO:0106380	nucleobase-containing small molecule metabolic process
GOBP_PURKINJE_MYOCYTE_TO_VENTRICULAR_CARDIAC_MUSCLE_CELL_COMMUNICATION	GO:0086068	circulatory system process
GOBP_PUTRESCINE_BIOSYNTHETIC_PROCESS	GO:0009446	unmapped
GOBP_PUTRESCINE_METABOLIC_PROCESS	GO:0009445	unmapped
GOBP_PYRAMIDAL_NEURON_DEVELOPMENT	GO:0021860	cell differentiation
GOBP_PYRAMIDAL_NEURON_DIFFERENTIATION	GO:0021859	cell differentiation
GOBP_PYRIDINE_CONTAINING_COMPOUND_BIOSYNTHETIC_PROCESS	GO:0072525	unmapped
GOBP_PYRIDINE_CONTAINING_COMPOUND_CATABOLIC_PROCESS	GO:0072526	unmapped
GOBP_PYRIDINE_CONTAINING_COMPOUND_METABOLIC_PROCESS	GO:0072524	unmapped
GOBP_PYRIMIDINE_CONTAINING_COMPOUND_BIOSYNTHETIC_PROCESS	GO:0072528	unmapped
GOBP_PYRIMIDINE_CONTAINING_COMPOUND_CATABOLIC_PROCESS	GO:0072529	unmapped
GOBP_PYRIMIDINE_CONTAINING_COMPOUND_METABOLIC_PROCESS	GO:0072527	unmapped
GOBP_PYRIMIDINE_CONTAINING_COMPOUND_SALVAGE	GO:0008655	unmapped
GOBP_PYRIMIDINE_CONTAINING_COMPOUND_TRANSMEMBRANE_TRANSPORT	GO:0072531	transmembrane transport
GOBP_PYRIMIDINE_DEOXYRIBONUCLEOSIDE_METABOLIC_PROCESS	GO:0046125	nucleobase-containing small molecule metabolic process
GOBP_PYRIMIDINE_DEOXYRIBONUCLEOSIDE_MONOPHOSPHATE_METABOLIC_PROCESS	GO:0009176	nucleobase-containing small molecule metabolic process
GOBP_PYRIMIDINE_DEOXYRIBONUCLEOSIDE_TRIPHOSPHATE_METABOLIC_PROCESS	GO:0009211	nucleobase-containing small molecule metabolic process
GOBP_PYRIMIDINE_DEOXYRIBONUCLEOTIDE_BIOSYNTHETIC_PROCESS	GO:0009221	nucleobase-containing small molecule metabolic process
GOBP_PYRIMIDINE_DEOXYRIBONUCLEOTIDE_METABOLIC_PROCESS	GO:0009219	nucleobase-containing small molecule metabolic process
GOBP_PYRIMIDINE_DIMER_REPAIR	GO:0006290	DNA repair
GOBP_PYRIMIDINE_NUCLEOBASE_BIOSYNTHETIC_PROCESS	GO:0019856	nucleobase-containing small molecule metabolic process
GOBP_PYRIMIDINE_NUCLEOBASE_CATABOLIC_PROCESS	GO:0006208	nucleobase-containing small molecule metabolic process
GOBP_PYRIMIDINE_NUCLEOBASE_METABOLIC_PROCESS	GO:0006206	nucleobase-containing small molecule metabolic process
GOBP_PYRIMIDINE_NUCLEOSIDE_BIOSYNTHETIC_PROCESS	GO:0046134	nucleobase-containing small molecule metabolic process
GOBP_PYRIMIDINE_NUCLEOSIDE_CATABOLIC_PROCESS	GO:0046135	nucleobase-containing small molecule metabolic process
GOBP_PYRIMIDINE_NUCLEOSIDE_DIPHOSPHATE_BIOSYNTHETIC_PROCESS	GO:0009139	nucleobase-containing small molecule metabolic process
GOBP_PYRIMIDINE_NUCLEOSIDE_DIPHOSPHATE_METABOLIC_PROCESS	GO:0009138	nucleobase-containing small molecule metabolic process
GOBP_PYRIMIDINE_NUCLEOSIDE_METABOLIC_PROCESS	GO:0006213	nucleobase-containing small molecule metabolic process
GOBP_PYRIMIDINE_NUCLEOSIDE_MONOPHOSPHATE_BIOSYNTHETIC_PROCESS	GO:0009130	nucleobase-containing small molecule metabolic process
GOBP_PYRIMIDINE_NUCLEOSIDE_MONOPHOSPHATE_CATABOLIC_PROCESS	GO:0009131	nucleobase-containing small molecule metabolic process
GOBP_PYRIMIDINE_NUCLEOSIDE_MONOPHOSPHATE_METABOLIC_PROCESS	GO:0009129	nucleobase-containing small molecule metabolic process
GOBP_PYRIMIDINE_NUCLEOSIDE_TRIPHOSPHATE_BIOSYNTHETIC_PROCESS	GO:0009148	nucleobase-containing small molecule metabolic process
GOBP_PYRIMIDINE_NUCLEOSIDE_TRIPHOSPHATE_METABOLIC_PROCESS	GO:0009147	nucleobase-containing small molecule metabolic process
GOBP_PYRIMIDINE_NUCLEOTIDE_BIOSYNTHETIC_PROCESS	GO:0006221	nucleobase-containing small molecule metabolic process
GOBP_PYRIMIDINE_NUCLEOTIDE_CATABOLIC_PROCESS	GO:0006244	nucleobase-containing small molecule metabolic process
GOBP_PYRIMIDINE_NUCLEOTIDE_METABOLIC_PROCESS	GO:0006220	nucleobase-containing small molecule metabolic process
GOBP_PYRIMIDINE_RIBONUCLEOSIDE_METABOLIC_PROCESS	GO:0046131	nucleobase-containing small molecule metabolic process
GOBP_PYRIMIDINE_RIBONUCLEOSIDE_MONOPHOSPHATE_BIOSYNTHETIC_PROCESS	GO:0009174	nucleobase-containing small molecule metabolic process
GOBP_PYRIMIDINE_RIBONUCLEOSIDE_MONOPHOSPHATE_METABOLIC_PROCESS	GO:0009173	nucleobase-containing small molecule metabolic process
GOBP_PYRIMIDINE_RIBONUCLEOSIDE_TRIPHOSPHATE_BIOSYNTHETIC_PROCESS	GO:0009209	nucleobase-containing small molecule metabolic process
GOBP_PYRIMIDINE_RIBONUCLEOSIDE_TRIPHOSPHATE_METABOLIC_PROCESS	GO:0009208	nucleobase-containing small molecule metabolic process
GOBP_PYRIMIDINE_RIBONUCLEOTIDE_BIOSYNTHETIC_PROCESS	GO:0009220	nucleobase-containing small molecule metabolic process
GOBP_PYRIMIDINE_RIBONUCLEOTIDE_CATABOLIC_PROCESS	GO:0009222	nucleobase-containing small molecule metabolic process
GOBP_PYRIMIDINE_RIBONUCLEOTIDE_METABOLIC_PROCESS	GO:0009218	nucleobase-containing small molecule metabolic process
GOBP_PYROPTOTIC_CELL_DEATH	GO:0141201	inflammatory response
GOBP_PYROPTOTIC_INFLAMMATORY_RESPONSE	GO:0070269	inflammatory response
GOBP_PYRUVATE_CATABOLIC_PROCESS	GO:0042867	unmapped
GOBP_PYRUVATE_DECARBOXYLATION_TO_ACETYL_COA	GO:0006086	nucleobase-containing small molecule metabolic process
GOBP_PYRUVATE_FAMILY_AMINO_ACID_CATABOLIC_PROCESS		unmapped
GOBP_PYRUVATE_FAMILY_AMINO_ACID_METABOLIC_PROCESS		unmapped
GOBP_PYRUVATE_METABOLIC_PROCESS	GO:0006090	unmapped
GOBP_PYRUVATE_TRANSPORT	GO:0006848	unmapped
GOBP_P_BODY_ASSEMBLY	GO:0033962	unmapped
GOBP_QUATERNARY_AMMONIUM_GROUP_TRANSPORT	GO:0015697	unmapped
GOBP_QUINOLINATE_BIOSYNTHETIC_PROCESS	GO:0019805	unmapped
GOBP_QUINOLINATE_METABOLIC_PROCESS	GO:0046874	unmapped
GOBP_QUINONE_METABOLIC_PROCESS	GO:1901661	unmapped
GOBP_RAB_PROTEIN_SIGNAL_TRANSDUCTION	GO:0032482	signaling
GOBP_RAC_PROTEIN_SIGNAL_TRANSDUCTION	GO:0016601	signaling
GOBP_RADIAL_GLIAL_CELL_DIFFERENTIATION	GO:0060019	cell differentiation
GOBP_RADIAL_GLIA_GUIDED_PYRAMIDAL_NEURON_MIGRATION	GO:0140650	cell differentiation
GOBP_RAL_PROTEIN_SIGNAL_TRANSDUCTION	GO:0032484	signaling
GOBP_RANDOM_INACTIVATION_OF_X_CHROMOSOME	GO:0060816	chromatin organization
GOBP_RAP_PROTEIN_SIGNAL_TRANSDUCTION	GO:0032486	signaling
GOBP_RAS_PROTEIN_SIGNAL_TRANSDUCTION	GO:0007265	signaling
GOBP_REACTIVE_GLIOSIS	GO:0150103	inflammatory response
GOBP_REACTIVE_NITROGEN_SPECIES_METABOLIC_PROCESS	GO:2001057	unmapped
GOBP_REACTIVE_OXYGEN_SPECIES_BIOSYNTHETIC_PROCESS	GO:1903409	unmapped
GOBP_REACTIVE_OXYGEN_SPECIES_METABOLIC_PROCESS	GO:0072593	unmapped
GOBP_RECEPTOR_CATABOLIC_PROCESS	GO:0032801	unmapped
GOBP_RECEPTOR_CLUSTERING	GO:0043113	unmapped
GOBP_RECEPTOR_DIFFUSION_TRAPPING	GO:0098953	unmapped
GOBP_RECEPTOR_GUANYLYL_CYCLASE_SIGNALING_PATHWAY	GO:0007168	signaling
GOBP_RECEPTOR_INTERNALIZATION	GO:0031623	vesicle-mediated transport
GOBP_RECEPTOR_LOCALIZATION_TO_NON_MOTILE_CILIUM	GO:0097500	unmapped
GOBP_RECEPTOR_LOCALIZATION_TO_SYNAPSE	GO:0097120	unmapped
GOBP_RECEPTOR_MEDIATED_ENDOCYTOSIS	GO:0006898	vesicle-mediated transport
GOBP_RECEPTOR_MEDIATED_ENDOCYTOSIS_INVOLVED_IN_CHOLESTEROL_TRANSPORT	GO:0090118	vesicle-mediated transport
GOBP_RECEPTOR_MEDIATED_VIRION_ATTACHMENT_TO_HOST_CELL	GO:0046813	unmapped
GOBP_RECEPTOR_METABOLIC_PROCESS	GO:0043112	unmapped
GOBP_RECEPTOR_RECYCLING	GO:0001881	unmapped
GOBP_RECOGNITION_OF_APOPTOTIC_CELL	GO:0043654	vesicle-mediated transport
GOBP_RECOMBINATIONAL_REPAIR	GO:0000725	DNA repair
GOBP_REDUCTION_OF_FOOD_INTAKE_IN_RESPONSE_TO_DIETARY_EXCESS	GO:0002023	unmapped
GOBP_REELIN_MEDIATED_SIGNALING_PATHWAY	GO:0038026	signaling
GOBP_REFLEX	GO:0060004	unmapped
GOBP_REGENERATION	GO:0031099	anatomical structure development
GOBP_REGULATED_EXOCYTOSIS	GO:0045055	vesicle-mediated transport
GOBP_REGULATION_BY_VIRUS_OF_VIRAL_PROTEIN_LEVELS_IN_HOST_CELL	GO:0046719	unmapped
GOBP_REGULATION_OF_3_UTR_MEDIATED_MRNA_STABILIZATION	GO:1905868	mRNA metabolic process
GOBP_REGULATION_OF_ACROSOME_REACTION	GO:0060046	reproductive process
GOBP_REGULATION_OF_ACTIN_FILAMENT_BASED_MOVEMENT	GO:1903115	unmapped
GOBP_REGULATION_OF_ACTIN_FILAMENT_BASED_PROCESS	GO:0032970	unmapped
GOBP_REGULATION_OF_ACTIN_FILAMENT_BUNDLE_ASSEMBLY	GO:0032231	cytoskeleton organization
GOBP_REGULATION_OF_ACTIN_FILAMENT_LENGTH	GO:0030832	cytoskeleton organization
GOBP_REGULATION_OF_ACTIN_FILAMENT_ORGANIZATION	GO:0110053	cytoskeleton organization
GOBP_REGULATION_OF_ACTIN_FILAMENT_POLYMERIZATION	GO:0030833	cytoskeleton organization
GOBP_REGULATION_OF_ACTIN_NUCLEATION	GO:0051125	cytoskeleton organization
GOBP_REGULATION_OF_ACTION_POTENTIAL	GO:0098900	unmapped
GOBP_REGULATION_OF_ACTIVATION_INDUCED_CELL_DEATH_OF_T_CELLS	GO:0070235	programmed cell death
GOBP_REGULATION_OF_ACTIVIN_RECEPTOR_SIGNALING_PATHWAY	GO:0032925	signaling
GOBP_REGULATION_OF_ACTOMYOSIN_STRUCTURE_ORGANIZATION	GO:0110020	cytoskeleton organization
GOBP_REGULATION_OF_ACUTE_INFLAMMATORY_RESPONSE	GO:0002673	inflammatory response
GOBP_REGULATION_OF_ACUTE_INFLAMMATORY_RESPONSE_TO_ANTIGENIC_STIMULUS	GO:0002864	inflammatory response
GOBP_REGULATION_OF_ACYL_COA_BIOSYNTHETIC_PROCESS	GO:0050812	nucleobase-containing small molecule metabolic process
GOBP_REGULATION_OF_ADAPTIVE_IMMUNE_RESPONSE	GO:0002819	immune system process
GOBP_REGULATION_OF_ADENYLATE_CYCLASE_ACTIVATING_G_PROTEIN_COUPLED_RECEPTOR_SIGNALING_PATHWAY	GO:0106070	signaling
GOBP_REGULATION_OF_ADENYLATE_CYCLASE_ACTIVITY	GO:0045761	unmapped
GOBP_REGULATION_OF_ADHERENS_JUNCTION_ORGANIZATION	GO:1903391	cell junction organization
GOBP_REGULATION_OF_ADIPONECTIN_SECRETION	GO:0070163	signaling
GOBP_REGULATION_OF_ADIPOSE_TISSUE_DEVELOPMENT	GO:1904177	anatomical structure development
GOBP_REGULATION_OF_AEROBIC_RESPIRATION	GO:1903715	generation of precursor metabolites and energy
GOBP_REGULATION_OF_AGGREPHAGY	GO:1905335	autophagy
GOBP_REGULATION_OF_AIM2_INFLAMMASOME_COMPLEX_ASSEMBLY	GO:0140971	protein-containing complex assembly
GOBP_REGULATION_OF_ALCOHOL_BIOSYNTHETIC_PROCESS	GO:1902930	unmapped
GOBP_REGULATION_OF_ALDOSTERONE_METABOLIC_PROCESS	GO:0032344	lipid metabolic process
GOBP_REGULATION_OF_ALPHA_BETA_T_CELL_ACTIVATION	GO:0046634	immune system process
GOBP_REGULATION_OF_ALPHA_BETA_T_CELL_DIFFERENTIATION	GO:0046637	cell differentiation
GOBP_REGULATION_OF_ALTERNATIVE_MRNA_SPLICING_VIA_SPLICEOSOME	GO:0000381	mRNA metabolic process
GOBP_REGULATION_OF_AMACRINE_CELL_DIFFERENTIATION	GO:1902869	cell differentiation
GOBP_REGULATION_OF_AMIDE_METABOLIC_PROCESS		unmapped
GOBP_REGULATION_OF_AMINE_METABOLIC_PROCESS	GO:0033238	unmapped
GOBP_REGULATION_OF_AMINO_ACID_METABOLIC_PROCESS	GO:0006521	amino acid metabolic process
GOBP_REGULATION_OF_AMINO_ACID_TRANSMEMBRANE_TRANSPORT	GO:1903789	transmembrane transport
GOBP_REGULATION_OF_AMINO_ACID_TRANSPORT	GO:0051955	unmapped
GOBP_REGULATION_OF_AMPA_RECEPTOR_ACTIVITY	GO:2000311	transmembrane transport
GOBP_REGULATION_OF_AMYLOID_BETA_CLEARANCE	GO:1900221	unmapped
GOBP_REGULATION_OF_AMYLOID_FIBRIL_FORMATION	GO:1905906	unmapped
GOBP_REGULATION_OF_AMYLOID_PRECURSOR_PROTEIN_CATABOLIC_PROCESS	GO:1902991	unmapped
GOBP_REGULATION_OF_ANAPHASE_PROMOTING_COMPLEX_DEPENDENT_CATABOLIC_PROCESS	GO:1905784	protein catabolic process
GOBP_REGULATION_OF_ANATOMICAL_STRUCTURE_MORPHOGENESIS	GO:0022603	anatomical structure development
GOBP_REGULATION_OF_ANATOMICAL_STRUCTURE_SIZE	GO:0090066	unmapped
GOBP_REGULATION_OF_ANDROGEN_RECEPTOR_SIGNALING_PATHWAY	GO:0060765	signaling
GOBP_REGULATION_OF_ANGIOTENSIN_LEVELS_IN_BLOOD	GO:0002002	circulatory system process
GOBP_REGULATION_OF_ANIMAL_ORGAN_FORMATION	GO:0003156	anatomical structure development
GOBP_REGULATION_OF_ANIMAL_ORGAN_MORPHOGENESIS	GO:2000027	anatomical structure development
GOBP_REGULATION_OF_ANOIKIS	GO:2000209	programmed cell death
GOBP_REGULATION_OF_ANTIBACTERIAL_PEPTIDE_PRODUCTION	GO:0002786	defense response to other organism
GOBP_REGULATION_OF_ANTIFUNGAL_INNATE_IMMUNE_RESPONSE	GO:1905034	defense response to other organism
GOBP_REGULATION_OF_ANTIGEN_PROCESSING_AND_PRESENTATION	GO:0002577	immune system process
GOBP_REGULATION_OF_ANTIGEN_PROCESSING_AND_PRESENTATION_OF_PEPTIDE_ANTIGEN	GO:0002583	immune system process
GOBP_REGULATION_OF_ANTIGEN_PROCESSING_AND_PRESENTATION_OF_PEPTIDE_OR_POLYSACCHARIDE_ANTIGEN_VIA_MHC_CLASS_II	GO:0002580	immune system process
GOBP_REGULATION_OF_ANTIGEN_RECEPTOR_MEDIATED_SIGNALING_PATHWAY	GO:0050854	signaling
GOBP_REGULATION_OF_ANTIMICROBIAL_HUMORAL_RESPONSE	GO:0002759	defense response to other organism
GOBP_REGULATION_OF_ANTIMICROBIAL_PEPTIDE_PRODUCTION	GO:0002784	defense response to other organism
GOBP_REGULATION_OF_APOPTOTIC_CELL_CLEARANCE	GO:2000425	vesicle-mediated transport
GOBP_REGULATION_OF_APOPTOTIC_PROCESS_INVOLVED_IN_DEVELOPMENT	GO:1904748	programmed cell death
GOBP_REGULATION_OF_APOPTOTIC_PROCESS_IN_BONE_MARROW_CELL	GO:0071865	programmed cell death
GOBP_REGULATION_OF_APOPTOTIC_SIGNALING_PATHWAY	GO:2001233	programmed cell death
GOBP_REGULATION_OF_APPETITE	GO:0032098	unmapped
GOBP_REGULATION_OF_ARACHIDONATE_SECRETION	GO:0090237	unmapped
GOBP_REGULATION_OF_ARGININE_METABOLIC_PROCESS		unmapped
GOBP_REGULATION_OF_ARP2_3_COMPLEX_MEDIATED_ACTIN_NUCLEATION	GO:0034315	cytoskeleton organization
GOBP_REGULATION_OF_ARTERY_MORPHOGENESIS	GO:1905651	anatomical structure development
GOBP_REGULATION_OF_ASTROCYTE_ACTIVATION	GO:0061888	inflammatory response
GOBP_REGULATION_OF_ASTROCYTE_DIFFERENTIATION	GO:0048710	cell differentiation
GOBP_REGULATION_OF_ASYMMETRIC_CELL_DIVISION	GO:0009786	unmapped
GOBP_REGULATION_OF_ATPASE_COUPLED_CALCIUM_TRANSMEMBRANE_TRANSPORTER_ACTIVITY	GO:1901894	transmembrane transport
GOBP_REGULATION_OF_ATP_BIOSYNTHETIC_PROCESS	GO:2001169	nucleobase-containing small molecule metabolic process
GOBP_REGULATION_OF_ATP_DEPENDENT_ACTIVITY	GO:0043462	unmapped
GOBP_REGULATION_OF_ATRIAL_CARDIAC_MUSCLE_CELL_MEMBRANE_DEPOLARIZATION	GO:0060371	unmapped
GOBP_REGULATION_OF_ATRIAL_CARDIAC_MUSCLE_CELL_MEMBRANE_REPOLARIZATION	GO:0060372	unmapped
GOBP_REGULATION_OF_ATTACHMENT_OF_MITOTIC_SPINDLE_MICROTUBULES_TO_KINETOCHORE	GO:1902423	mitotic nuclear division
GOBP_REGULATION_OF_ATTACHMENT_OF_SPINDLE_MICROTUBULES_TO_KINETOCHORE	GO:0051988	chromosome segregation
GOBP_REGULATION_OF_AUTOPHAGOSOME_ASSEMBLY	GO:2000785	autophagy
GOBP_REGULATION_OF_AUTOPHAGOSOME_MATURATION	GO:1901096	autophagy
GOBP_REGULATION_OF_AUTOPHAGY	GO:0010506	autophagy
GOBP_REGULATION_OF_AUTOPHAGY_OF_MITOCHONDRION	GO:1903146	autophagy
GOBP_REGULATION_OF_AXONOGENESIS	GO:0050770	cell differentiation
GOBP_REGULATION_OF_AXON_DIAMETER	GO:0031133	cell differentiation
GOBP_REGULATION_OF_AXON_EXTENSION	GO:0030516	cell differentiation
GOBP_REGULATION_OF_AXON_EXTENSION_INVOLVED_IN_AXON_GUIDANCE	GO:0048841	cell differentiation
GOBP_REGULATION_OF_AXON_GUIDANCE	GO:1902667	cell differentiation
GOBP_REGULATION_OF_BARBED_END_ACTIN_FILAMENT_CAPPING	GO:2000812	cytoskeleton organization
GOBP_REGULATION_OF_BASEMENT_MEMBRANE_ORGANIZATION	GO:0110011	extracellular matrix organization
GOBP_REGULATION_OF_BEHAVIOR	GO:0050795	unmapped
GOBP_REGULATION_OF_BICELLULAR_TIGHT_JUNCTION_ASSEMBLY	GO:2000810	cell junction organization
GOBP_REGULATION_OF_BILE_ACID_BIOSYNTHETIC_PROCESS	GO:0070857	lipid metabolic process
GOBP_REGULATION_OF_BILE_ACID_METABOLIC_PROCESS		unmapped
GOBP_REGULATION_OF_BILE_ACID_SECRETION	GO:0120188	unmapped
GOBP_REGULATION_OF_BINDING	GO:0051098	unmapped
GOBP_REGULATION_OF_BINDING_OF_SPERM_TO_ZONA_PELLUCIDA	GO:2000359	reproductive process
GOBP_REGULATION_OF_BIOLOGICAL_PROCESS_INVOLVED_IN_SYMBIOTIC_INTERACTION	GO:0043903	unmapped
GOBP_REGULATION_OF_BIOMINERAL_TISSUE_DEVELOPMENT	GO:0070167	anatomical structure development
GOBP_REGULATION_OF_BLOOD_BRAIN_BARRIER_PERMEABILITY	GO:1905603	circulatory system process
GOBP_REGULATION_OF_BLOOD_CIRCULATION	GO:1903522	circulatory system process
GOBP_REGULATION_OF_BLOOD_PRESSURE	GO:0008217	circulatory system process
GOBP_REGULATION_OF_BLOOD_VESSEL_BRANCHING	GO:1905553	anatomical structure development
GOBP_REGULATION_OF_BLOOD_VESSEL_REMODELING	GO:0060312	anatomical structure development
GOBP_REGULATION_OF_BLOOD_VOLUME_BY_RENIN_ANGIOTENSIN	GO:0002016	circulatory system process
GOBP_REGULATION_OF_BMP_SIGNALING_PATHWAY	GO:0030510	signaling
GOBP_REGULATION_OF_BODY_FLUID_LEVELS	GO:0050878	unmapped
GOBP_REGULATION_OF_BONE_DEVELOPMENT	GO:1903010	anatomical structure development
GOBP_REGULATION_OF_BONE_MINERALIZATION	GO:0030500	anatomical structure development
GOBP_REGULATION_OF_BONE_MINERALIZATION_INVOLVED_IN_BONE_MATURATION		unmapped
GOBP_REGULATION_OF_BONE_REMODELING	GO:0046850	unmapped
GOBP_REGULATION_OF_BRANCHING_INVOLVED_IN_LUNG_MORPHOGENESIS	GO:0061046	anatomical structure development
GOBP_REGULATION_OF_BRANCHING_INVOLVED_IN_MAMMARY_GLAND_DUCT_MORPHOGENESIS	GO:0060762	anatomical structure development
GOBP_REGULATION_OF_BRANCHING_INVOLVED_IN_PROSTATE_GLAND_MORPHOGENESIS	GO:0060687	anatomical structure development
GOBP_REGULATION_OF_BRANCHING_INVOLVED_IN_SALIVARY_GLAND_MORPHOGENESIS	GO:0060693	anatomical structure development
GOBP_REGULATION_OF_BRANCHING_INVOLVED_IN_URETERIC_BUD_MORPHOGENESIS	GO:0090189	anatomical structure development
GOBP_REGULATION_OF_BRANCHING_MORPHOGENESIS_OF_A_NERVE	GO:2000172	anatomical structure development
GOBP_REGULATION_OF_BROWN_FAT_CELL_DIFFERENTIATION	GO:0090335	cell differentiation
GOBP_REGULATION_OF_B_CELL_ACTIVATION	GO:0050864	immune system process
GOBP_REGULATION_OF_B_CELL_APOPTOTIC_PROCESS	GO:0002902	programmed cell death
GOBP_REGULATION_OF_B_CELL_DIFFERENTIATION	GO:0045577	cell differentiation
GOBP_REGULATION_OF_B_CELL_MEDIATED_IMMUNITY	GO:0002712	immune system process
GOBP_REGULATION_OF_B_CELL_PROLIFERATION	GO:0030888	immune system process
GOBP_REGULATION_OF_B_CELL_RECEPTOR_SIGNALING_PATHWAY	GO:0050855	signaling
GOBP_REGULATION_OF_CALCINEURIN_MEDIATED_SIGNALING	GO:0106056	signaling
GOBP_REGULATION_OF_CALCIUM_IMPORT_INTO_THE_MITOCHONDRION	GO:0110097	transmembrane transport
GOBP_REGULATION_OF_CALCIUM_ION_DEPENDENT_EXOCYTOSIS	GO:0017158	vesicle-mediated transport
GOBP_REGULATION_OF_CALCIUM_ION_DEPENDENT_EXOCYTOSIS_OF_NEUROTRANSMITTER	GO:1903233	vesicle-mediated transport
GOBP_REGULATION_OF_CALCIUM_ION_EXPORT_ACROSS_PLASMA_MEMBRANE	GO:1905912	transmembrane transport
GOBP_REGULATION_OF_CALCIUM_ION_IMPORT	GO:0090279	unmapped
GOBP_REGULATION_OF_CALCIUM_ION_IMPORT_ACROSS_PLASMA_MEMBRANE	GO:1905664	transmembrane transport
GOBP_REGULATION_OF_CALCIUM_ION_IMPORT_INTO_SARCOPLASMIC_RETICULUM	GO:1902080	unmapped
GOBP_REGULATION_OF_CALCIUM_ION_TRANSMEMBRANE_TRANSPORT	GO:1903169	transmembrane transport
GOBP_REGULATION_OF_CALCIUM_ION_TRANSMEMBRANE_TRANSPORTER_ACTIVITY		unmapped
GOBP_REGULATION_OF_CALCIUM_ION_TRANSPORT	GO:0051924	unmapped
GOBP_REGULATION_OF_CALCIUM_ION_TRANSPORT_INTO_CYTOSOL	GO:0010522	transmembrane transport
GOBP_REGULATION_OF_CALCIUM_MEDIATED_SIGNALING	GO:0050848	signaling
GOBP_REGULATION_OF_CAMKK_AMPK_SIGNALING_CASCADE	GO:1905289	signaling
GOBP_REGULATION_OF_CAMP_DEPENDENT_PROTEIN_KINASE_ACTIVITY	GO:2000479	unmapped
GOBP_REGULATION_OF_CAMP_PKA_SIGNAL_TRANSDUCTION	GO:0141161	signaling
GOBP_REGULATION_OF_CANONICAL_WNT_SIGNALING_PATHWAY	GO:0060828	signaling
GOBP_REGULATION_OF_CARBOHYDRATE_BIOSYNTHETIC_PROCESS	GO:0043255	carbohydrate metabolic process
GOBP_REGULATION_OF_CARBOHYDRATE_CATABOLIC_PROCESS	GO:0043470	carbohydrate metabolic process
GOBP_REGULATION_OF_CARBOHYDRATE_METABOLIC_PROCESS	GO:0006109	carbohydrate metabolic process
GOBP_REGULATION_OF_CARDIAC_CONDUCTION	GO:1903779	circulatory system process
GOBP_REGULATION_OF_CARDIAC_EPITHELIAL_TO_MESENCHYMAL_TRANSITION	GO:0062042	cell differentiation
GOBP_REGULATION_OF_CARDIAC_MUSCLE_ADAPTATION	GO:0010612	muscle system process
GOBP_REGULATION_OF_CARDIAC_MUSCLE_CELL_ACTION_POTENTIAL	GO:0098901	unmapped
GOBP_REGULATION_OF_CARDIAC_MUSCLE_CELL_ACTION_POTENTIAL_INVOLVED_IN_REGULATION_OF_CONTRACTION	GO:0098909	muscle system process
GOBP_REGULATION_OF_CARDIAC_MUSCLE_CELL_DIFFERENTIATION	GO:2000725	cell differentiation
GOBP_REGULATION_OF_CARDIAC_MUSCLE_CELL_MEMBRANE_POTENTIAL	GO:0086036	unmapped
GOBP_REGULATION_OF_CARDIAC_MUSCLE_CELL_MEMBRANE_REPOLARIZATION	GO:0099623	unmapped
GOBP_REGULATION_OF_CARDIAC_MUSCLE_CELL_PROLIFERATION	GO:0060043	anatomical structure development
GOBP_REGULATION_OF_CARDIAC_MUSCLE_CONTRACTION	GO:0055117	muscle system process
GOBP_REGULATION_OF_CARDIAC_MUSCLE_CONTRACTION_BY_CALCIUM_ION_SIGNALING	GO:0010882	muscle system process
GOBP_REGULATION_OF_CARDIAC_MUSCLE_CONTRACTION_BY_REGULATION_OF_THE_RELEASE_OF_SEQUESTERED_CALCIUM_ION	GO:0010881	transmembrane transport
GOBP_REGULATION_OF_CARDIAC_MUSCLE_TISSUE_DEVELOPMENT	GO:0055024	anatomical structure development
GOBP_REGULATION_OF_CARDIOBLAST_DIFFERENTIATION	GO:0051890	cell differentiation
GOBP_REGULATION_OF_CARDIOCYTE_DIFFERENTIATION	GO:1905207	cell differentiation
GOBP_REGULATION_OF_CARTILAGE_DEVELOPMENT	GO:0061035	anatomical structure development
GOBP_REGULATION_OF_CATABOLIC_PROCESS	GO:0009894	unmapped
GOBP_REGULATION_OF_CATALYTIC_ACTIVITY	GO:0050790	unmapped
GOBP_REGULATION_OF_CATECHOLAMINE_METABOLIC_PROCESS	GO:0042069	unmapped
GOBP_REGULATION_OF_CATECHOLAMINE_SECRETION	GO:0050433	unmapped
GOBP_REGULATION_OF_CATECHOLAMINE_UPTAKE_INVOLVED_IN_SYNAPTIC_TRANSMISSION		unmapped
GOBP_REGULATION_OF_CATION_CHANNEL_ACTIVITY		unmapped
GOBP_REGULATION_OF_CAVEOLIN_MEDIATED_ENDOCYTOSIS	GO:2001286	vesicle-mediated transport
GOBP_REGULATION_OF_CD40_SIGNALING_PATHWAY	GO:2000348	signaling
GOBP_REGULATION_OF_CD4_POSITIVE_ALPHA_BETA_T_CELL_ACTIVATION	GO:2000514	immune system process
GOBP_REGULATION_OF_CD4_POSITIVE_ALPHA_BETA_T_CELL_DIFFERENTIATION	GO:0043370	cell differentiation
GOBP_REGULATION_OF_CD4_POSITIVE_CD25_POSITIVE_ALPHA_BETA_REGULATORY_T_CELL_DIFFERENTIATION	GO:0032829	cell differentiation
GOBP_REGULATION_OF_CD8_POSITIVE_ALPHA_BETA_T_CELL_ACTIVATION	GO:2001185	immune system process
GOBP_REGULATION_OF_CD8_POSITIVE_ALPHA_BETA_T_CELL_DIFFERENTIATION	GO:0043376	cell differentiation
GOBP_REGULATION_OF_CDC42_PROTEIN_SIGNAL_TRANSDUCTION	GO:0032489	signaling
GOBP_REGULATION_OF_CELLULAR_COMPONENT_BIOGENESIS	GO:0044087	unmapped
GOBP_REGULATION_OF_CELLULAR_COMPONENT_SIZE	GO:0032535	unmapped
GOBP_REGULATION_OF_CELLULAR_EXTRAVASATION	GO:0002691	cell motility
GOBP_REGULATION_OF_CELLULAR_LOCALIZATION	GO:0060341	unmapped
GOBP_REGULATION_OF_CELLULAR_PH_REDUCTION		unmapped
GOBP_REGULATION_OF_CELLULAR_RESPIRATION	GO:0043457	generation of precursor metabolites and energy
GOBP_REGULATION_OF_CELLULAR_RESPONSE_TO_GROWTH_FACTOR_STIMULUS	GO:0090287	unmapped
GOBP_REGULATION_OF_CELLULAR_RESPONSE_TO_HEAT	GO:1900034	unmapped
GOBP_REGULATION_OF_CELLULAR_RESPONSE_TO_HYPOXIA	GO:1900037	unmapped
GOBP_REGULATION_OF_CELLULAR_RESPONSE_TO_INSULIN_STIMULUS	GO:1900076	unmapped
GOBP_REGULATION_OF_CELLULAR_RESPONSE_TO_OXIDATIVE_STRESS	GO:1900407	unmapped
GOBP_REGULATION_OF_CELLULAR_RESPONSE_TO_STRESS	GO:0080135	unmapped
GOBP_REGULATION_OF_CELLULAR_RESPONSE_TO_TRANSFORMING_GROWTH_FACTOR_BETA_STIMULUS	GO:1903844	unmapped
GOBP_REGULATION_OF_CELLULAR_RESPONSE_TO_VASCULAR_ENDOTHELIAL_GROWTH_FACTOR_STIMULUS	GO:1902547	unmapped
GOBP_REGULATION_OF_CELLULAR_SENESCENCE	GO:2000772	unmapped
GOBP_REGULATION_OF_CELL_ACTIVATION	GO:0050865	unmapped
GOBP_REGULATION_OF_CELL_ADHESION	GO:0030155	cell adhesion
GOBP_REGULATION_OF_CELL_ADHESION_MEDIATED_BY_INTEGRIN	GO:0033628	cell adhesion
GOBP_REGULATION_OF_CELL_CELL_ADHESION	GO:0022407	cell adhesion
GOBP_REGULATION_OF_CELL_CELL_ADHESION_MEDIATED_BY_CADHERIN	GO:2000047	cell adhesion
GOBP_REGULATION_OF_CELL_CELL_ADHESION_MEDIATED_BY_INTEGRIN	GO:0033632	cell adhesion
GOBP_REGULATION_OF_CELL_CHEMOTAXIS_TO_FIBROBLAST_GROWTH_FACTOR	GO:1904847	cell motility
GOBP_REGULATION_OF_CELL_COMMUNICATION_BY_ELECTRICAL_COUPLING	GO:0010649	unmapped
GOBP_REGULATION_OF_CELL_COMMUNICATION_BY_ELECTRICAL_COUPLING_INVOLVED_IN_CARDIAC_CONDUCTION	GO:1901844	circulatory system process
GOBP_REGULATION_OF_CELL_CYCLE	GO:0051726	unmapped
GOBP_REGULATION_OF_CELL_CYCLE_CHECKPOINT	GO:1901976	signaling
GOBP_REGULATION_OF_CELL_CYCLE_G1_S_PHASE_TRANSITION	GO:1902806	unmapped
GOBP_REGULATION_OF_CELL_CYCLE_G2_M_PHASE_TRANSITION	GO:1902749	unmapped
GOBP_REGULATION_OF_CELL_CYCLE_PHASE_TRANSITION	GO:1901987	unmapped
GOBP_REGULATION_OF_CELL_CYCLE_PROCESS	GO:0010564	unmapped
GOBP_REGULATION_OF_CELL_DEVELOPMENT	GO:0060284	cell differentiation
GOBP_REGULATION_OF_CELL_DIFFERENTIATION	GO:0045595	cell differentiation
GOBP_REGULATION_OF_CELL_DIFFERENTIATION_INVOLVED_IN_EMBRYONIC_PLACENTA_DEVELOPMENT	GO:0060800	cell differentiation
GOBP_REGULATION_OF_CELL_DIVISION	GO:0051302	unmapped
GOBP_REGULATION_OF_CELL_FATE_COMMITMENT	GO:0010453	cell differentiation
GOBP_REGULATION_OF_CELL_FATE_SPECIFICATION	GO:0042659	cell differentiation
GOBP_REGULATION_OF_CELL_GROWTH	GO:0001558	unmapped
GOBP_REGULATION_OF_CELL_GROWTH_INVOLVED_IN_CARDIAC_MUSCLE_CELL_DEVELOPMENT	GO:0061050	muscle system process
GOBP_REGULATION_OF_CELL_JUNCTION_ASSEMBLY	GO:1901888	cell junction organization
GOBP_REGULATION_OF_CELL_KILLING	GO:0031341	unmapped
GOBP_REGULATION_OF_CELL_MATRIX_ADHESION	GO:0001952	cell adhesion
GOBP_REGULATION_OF_CELL_MATURATION	GO:1903429	cell differentiation
GOBP_REGULATION_OF_CELL_MIGRATION_INVOLVED_IN_SPROUTING_ANGIOGENESIS	GO:0090049	anatomical structure development
GOBP_REGULATION_OF_CELL_MORPHOGENESIS	GO:0022604	anatomical structure development
GOBP_REGULATION_OF_CELL_POPULATION_PROLIFERATION	GO:0042127	unmapped
GOBP_REGULATION_OF_CELL_PROJECTION_ASSEMBLY	GO:0060491	unmapped
GOBP_REGULATION_OF_CELL_PROJECTION_ORGANIZATION	GO:0031344	unmapped
GOBP_REGULATION_OF_CELL_PROJECTION_SIZE	GO:0032536	unmapped
GOBP_REGULATION_OF_CELL_PROLIFERATION_INVOLVED_IN_KIDNEY_DEVELOPMENT		unmapped
GOBP_REGULATION_OF_CELL_PROLIFERATION_IN_BONE_MARROW	GO:0071863	unmapped
GOBP_REGULATION_OF_CELL_SHAPE	GO:0008360	anatomical structure development
GOBP_REGULATION_OF_CELL_SIZE	GO:0008361	unmapped
GOBP_REGULATION_OF_CELL_SUBSTRATE_ADHESION	GO:0010810	cell adhesion
GOBP_REGULATION_OF_CELL_SUBSTRATE_JUNCTION_ORGANIZATION	GO:0150116	cell junction organization
GOBP_REGULATION_OF_CENTRIOLE_ELONGATION	GO:1903722	cytoskeleton organization
GOBP_REGULATION_OF_CENTRIOLE_REPLICATION	GO:0046599	cytoskeleton organization
GOBP_REGULATION_OF_CENTROMERE_COMPLEX_ASSEMBLY		unmapped
GOBP_REGULATION_OF_CENTROMERIC_SISTER_CHROMATID_COHESION	GO:0070602	unmapped
GOBP_REGULATION_OF_CENTROSOME_CYCLE	GO:0046605	cytoskeleton organization
GOBP_REGULATION_OF_CENTROSOME_DUPLICATION	GO:0010824	cytoskeleton organization
GOBP_REGULATION_OF_CEREBELLAR_GRANULE_CELL_PRECURSOR_PROLIFERATION	GO:0021936	anatomical structure development
GOBP_REGULATION_OF_CGMP_MEDIATED_SIGNALING		unmapped
GOBP_REGULATION_OF_CHAPERONE_MEDIATED_AUTOPHAGY	GO:1904714	protein catabolic process
GOBP_REGULATION_OF_CHAPERONE_MEDIATED_PROTEIN_FOLDING		unmapped
GOBP_REGULATION_OF_CHEMOKINE_MEDIATED_SIGNALING_PATHWAY	GO:0070099	signaling
GOBP_REGULATION_OF_CHEMOTAXIS	GO:0050920	unmapped
GOBP_REGULATION_OF_CHLORIDE_TRANSPORT	GO:2001225	unmapped
GOBP_REGULATION_OF_CHOLESTEROL_BIOSYNTHETIC_PROCESS	GO:0045540	lipid metabolic process
GOBP_REGULATION_OF_CHOLESTEROL_EFFLUX	GO:0010874	unmapped
GOBP_REGULATION_OF_CHOLESTEROL_IMPORT	GO:0060620	unmapped
GOBP_REGULATION_OF_CHOLESTEROL_METABOLIC_PROCESS	GO:0090181	lipid metabolic process
GOBP_REGULATION_OF_CHOLESTEROL_STORAGE	GO:0010885	unmapped
GOBP_REGULATION_OF_CHONDROCYTE_DEVELOPMENT	GO:0061181	cell differentiation
GOBP_REGULATION_OF_CHONDROCYTE_DIFFERENTIATION	GO:0032330	cell differentiation
GOBP_REGULATION_OF_CHROMATIN_ORGANIZATION	GO:1902275	chromatin organization
GOBP_REGULATION_OF_CHROMOSOME_CONDENSATION	GO:0060623	unmapped
GOBP_REGULATION_OF_CHROMOSOME_ORGANIZATION	GO:0033044	unmapped
GOBP_REGULATION_OF_CHROMOSOME_SEGREGATION	GO:0051983	chromosome segregation
GOBP_REGULATION_OF_CHRONIC_INFLAMMATORY_RESPONSE	GO:0002676	inflammatory response
GOBP_REGULATION_OF_CILIUM_ASSEMBLY	GO:1902017	cilium organization
GOBP_REGULATION_OF_CILIUM_BEAT_FREQUENCY	GO:0003356	microtubule-based movement
GOBP_REGULATION_OF_CILIUM_BEAT_FREQUENCY_INVOLVED_IN_CILIARY_MOTILITY	GO:0060296	microtubule-based movement
GOBP_REGULATION_OF_CILIUM_DEPENDENT_CELL_MOTILITY	GO:1902019	cell motility
GOBP_REGULATION_OF_CILIUM_MOVEMENT	GO:0003352	microtubule-based movement
GOBP_REGULATION_OF_CIRCADIAN_RHYTHM	GO:0042752	unmapped
GOBP_REGULATION_OF_CIRCADIAN_SLEEP_WAKE_CYCLE	GO:0042749	unmapped
GOBP_REGULATION_OF_CIRCULATING_FIBRINOGEN_LEVELS	GO:0044537	unmapped
GOBP_REGULATION_OF_CLATHRIN_DEPENDENT_ENDOCYTOSIS	GO:2000369	vesicle-mediated transport
GOBP_REGULATION_OF_COAGULATION	GO:0050818	unmapped
GOBP_REGULATION_OF_COLLAGEN_FIBRIL_ORGANIZATION	GO:1904026	extracellular matrix organization
GOBP_REGULATION_OF_COLLAGEN_METABOLIC_PROCESS	GO:0010712	unmapped
GOBP_REGULATION_OF_COLLATERAL_SPROUTING	GO:0048670	cell differentiation
GOBP_REGULATION_OF_COMPLEMENT_ACTIVATION	GO:0030449	immune system process
GOBP_REGULATION_OF_COMPLEMENT_ACTIVATION_ALTERNATIVE_PATHWAY	GO:0030451	defense response to other organism
GOBP_REGULATION_OF_COMPLEMENT_ACTIVATION_CLASSICAL_PATHWAY	GO:0030450	immune system process
GOBP_REGULATION_OF_COMPLEMENT_DEPENDENT_CYTOTOXICITY	GO:1903659	unmapped
GOBP_REGULATION_OF_CONNECTIVE_TISSUE_REPLACEMENT	GO:1905203	unmapped
GOBP_REGULATION_OF_COPII_VESICLE_COATING		unmapped
GOBP_REGULATION_OF_CORTICOSTERONE_SECRETION	GO:2000852	signaling
GOBP_REGULATION_OF_CORTICOTROPIN_SECRETION	GO:0051459	signaling
GOBP_REGULATION_OF_CORTISOL_BIOSYNTHETIC_PROCESS	GO:2000064	lipid metabolic process
GOBP_REGULATION_OF_CRISTAE_FORMATION	GO:1903850	mitochondrion organization
GOBP_REGULATION_OF_CYCLIN_DEPENDENT_PROTEIN_SERINE_THREONINE_KINASE_ACTIVITY	GO:0000079	unmapped
GOBP_REGULATION_OF_CYTOKINESIS	GO:0032465	cytokinesis
GOBP_REGULATION_OF_CYTOKINETIC_PROCESS	GO:0032954	cytokinesis
GOBP_REGULATION_OF_CYTOPLASMIC_MRNA_PROCESSING_BODY_ASSEMBLY	GO:0010603	unmapped
GOBP_REGULATION_OF_CYTOPLASMIC_PATTERN_RECOGNITION_RECEPTOR_SIGNALING_PATHWAY	GO:0039531	defense response to other organism
GOBP_REGULATION_OF_CYTOPLASMIC_TRANSLATION	GO:2000765	cytoplasmic translation
GOBP_REGULATION_OF_CYTOPLASMIC_TRANSLATIONAL_INITIATION	GO:1904688	cytoplasmic translation
GOBP_REGULATION_OF_CYTOSKELETON_ORGANIZATION	GO:0051493	cytoskeleton organization
GOBP_REGULATION_OF_CYTOSOLIC_CALCIUM_ION_CONCENTRATION	GO:0051480	unmapped
GOBP_REGULATION_OF_DEFENSE_RESPONSE	GO:0031347	unmapped
GOBP_REGULATION_OF_DEFENSE_RESPONSE_TO_BACTERIUM	GO:1900424	unmapped
GOBP_REGULATION_OF_DEFENSE_RESPONSE_TO_FUNGUS	GO:1900150	unmapped
GOBP_REGULATION_OF_DEFENSE_RESPONSE_TO_VIRUS	GO:0050688	unmapped
GOBP_REGULATION_OF_DEFENSE_RESPONSE_TO_VIRUS_BY_HOST	GO:0050691	unmapped
GOBP_REGULATION_OF_DELAYED_RECTIFIER_POTASSIUM_CHANNEL_ACTIVITY	GO:1902259	transmembrane transport
GOBP_REGULATION_OF_DENDRITE_DEVELOPMENT	GO:0050773	cell differentiation
GOBP_REGULATION_OF_DENDRITE_EXTENSION	GO:1903859	cell differentiation
GOBP_REGULATION_OF_DENDRITE_MORPHOGENESIS	GO:0048814	cell differentiation
GOBP_REGULATION_OF_DENDRITIC_CELL_ANTIGEN_PROCESSING_AND_PRESENTATION	GO:0002604	immune system process
GOBP_REGULATION_OF_DENDRITIC_CELL_CHEMOTAXIS	GO:2000508	cell motility
GOBP_REGULATION_OF_DENDRITIC_CELL_DIFFERENTIATION	GO:2001198	cell differentiation
GOBP_REGULATION_OF_DENDRITIC_SPINE_DEVELOPMENT	GO:0060998	cell differentiation
GOBP_REGULATION_OF_DENDRITIC_SPINE_MAINTENANCE	GO:1902950	cell junction organization
GOBP_REGULATION_OF_DENDRITIC_SPINE_MORPHOGENESIS	GO:0061001	cell junction organization
GOBP_REGULATION_OF_DEPHOSPHORYLATION	GO:0035303	unmapped
GOBP_REGULATION_OF_DEVELOPMENTAL_GROWTH	GO:0048638	unmapped
GOBP_REGULATION_OF_DEVELOPMENT_HETEROCHRONIC	GO:0040034	unmapped
GOBP_REGULATION_OF_DIGESTIVE_SYSTEM_PROCESS	GO:0044058	digestive system process
GOBP_REGULATION_OF_DNA_BINDING	GO:0051101	unmapped
GOBP_REGULATION_OF_DNA_BINDING_TRANSCRIPTION_FACTOR_ACTIVITY		unmapped
GOBP_REGULATION_OF_DNA_BIOSYNTHETIC_PROCESS	GO:2000278	unmapped
GOBP_REGULATION_OF_DNA_CATABOLIC_PROCESS	GO:1903624	unmapped
GOBP_REGULATION_OF_DNA_DAMAGE_CHECKPOINT	GO:2000001	signaling
GOBP_REGULATION_OF_DNA_DAMAGE_RESPONSE_SIGNAL_TRANSDUCTION_BY_P53_CLASS_MEDIATOR	GO:0043516	signaling
GOBP_REGULATION_OF_DNA_METABOLIC_PROCESS	GO:0051052	unmapped
GOBP_REGULATION_OF_DNA_RECOMBINATION	GO:0000018	DNA recombination
GOBP_REGULATION_OF_DNA_REPAIR	GO:0006282	DNA repair
GOBP_REGULATION_OF_DNA_REPLICATION	GO:0006275	DNA replication
GOBP_REGULATION_OF_DNA_STRAND_ELONGATION	GO:0060382	unmapped
GOBP_REGULATION_OF_DNA_TEMPLATED_DNA_REPLICATION	GO:0090329	DNA replication
GOBP_REGULATION_OF_DNA_TEMPLATED_DNA_REPLICATION_INITIATION	GO:0030174	DNA replication
GOBP_REGULATION_OF_DNA_TEMPLATED_TRANSCRIPTION_ELONGATION	GO:0032784	regulation of DNA-templated transcription
GOBP_REGULATION_OF_DNA_TEMPLATED_TRANSCRIPTION_INITIATION	GO:2000142	regulation of DNA-templated transcription
GOBP_REGULATION_OF_DOPAMINERGIC_NEURON_DIFFERENTIATION	GO:1904338	cell differentiation
GOBP_REGULATION_OF_DOPAMINE_RECEPTOR_SIGNALING_PATHWAY	GO:0060159	signaling
GOBP_REGULATION_OF_DOPAMINE_SECRETION	GO:0014059	signaling
GOBP_REGULATION_OF_DOUBLE_STRAND_BREAK_REPAIR	GO:2000779	DNA repair
GOBP_REGULATION_OF_DOUBLE_STRAND_BREAK_REPAIR_VIA_HOMOLOGOUS_RECOMBINATION	GO:0010569	DNA repair
GOBP_REGULATION_OF_DOUBLE_STRAND_BREAK_REPAIR_VIA_NONHOMOLOGOUS_END_JOINING	GO:2001032	DNA repair
GOBP_REGULATION_OF_D_GLUCOSE_IMPORT		unmapped
GOBP_REGULATION_OF_D_GLUCOSE_TRANSMEMBRANE_TRANSPORT	GO:0010827	transmembrane transport
GOBP_REGULATION_OF_EARLY_ENDOSOME_TO_LATE_ENDOSOME_TRANSPORT	GO:2000641	vesicle-mediated transport
GOBP_REGULATION_OF_EATING_BEHAVIOR	GO:1903998	unmapped
GOBP_REGULATION_OF_EMBRYONIC_DEVELOPMENT	GO:0045995	anatomical structure development
GOBP_REGULATION_OF_ENAMEL_MINERALIZATION	GO:0070173	anatomical structure development
GOBP_REGULATION_OF_ENDOCRINE_PROCESS	GO:0044060	endocrine process
GOBP_REGULATION_OF_ENDOCYTIC_RECYCLING	GO:2001135	vesicle-mediated transport
GOBP_REGULATION_OF_ENDOCYTOSIS	GO:0030100	vesicle-mediated transport
GOBP_REGULATION_OF_ENDODEOXYRIBONUCLEASE_ACTIVITY	GO:0032071	unmapped
GOBP_REGULATION_OF_ENDODERMAL_CELL_DIFFERENTIATION	GO:1903224	cell differentiation
GOBP_REGULATION_OF_ENDOPEPTIDASE_ACTIVITY	GO:0052548	unmapped
GOBP_REGULATION_OF_ENDOPLASMIC_RETICULUM_STRESS_INDUCED_INTRINSIC_APOPTOTIC_SIGNALING_PATHWAY	GO:1902235	programmed cell death
GOBP_REGULATION_OF_ENDOPLASMIC_RETICULUM_TUBULAR_NETWORK_ORGANIZATION	GO:1903371	unmapped
GOBP_REGULATION_OF_ENDOPLASMIC_RETICULUM_UNFOLDED_PROTEIN_RESPONSE	GO:1900101	signaling
GOBP_REGULATION_OF_ENDOSOME_ORGANIZATION	GO:1904978	unmapped
GOBP_REGULATION_OF_ENDOSOME_SIZE	GO:0051036	unmapped
GOBP_REGULATION_OF_ENDOSOME_TO_PLASMA_MEMBRANE_PROTEIN_TRANSPORT	GO:1905749	intracellular protein transport
GOBP_REGULATION_OF_ENDOTHELIAL_CELL_CHEMOTAXIS	GO:2001026	cell motility
GOBP_REGULATION_OF_ENDOTHELIAL_CELL_DEVELOPMENT	GO:1901550	cell differentiation
GOBP_REGULATION_OF_ENDOTHELIAL_CELL_DIFFERENTIATION	GO:0045601	cell differentiation
GOBP_REGULATION_OF_ENDOTHELIAL_CELL_MIGRATION	GO:0010594	cell motility
GOBP_REGULATION_OF_ENDOTHELIAL_TUBE_MORPHOGENESIS	GO:1901509	anatomical structure development
GOBP_REGULATION_OF_ENTRY_OF_BACTERIUM_INTO_HOST_CELL	GO:2000535	unmapped
GOBP_REGULATION_OF_EOSINOPHIL_MIGRATION	GO:2000416	cell motility
GOBP_REGULATION_OF_EPIDERMAL_GROWTH_FACTOR_ACTIVATED_RECEPTOR_ACTIVITY		unmapped
GOBP_REGULATION_OF_EPIDERMIS_DEVELOPMENT	GO:0045682	anatomical structure development
GOBP_REGULATION_OF_EPITHELIAL_CELL_APOPTOTIC_PROCESS	GO:1904035	programmed cell death
GOBP_REGULATION_OF_EPITHELIAL_CELL_DIFFERENTIATION	GO:0030856	cell differentiation
GOBP_REGULATION_OF_EPITHELIAL_CELL_DIFFERENTIATION_INVOLVED_IN_KIDNEY_DEVELOPMENT	GO:2000696	cell differentiation
GOBP_REGULATION_OF_EPITHELIAL_CELL_MIGRATION	GO:0010632	cell motility
GOBP_REGULATION_OF_EPITHELIAL_CELL_PROLIFERATION	GO:0050678	unmapped
GOBP_REGULATION_OF_EPITHELIAL_CELL_PROLIFERATION_INVOLVED_IN_LUNG_MORPHOGENESIS	GO:2000794	anatomical structure development
GOBP_REGULATION_OF_EPITHELIAL_TO_MESENCHYMAL_TRANSITION	GO:0010717	cell differentiation
GOBP_REGULATION_OF_EPITHELIAL_TO_MESENCHYMAL_TRANSITION_INVOLVED_IN_ENDOCARDIAL_CUSHION_FORMATION	GO:1905005	cell differentiation
GOBP_REGULATION_OF_ERAD_PATHWAY	GO:1904292	protein catabolic process
GOBP_REGULATION_OF_ERBB_SIGNALING_PATHWAY	GO:1901184	signaling
GOBP_REGULATION_OF_ERYTHROCYTE_DIFFERENTIATION	GO:0045646	cell differentiation
GOBP_REGULATION_OF_ER_TO_GOLGI_VESICLE_MEDIATED_TRANSPORT	GO:0060628	vesicle-mediated transport
GOBP_REGULATION_OF_ESTABLISHMENT_OF_PLANAR_POLARITY	GO:0090175	anatomical structure development
GOBP_REGULATION_OF_ESTABLISHMENT_OF_PROTEIN_LOCALIZATION	GO:0070201	unmapped
GOBP_REGULATION_OF_ESTABLISHMENT_OF_PROTEIN_LOCALIZATION_TO_CHROMOSOME	GO:0070202	unmapped
GOBP_REGULATION_OF_ESTABLISHMENT_OF_PROTEIN_LOCALIZATION_TO_MITOCHONDRION		unmapped
GOBP_REGULATION_OF_ESTABLISHMENT_OF_T_CELL_POLARITY	GO:1903903	establishment or maintenance of cell polarity
GOBP_REGULATION_OF_ESTABLISHMENT_OR_MAINTENANCE_OF_CELL_POLARITY	GO:0032878	establishment or maintenance of cell polarity
GOBP_REGULATION_OF_EXCITATORY_SYNAPSE_ASSEMBLY	GO:1904889	cell junction organization
GOBP_REGULATION_OF_EXCRETION	GO:0044062	unmapped
GOBP_REGULATION_OF_EXECUTION_PHASE_OF_APOPTOSIS	GO:1900117	programmed cell death
GOBP_REGULATION_OF_EXIT_FROM_MITOSIS	GO:0007096	mitotic nuclear division
GOBP_REGULATION_OF_EXOCYTOSIS	GO:0017157	vesicle-mediated transport
GOBP_REGULATION_OF_EXOSOMAL_SECRETION	GO:1903541	vesicle-mediated transport
GOBP_REGULATION_OF_EXTENT_OF_CELL_GROWTH	GO:0061387	unmapped
GOBP_REGULATION_OF_EXTRACELLULAR_MATRIX_ASSEMBLY	GO:1901201	extracellular matrix organization
GOBP_REGULATION_OF_EXTRACELLULAR_MATRIX_CONSTITUENT_SECRETION	GO:0003330	extracellular matrix organization
GOBP_REGULATION_OF_EXTRACELLULAR_MATRIX_DISASSEMBLY	GO:0010715	extracellular matrix organization
GOBP_REGULATION_OF_EXTRACELLULAR_MATRIX_ORGANIZATION	GO:1903053	extracellular matrix organization
GOBP_REGULATION_OF_EXTRINSIC_APOPTOTIC_SIGNALING_PATHWAY	GO:2001236	programmed cell death
GOBP_REGULATION_OF_EXTRINSIC_APOPTOTIC_SIGNALING_PATHWAY_IN_ABSENCE_OF_LIGAND	GO:2001239	programmed cell death
GOBP_REGULATION_OF_EXTRINSIC_APOPTOTIC_SIGNALING_PATHWAY_VIA_DEATH_DOMAIN_RECEPTORS	GO:1902041	programmed cell death
GOBP_REGULATION_OF_FAS_SIGNALING_PATHWAY	GO:1902044	signaling
GOBP_REGULATION_OF_FATTY_ACID_BETA_OXIDATION	GO:0031998	lipid metabolic process
GOBP_REGULATION_OF_FATTY_ACID_BIOSYNTHETIC_PROCESS	GO:0042304	lipid metabolic process
GOBP_REGULATION_OF_FATTY_ACID_METABOLIC_PROCESS	GO:0019217	lipid metabolic process
GOBP_REGULATION_OF_FATTY_ACID_OXIDATION	GO:0046320	lipid metabolic process
GOBP_REGULATION_OF_FATTY_ACID_TRANSPORT	GO:2000191	unmapped
GOBP_REGULATION_OF_FAT_CELL_DIFFERENTIATION	GO:0045598	cell differentiation
GOBP_REGULATION_OF_FAT_CELL_PROLIFERATION	GO:0070344	unmapped
GOBP_REGULATION_OF_FC_RECEPTOR_MEDIATED_STIMULATORY_SIGNALING_PATHWAY	GO:0060368	signaling
GOBP_REGULATION_OF_FEAR_RESPONSE	GO:1903365	unmapped
GOBP_REGULATION_OF_FEEDING_BEHAVIOR	GO:0060259	unmapped
GOBP_REGULATION_OF_FEMALE_GONAD_DEVELOPMENT	GO:2000194	anatomical structure development
GOBP_REGULATION_OF_FERMENTATION	GO:0043465	generation of precursor metabolites and energy
GOBP_REGULATION_OF_FERTILIZATION	GO:0080154	reproductive process
GOBP_REGULATION_OF_FEVER_GENERATION	GO:0031620	inflammatory response
GOBP_REGULATION_OF_FIBRINOLYSIS	GO:0051917	wound healing
GOBP_REGULATION_OF_FIBROBLAST_APOPTOTIC_PROCESS	GO:2000269	programmed cell death
GOBP_REGULATION_OF_FIBROBLAST_GROWTH_FACTOR_RECEPTOR_SIGNALING_PATHWAY	GO:0040036	signaling
GOBP_REGULATION_OF_FIBROBLAST_MIGRATION	GO:0010762	cell motility
GOBP_REGULATION_OF_FIBROBLAST_PROLIFERATION	GO:0048145	unmapped
GOBP_REGULATION_OF_FILOPODIUM_ASSEMBLY	GO:0051489	unmapped
GOBP_REGULATION_OF_FLAGELLATED_SPERM_MOTILITY	GO:1901317	microtubule-based movement
GOBP_REGULATION_OF_FOCAL_ADHESION_DISASSEMBLY	GO:0120182	cell junction organization
GOBP_REGULATION_OF_G1_TO_G0_TRANSITION	GO:1903450	unmapped
GOBP_REGULATION_OF_G2_MI_TRANSITION_OF_MEIOTIC_CELL_CYCLE	GO:0110030	reproductive process
GOBP_REGULATION_OF_GAMMA_AMINOBUTYRIC_ACID_SECRETION	GO:0014052	unmapped
GOBP_REGULATION_OF_GAMMA_DELTA_T_CELL_ACTIVATION	GO:0046643	immune system process
GOBP_REGULATION_OF_GAMMA_DELTA_T_CELL_DIFFERENTIATION	GO:0045586	cell differentiation
GOBP_REGULATION_OF_GAP_JUNCTION_ASSEMBLY	GO:1903596	cell junction organization
GOBP_REGULATION_OF_GASTRIC_ACID_SECRETION	GO:0060453	digestive system process
GOBP_REGULATION_OF_GASTRULATION	GO:0010470	anatomical structure development
GOBP_REGULATION_OF_GENERATION_OF_PRECURSOR_METABOLITES_AND_ENERGY	GO:0043467	generation of precursor metabolites and energy
GOBP_REGULATION_OF_GENE_SILENCING_BY_REGULATORY_NCRNA	GO:0060966	regulatory ncRNA-mediated gene silencing
GOBP_REGULATION_OF_GERMINAL_CENTER_FORMATION	GO:0002634	anatomical structure development
GOBP_REGULATION_OF_GERM_CELL_PROLIFERATION	GO:1905936	reproductive process
GOBP_REGULATION_OF_GLIAL_CELL_APOPTOTIC_PROCESS	GO:0034350	programmed cell death
GOBP_REGULATION_OF_GLIAL_CELL_DIFFERENTIATION	GO:0045685	cell differentiation
GOBP_REGULATION_OF_GLIAL_CELL_MIGRATION	GO:1903975	cell differentiation
GOBP_REGULATION_OF_GLIAL_CELL_PROLIFERATION	GO:0060251	cell differentiation
GOBP_REGULATION_OF_GLIOGENESIS	GO:0014013	cell differentiation
GOBP_REGULATION_OF_GLOMERULAR_FILTRATION	GO:0003093	renal system process
GOBP_REGULATION_OF_GLOMERULUS_DEVELOPMENT	GO:0090192	anatomical structure development
GOBP_REGULATION_OF_GLUCAGON_SECRETION	GO:0070092	signaling
GOBP_REGULATION_OF_GLUCOCORTICOID_BIOSYNTHETIC_PROCESS	GO:0031946	lipid metabolic process
GOBP_REGULATION_OF_GLUCOCORTICOID_METABOLIC_PROCESS	GO:0031943	lipid metabolic process
GOBP_REGULATION_OF_GLUCONEOGENESIS	GO:0006111	carbohydrate metabolic process
GOBP_REGULATION_OF_GLUCOSE_METABOLIC_PROCESS	GO:0010906	carbohydrate metabolic process
GOBP_REGULATION_OF_GLUCOSYLCERAMIDE_CATABOLIC_PROCESS	GO:2000752	lipid metabolic process
GOBP_REGULATION_OF_GLUTAMATE_RECEPTOR_CLUSTERING	GO:0106104	cell junction organization
GOBP_REGULATION_OF_GLUTAMATE_RECEPTOR_SIGNALING_PATHWAY	GO:1900449	signaling
GOBP_REGULATION_OF_GLUTAMATE_SECRETION	GO:0014048	unmapped
GOBP_REGULATION_OF_GLUTAMATE_SECRETION_NEUROTRANSMISSION	GO:1903294	signaling
GOBP_REGULATION_OF_GLUTAMINE_FAMILY_AMINO_ACID_METABOLIC_PROCESS		unmapped
GOBP_REGULATION_OF_GLYCOGEN_BIOSYNTHETIC_PROCESS	GO:0005979	carbohydrate metabolic process
GOBP_REGULATION_OF_GLYCOGEN_CATABOLIC_PROCESS	GO:0005981	carbohydrate metabolic process
GOBP_REGULATION_OF_GLYCOGEN_METABOLIC_PROCESS	GO:0070873	carbohydrate metabolic process
GOBP_REGULATION_OF_GLYCOLYTIC_PROCESS	GO:0006110	nucleobase-containing small molecule metabolic process
GOBP_REGULATION_OF_GLYCOPROTEIN_METABOLIC_PROCESS	GO:1903018	carbohydrate derivative metabolic process
GOBP_REGULATION_OF_GOLGI_ORGANIZATION	GO:1903358	unmapped
GOBP_REGULATION_OF_GOLGI_TO_PLASMA_MEMBRANE_PROTEIN_TRANSPORT	GO:0042996	protein localization to plasma membrane
GOBP_REGULATION_OF_GONADOTROPIN_SECRETION	GO:0032276	signaling
GOBP_REGULATION_OF_GONAD_DEVELOPMENT	GO:1905939	anatomical structure development
GOBP_REGULATION_OF_GRANULOCYTE_CHEMOTAXIS	GO:0071622	cell motility
GOBP_REGULATION_OF_GRANULOCYTE_DIFFERENTIATION	GO:0030852	cell differentiation
GOBP_REGULATION_OF_GROWTH	GO:0040008	unmapped
GOBP_REGULATION_OF_GROWTH_HORMONE_RECEPTOR_SIGNALING_PATHWAY	GO:0060398	signaling
GOBP_REGULATION_OF_GROWTH_RATE	GO:0040009	unmapped
GOBP_REGULATION_OF_GTPASE_ACTIVITY	GO:0043087	unmapped
GOBP_REGULATION_OF_GUANYL_NUCLEOTIDE_EXCHANGE_FACTOR_ACTIVITY		unmapped
GOBP_REGULATION_OF_G_PROTEIN_COUPLED_RECEPTOR_INTERNALIZATION	GO:1904020	vesicle-mediated transport
GOBP_REGULATION_OF_G_PROTEIN_COUPLED_RECEPTOR_SIGNALING_PATHWAY	GO:0008277	signaling
GOBP_REGULATION_OF_HAIR_CYCLE	GO:0042634	unmapped
GOBP_REGULATION_OF_HAIR_FOLLICLE_DEVELOPMENT	GO:0051797	anatomical structure development
GOBP_REGULATION_OF_HEART_CONTRACTION	GO:0008016	circulatory system process
GOBP_REGULATION_OF_HEART_GROWTH	GO:0060420	anatomical structure development
GOBP_REGULATION_OF_HEART_MORPHOGENESIS	GO:2000826	anatomical structure development
GOBP_REGULATION_OF_HEART_RATE	GO:0002027	circulatory system process
GOBP_REGULATION_OF_HEART_RATE_BY_CARDIAC_CONDUCTION	GO:0086091	circulatory system process
GOBP_REGULATION_OF_HEART_RATE_BY_CHEMICAL_SIGNAL	GO:0003062	circulatory system process
GOBP_REGULATION_OF_HEAT_GENERATION	GO:0031650	unmapped
GOBP_REGULATION_OF_HEMATOPOIETIC_PROGENITOR_CELL_DIFFERENTIATION	GO:1901532	cell differentiation
GOBP_REGULATION_OF_HEMATOPOIETIC_STEM_CELL_DIFFERENTIATION	GO:1902036	cell differentiation
GOBP_REGULATION_OF_HEMATOPOIETIC_STEM_CELL_PROLIFERATION	GO:1902033	cell differentiation
GOBP_REGULATION_OF_HEMOGLOBIN_BIOSYNTHETIC_PROCESS	GO:0046984	unmapped
GOBP_REGULATION_OF_HEMOPOIESIS	GO:1903706	cell differentiation
GOBP_REGULATION_OF_HEPATIC_STELLATE_CELL_ACTIVATION	GO:2000489	unmapped
GOBP_REGULATION_OF_HEPATOCYTE_APOPTOTIC_PROCESS	GO:1903943	programmed cell death
GOBP_REGULATION_OF_HEPATOCYTE_PROLIFERATION	GO:2000345	unmapped
GOBP_REGULATION_OF_HETEROCHROMATIN_FORMATION	GO:0031445	chromatin organization
GOBP_REGULATION_OF_HETEROTYPIC_CELL_CELL_ADHESION	GO:0034114	cell adhesion
GOBP_REGULATION_OF_HIGH_DENSITY_LIPOPROTEIN_PARTICLE_CLEARANCE	GO:0010982	unmapped
GOBP_REGULATION_OF_HIPPOCAMPAL_NEURON_APOPTOTIC_PROCESS	GO:0110089	programmed cell death
GOBP_REGULATION_OF_HIPPO_SIGNALING	GO:0035330	signaling
GOBP_REGULATION_OF_HISTAMINE_SECRETION_BY_MAST_CELL	GO:1903593	inflammatory response
GOBP_REGULATION_OF_HOMOPHILIC_CELL_ADHESION	GO:1903385	cell adhesion
GOBP_REGULATION_OF_HOMOTYPIC_CELL_CELL_ADHESION	GO:0034110	cell adhesion
GOBP_REGULATION_OF_HORMONE_BIOSYNTHETIC_PROCESS	GO:0046885	unmapped
GOBP_REGULATION_OF_HORMONE_LEVELS	GO:0010817	unmapped
GOBP_REGULATION_OF_HORMONE_METABOLIC_PROCESS	GO:0032350	unmapped
GOBP_REGULATION_OF_HORMONE_SECRETION	GO:0046883	signaling
GOBP_REGULATION_OF_HUMORAL_IMMUNE_RESPONSE	GO:0002920	immune system process
GOBP_REGULATION_OF_HUMORAL_IMMUNE_RESPONSE_MEDIATED_BY_CIRCULATING_IMMUNOGLOBULIN	GO:0002923	immune system process
GOBP_REGULATION_OF_HYALURONAN_BIOSYNTHETIC_PROCESS	GO:1900125	carbohydrate metabolic process
GOBP_REGULATION_OF_HYDROGEN_PEROXIDE_BIOSYNTHETIC_PROCESS	GO:0010728	unmapped
GOBP_REGULATION_OF_HYDROGEN_PEROXIDE_MEDIATED_PROGRAMMED_CELL_DEATH	GO:1901298	programmed cell death
GOBP_REGULATION_OF_HYDROGEN_PEROXIDE_METABOLIC_PROCESS	GO:0010310	unmapped
GOBP_REGULATION_OF_HYDROLASE_ACTIVITY	GO:0051336	unmapped
GOBP_REGULATION_OF_HYPERSENSITIVITY	GO:0002883	inflammatory response
GOBP_REGULATION_OF_ICOSANOID_SECRETION	GO:0032303	unmapped
GOBP_REGULATION_OF_IMMUNE_EFFECTOR_PROCESS	GO:0002697	immune system process
GOBP_REGULATION_OF_IMMUNE_RESPONSE	GO:0050776	immune system process
GOBP_REGULATION_OF_IMMUNE_SYSTEM_PROCESS	GO:0002682	immune system process
GOBP_REGULATION_OF_IMMUNOGLOBULIN_PRODUCTION	GO:0002637	immune system process
GOBP_REGULATION_OF_INCLUSION_BODY_ASSEMBLY	GO:0090083	unmapped
GOBP_REGULATION_OF_INFLAMMASOME_MEDIATED_SIGNALING_PATHWAY	GO:0141085	defense response to other organism
GOBP_REGULATION_OF_INFLAMMATORY_RESPONSE	GO:0050727	inflammatory response
GOBP_REGULATION_OF_INFLAMMATORY_RESPONSE_TO_ANTIGENIC_STIMULUS	GO:0002861	inflammatory response
GOBP_REGULATION_OF_INFLAMMATORY_RESPONSE_TO_WOUNDING	GO:0106014	inflammatory response
GOBP_REGULATION_OF_INHIBITORY_SYNAPSE_ASSEMBLY	GO:1905702	cell junction organization
GOBP_REGULATION_OF_INNATE_IMMUNE_RESPONSE	GO:0045088	defense response to other organism
GOBP_REGULATION_OF_INNER_EAR_AUDITORY_RECEPTOR_CELL_DIFFERENTIATION	GO:0045607	cell differentiation
GOBP_REGULATION_OF_INOSITOL_PHOSPHATE_BIOSYNTHETIC_PROCESS	GO:0010919	carbohydrate metabolic process
GOBP_REGULATION_OF_INSULIN_LIKE_GROWTH_FACTOR_RECEPTOR_SIGNALING_PATHWAY	GO:0043567	signaling
GOBP_REGULATION_OF_INSULIN_RECEPTOR_SIGNALING_PATHWAY	GO:0046626	signaling
GOBP_REGULATION_OF_INSULIN_SECRETION	GO:0050796	signaling
GOBP_REGULATION_OF_INTEGRIN_ACTIVATION	GO:0033623	protein-containing complex assembly
GOBP_REGULATION_OF_INTEGRIN_MEDIATED_SIGNALING_PATHWAY	GO:2001044	signaling
GOBP_REGULATION_OF_INTERLEUKIN_1_MEDIATED_SIGNALING_PATHWAY	GO:2000659	signaling
GOBP_REGULATION_OF_INTERLEUKIN_4_MEDIATED_SIGNALING_PATHWAY	GO:1902214	signaling
GOBP_REGULATION_OF_INTERLEUKIN_6_MEDIATED_SIGNALING_PATHWAY	GO:0070103	signaling
GOBP_REGULATION_OF_INTESTINAL_ABSORPTION	GO:1904478	digestive system process
GOBP_REGULATION_OF_INTESTINAL_CHOLESTEROL_ABSORPTION	GO:0030300	digestive system process
GOBP_REGULATION_OF_INTESTINAL_LIPID_ABSORPTION	GO:1904729	digestive system process
GOBP_REGULATION_OF_INTRACELLULAR_ESTROGEN_RECEPTOR_SIGNALING_PATHWAY	GO:0033146	signaling
GOBP_REGULATION_OF_INTRACELLULAR_LIPID_TRANSPORT	GO:0032377	unmapped
GOBP_REGULATION_OF_INTRACELLULAR_MRNA_LOCALIZATION	GO:1904580	unmapped
GOBP_REGULATION_OF_INTRACELLULAR_PROTEIN_TRANSPORT	GO:0033157	intracellular protein transport
GOBP_REGULATION_OF_INTRACELLULAR_STEROID_HORMONE_RECEPTOR_SIGNALING_PATHWAY	GO:0033143	signaling
GOBP_REGULATION_OF_INTRACELLULAR_TRANSPORT	GO:0032386	unmapped
GOBP_REGULATION_OF_INTRINSIC_APOPTOTIC_SIGNALING_PATHWAY	GO:2001242	programmed cell death
GOBP_REGULATION_OF_INTRINSIC_APOPTOTIC_SIGNALING_PATHWAY_BY_P53_CLASS_MEDIATOR	GO:1902253	programmed cell death
GOBP_REGULATION_OF_INTRINSIC_APOPTOTIC_SIGNALING_PATHWAY_IN_RESPONSE_TO_DNA_DAMAGE	GO:1902229	programmed cell death
GOBP_REGULATION_OF_INTRINSIC_APOPTOTIC_SIGNALING_PATHWAY_IN_RESPONSE_TO_DNA_DAMAGE_BY_P53_CLASS_MEDIATOR	GO:1902165	programmed cell death
GOBP_REGULATION_OF_INTRINSIC_APOPTOTIC_SIGNALING_PATHWAY_IN_RESPONSE_TO_HYDROGEN_PEROXIDE	GO:1903750	programmed cell death
GOBP_REGULATION_OF_INTRINSIC_APOPTOTIC_SIGNALING_PATHWAY_IN_RESPONSE_TO_OSMOTIC_STRESS	GO:1902218	programmed cell death
GOBP_REGULATION_OF_IRE1_MEDIATED_UNFOLDED_PROTEIN_RESPONSE	GO:1903894	signaling
GOBP_REGULATION_OF_IRON_ION_TRANSMEMBRANE_TRANSPORT	GO:0034759	transmembrane transport
GOBP_REGULATION_OF_IRON_ION_TRANSPORT	GO:0034756	unmapped
GOBP_REGULATION_OF_ISOTYPE_SWITCHING	GO:0045191	DNA recombination
GOBP_REGULATION_OF_ISOTYPE_SWITCHING_TO_IGE_ISOTYPES	GO:0048293	DNA recombination
GOBP_REGULATION_OF_JNK_CASCADE	GO:0046328	signaling
GOBP_REGULATION_OF_JUN_KINASE_ACTIVITY	GO:0043506	unmapped
GOBP_REGULATION_OF_KERATINOCYTE_DIFFERENTIATION	GO:0045616	cell differentiation
GOBP_REGULATION_OF_KERATINOCYTE_MIGRATION	GO:0051547	cell motility
GOBP_REGULATION_OF_KERATINOCYTE_PROLIFERATION	GO:0010837	unmapped
GOBP_REGULATION_OF_KETONE_BIOSYNTHETIC_PROCESS	GO:0010566	unmapped
GOBP_REGULATION_OF_KETONE_METABOLIC_PROCESS	GO:0010565	unmapped
GOBP_REGULATION_OF_KIDNEY_DEVELOPMENT	GO:0090183	anatomical structure development
GOBP_REGULATION_OF_KIDNEY_SIZE	GO:0035564	anatomical structure development
GOBP_REGULATION_OF_KILLING_OF_CELLS_OF_ANOTHER_ORGANISM	GO:0051709	unmapped
GOBP_REGULATION_OF_KINASE_ACTIVITY	GO:0043549	unmapped
GOBP_REGULATION_OF_LAMELLIPODIUM_ASSEMBLY	GO:0010591	unmapped
GOBP_REGULATION_OF_LAMELLIPODIUM_MORPHOGENESIS	GO:2000392	anatomical structure development
GOBP_REGULATION_OF_LAMELLIPODIUM_ORGANIZATION	GO:1902743	unmapped
GOBP_REGULATION_OF_LENS_FIBER_CELL_DIFFERENTIATION	GO:1902746	cell differentiation
GOBP_REGULATION_OF_LEUKOCYTE_ADHESION_TO_ARTERIAL_ENDOTHELIAL_CELL	GO:1904997	cell adhesion
GOBP_REGULATION_OF_LEUKOCYTE_ADHESION_TO_VASCULAR_ENDOTHELIAL_CELL	GO:1904994	cell adhesion
GOBP_REGULATION_OF_LEUKOCYTE_APOPTOTIC_PROCESS	GO:2000106	programmed cell death
GOBP_REGULATION_OF_LEUKOCYTE_CHEMOTAXIS	GO:0002688	cell motility
GOBP_REGULATION_OF_LEUKOCYTE_DEGRANULATION	GO:0043300	vesicle-mediated transport
GOBP_REGULATION_OF_LEUKOCYTE_DIFFERENTIATION	GO:1902105	cell differentiation
GOBP_REGULATION_OF_LEUKOCYTE_MEDIATED_IMMUNITY	GO:0002703	immune system process
GOBP_REGULATION_OF_LEUKOCYTE_MIGRATION	GO:0002685	cell motility
GOBP_REGULATION_OF_LEUKOCYTE_PROLIFERATION	GO:0070663	unmapped
GOBP_REGULATION_OF_LEUKOCYTE_TETHERING_OR_ROLLING	GO:1903236	cell adhesion
GOBP_REGULATION_OF_LIPID_BIOSYNTHETIC_PROCESS	GO:0046890	lipid metabolic process
GOBP_REGULATION_OF_LIPID_CATABOLIC_PROCESS	GO:0050994	lipid metabolic process
GOBP_REGULATION_OF_LIPID_LOCALIZATION	GO:1905952	unmapped
GOBP_REGULATION_OF_LIPID_METABOLIC_PROCESS	GO:0019216	lipid metabolic process
GOBP_REGULATION_OF_LIPID_STORAGE	GO:0010883	unmapped
GOBP_REGULATION_OF_LIPID_TRANSPORT	GO:0032368	unmapped
GOBP_REGULATION_OF_LIPOPHAGY	GO:1904502	autophagy
GOBP_REGULATION_OF_LIPOPOLYSACCHARIDE_MEDIATED_SIGNALING_PATHWAY	GO:0031664	signaling
GOBP_REGULATION_OF_LIPOPROTEIN_METABOLIC_PROCESS	GO:0050746	unmapped
GOBP_REGULATION_OF_LIPOPROTEIN_PARTICLE_CLEARANCE	GO:0010984	unmapped
GOBP_REGULATION_OF_LIPOPROTEIN_TRANSPORT	GO:0140075	unmapped
GOBP_REGULATION_OF_LOCOMOTION	GO:0040012	unmapped
GOBP_REGULATION_OF_LOCOMOTION_INVOLVED_IN_LOCOMOTORY_BEHAVIOR	GO:0090325	unmapped
GOBP_REGULATION_OF_LONG_CHAIN_FATTY_ACID_IMPORT_ACROSS_PLASMA_MEMBRANE	GO:0010746	transmembrane transport
GOBP_REGULATION_OF_LONG_CHAIN_FATTY_ACID_IMPORT_INTO_CELL	GO:0140212	unmapped
GOBP_REGULATION_OF_LONG_TERM_NEURONAL_SYNAPTIC_PLASTICITY	GO:0048169	signaling
GOBP_REGULATION_OF_LONG_TERM_SYNAPTIC_DEPRESSION	GO:1900452	signaling
GOBP_REGULATION_OF_LONG_TERM_SYNAPTIC_POTENTIATION	GO:1900271	signaling
GOBP_REGULATION_OF_LOW_DENSITY_LIPOPROTEIN_PARTICLE_CLEARANCE	GO:0010988	unmapped
GOBP_REGULATION_OF_LUNG_BLOOD_PRESSURE	GO:0014916	circulatory system process
GOBP_REGULATION_OF_LUTEINIZING_HORMONE_SECRETION	GO:0033684	signaling
GOBP_REGULATION_OF_LYMPHANGIOGENESIS	GO:1901490	anatomical structure development
GOBP_REGULATION_OF_LYMPHOCYTE_ACTIVATION	GO:0051249	immune system process
GOBP_REGULATION_OF_LYMPHOCYTE_APOPTOTIC_PROCESS	GO:0070228	programmed cell death
GOBP_REGULATION_OF_LYMPHOCYTE_CHEMOTAXIS	GO:1901623	cell motility
GOBP_REGULATION_OF_LYMPHOCYTE_DIFFERENTIATION	GO:0045619	cell differentiation
GOBP_REGULATION_OF_LYMPHOCYTE_MEDIATED_IMMUNITY	GO:0002706	immune system process
GOBP_REGULATION_OF_LYMPHOCYTE_MIGRATION	GO:2000401	cell motility
GOBP_REGULATION_OF_LYMPHOID_PROGENITOR_CELL_DIFFERENTIATION	GO:1905456	cell differentiation
GOBP_REGULATION_OF_LYSOSOMAL_LUMEN_PH		unmapped
GOBP_REGULATION_OF_LYSOSOME_ORGANIZATION	GO:1905671	lysosome organization
GOBP_REGULATION_OF_LYSOSOME_SIZE	GO:0062196	unmapped
GOBP_REGULATION_OF_L_GLUTAMATE_IMPORT_ACROSS_PLASMA_MEMBRANE	GO:0002036	transmembrane transport
GOBP_REGULATION_OF_MACROAUTOPHAGY	GO:0016241	autophagy
GOBP_REGULATION_OF_MACROPHAGE_ACTIVATION	GO:0043030	immune system process
GOBP_REGULATION_OF_MACROPHAGE_APOPTOTIC_PROCESS	GO:2000109	programmed cell death
GOBP_REGULATION_OF_MACROPHAGE_CHEMOTAXIS	GO:0010758	cell motility
GOBP_REGULATION_OF_MACROPHAGE_DIFFERENTIATION	GO:0045649	cell differentiation
GOBP_REGULATION_OF_MACROPHAGE_FUSION	GO:0034239	unmapped
GOBP_REGULATION_OF_MACROPHAGE_MIGRATION	GO:1905521	cell motility
GOBP_REGULATION_OF_MACROPHAGE_PROLIFERATION	GO:0120040	unmapped
GOBP_REGULATION_OF_MAINTENANCE_OF_SISTER_CHROMATID_COHESION	GO:0034091	unmapped
GOBP_REGULATION_OF_MALE_GONAD_DEVELOPMENT	GO:2000018	anatomical structure development
GOBP_REGULATION_OF_MAMMARY_GLAND_EPITHELIAL_CELL_PROLIFERATION	GO:0033599	anatomical structure development
GOBP_REGULATION_OF_MAP_KINASE_ACTIVITY	GO:0043405	unmapped
GOBP_REGULATION_OF_MAST_CELL_ACTIVATION	GO:0033003	immune system process
GOBP_REGULATION_OF_MAST_CELL_ACTIVATION_INVOLVED_IN_IMMUNE_RESPONSE		unmapped
GOBP_REGULATION_OF_MAST_CELL_APOPTOTIC_PROCESS	GO:0033025	programmed cell death
GOBP_REGULATION_OF_MAST_CELL_CHEMOTAXIS	GO:0060753	cell motility
GOBP_REGULATION_OF_MAST_CELL_DEGRANULATION	GO:0043304	vesicle-mediated transport
GOBP_REGULATION_OF_MATRIX_METALLOPEPTIDASE_SECRETION	GO:1904464	unmapped
GOBP_REGULATION_OF_MDA_5_SIGNALING_PATHWAY	GO:0039533	defense response to other organism
GOBP_REGULATION_OF_MEGAKARYOCYTE_DIFFERENTIATION	GO:0045652	cell differentiation
GOBP_REGULATION_OF_MEIOSIS_I	GO:0060631	meiotic nuclear division
GOBP_REGULATION_OF_MEIOTIC_CELL_CYCLE	GO:0051445	reproductive process
GOBP_REGULATION_OF_MEIOTIC_CELL_CYCLE_PHASE_TRANSITION	GO:1901993	reproductive process
GOBP_REGULATION_OF_MEIOTIC_NUCLEAR_DIVISION	GO:0040020	meiotic nuclear division
GOBP_REGULATION_OF_MELANOCYTE_DIFFERENTIATION	GO:0045634	cell differentiation
GOBP_REGULATION_OF_MEMBRANE_DEPOLARIZATION	GO:0003254	unmapped
GOBP_REGULATION_OF_MEMBRANE_DEPOLARIZATION_DURING_ACTION_POTENTIAL	GO:0098902	unmapped
GOBP_REGULATION_OF_MEMBRANE_DEPOLARIZATION_DURING_CARDIAC_MUSCLE_CELL_ACTION_POTENTIAL	GO:1900825	unmapped
GOBP_REGULATION_OF_MEMBRANE_HYPERPOLARIZATION	GO:1902630	unmapped
GOBP_REGULATION_OF_MEMBRANE_INVAGINATION	GO:1905153	membrane organization
GOBP_REGULATION_OF_MEMBRANE_LIPID_DISTRIBUTION	GO:0097035	membrane organization
GOBP_REGULATION_OF_MEMBRANE_LIPID_METABOLIC_PROCESS		unmapped
GOBP_REGULATION_OF_MEMBRANE_PERMEABILITY	GO:0090559	unmapped
GOBP_REGULATION_OF_MEMBRANE_POTENTIAL	GO:0042391	unmapped
GOBP_REGULATION_OF_MEMBRANE_PROTEIN_ECTODOMAIN_PROTEOLYSIS	GO:0051043	protein catabolic process
GOBP_REGULATION_OF_MEMBRANE_REPOLARIZATION	GO:0060306	unmapped
GOBP_REGULATION_OF_MEMBRANE_REPOLARIZATION_DURING_ACTION_POTENTIAL	GO:0098903	unmapped
GOBP_REGULATION_OF_MEMBRANE_REPOLARIZATION_DURING_CARDIAC_MUSCLE_CELL_ACTION_POTENTIAL	GO:1905031	unmapped
GOBP_REGULATION_OF_MEMBRANE_REPOLARIZATION_DURING_VENTRICULAR_CARDIAC_MUSCLE_CELL_ACTION_POTENTIAL	GO:1905024	muscle system process
GOBP_REGULATION_OF_MEMBRANE_TUBULATION	GO:1903525	membrane organization
GOBP_REGULATION_OF_MESENCHYMAL_CELL_PROLIFERATION	GO:0010464	unmapped
GOBP_REGULATION_OF_MESENCHYMAL_STEM_CELL_DIFFERENTIATION	GO:2000739	cell differentiation
GOBP_REGULATION_OF_MESENCHYMAL_STEM_CELL_PROLIFERATION	GO:1902460	unmapped
GOBP_REGULATION_OF_MESENCHYMAL_TO_EPITHELIAL_TRANSITION_INVOLVED_IN_METANEPHROS_MORPHOGENESIS	GO:0003339	cell differentiation
GOBP_REGULATION_OF_MESODERMAL_CELL_DIFFERENTIATION	GO:1905770	cell differentiation
GOBP_REGULATION_OF_MESODERMAL_CELL_FATE_SPECIFICATION	GO:0042661	cell differentiation
GOBP_REGULATION_OF_MESODERM_DEVELOPMENT	GO:2000380	anatomical structure development
GOBP_REGULATION_OF_MESONEPHROS_DEVELOPMENT	GO:0061217	anatomical structure development
GOBP_REGULATION_OF_METALLOPEPTIDASE_ACTIVITY	GO:1905048	unmapped
GOBP_REGULATION_OF_METANEPHROS_DEVELOPMENT	GO:0072215	anatomical structure development
GOBP_REGULATION_OF_METAPHASE_PLATE_CONGRESSION	GO:0090235	chromosome segregation
GOBP_REGULATION_OF_MICROGLIAL_CELL_ACTIVATION	GO:1903978	inflammatory response
GOBP_REGULATION_OF_MICROTUBULE_BASED_MOVEMENT	GO:0060632	microtubule-based movement
GOBP_REGULATION_OF_MICROTUBULE_BASED_PROCESS	GO:0032886	unmapped
GOBP_REGULATION_OF_MICROTUBULE_CYTOSKELETON_ORGANIZATION	GO:0070507	cytoskeleton organization
GOBP_REGULATION_OF_MICROTUBULE_DEPOLYMERIZATION	GO:0031114	cytoskeleton organization
GOBP_REGULATION_OF_MICROTUBULE_NUCLEATION	GO:0010968	cytoskeleton organization
GOBP_REGULATION_OF_MICROTUBULE_POLYMERIZATION	GO:0031113	cytoskeleton organization
GOBP_REGULATION_OF_MICROTUBULE_POLYMERIZATION_OR_DEPOLYMERIZATION	GO:0031110	cytoskeleton organization
GOBP_REGULATION_OF_MICROVILLUS_ASSEMBLY	GO:0032534	unmapped
GOBP_REGULATION_OF_MICROVILLUS_LENGTH	GO:0032532	unmapped
GOBP_REGULATION_OF_MICROVILLUS_ORGANIZATION	GO:0032530	unmapped
GOBP_REGULATION_OF_MIRNA_CATABOLIC_PROCESS	GO:2000625	unmapped
GOBP_REGULATION_OF_MIRNA_METABOLIC_PROCESS	GO:2000628	unmapped
GOBP_REGULATION_OF_MITOCHONDRIAL_ATP_SYNTHESIS_COUPLED_ELECTRON_TRANSPORT	GO:1905446	generation of precursor metabolites and energy
GOBP_REGULATION_OF_MITOCHONDRIAL_DEPOLARIZATION	GO:0051900	unmapped
GOBP_REGULATION_OF_MITOCHONDRIAL_DNA_METABOLIC_PROCESS	GO:1901858	unmapped
GOBP_REGULATION_OF_MITOCHONDRIAL_ELECTRON_TRANSPORT_NADH_TO_UBIQUINONE	GO:1902956	generation of precursor metabolites and energy
GOBP_REGULATION_OF_MITOCHONDRIAL_FISSION	GO:0090140	mitochondrion organization
GOBP_REGULATION_OF_MITOCHONDRIAL_FUSION	GO:0010635	mitochondrion organization
GOBP_REGULATION_OF_MITOCHONDRIAL_GENE_EXPRESSION	GO:0062125	mitochondrial gene expression
GOBP_REGULATION_OF_MITOCHONDRIAL_MEMBRANE_PERMEABILITY	GO:0046902	unmapped
GOBP_REGULATION_OF_MITOCHONDRIAL_MEMBRANE_PERMEABILITY_INVOLVED_IN_APOPTOTIC_PROCESS	GO:1902108	mitochondrion organization
GOBP_REGULATION_OF_MITOCHONDRIAL_MEMBRANE_POTENTIAL	GO:0051881	unmapped
GOBP_REGULATION_OF_MITOCHONDRIAL_MRNA_STABILITY	GO:0044528	mRNA metabolic process
GOBP_REGULATION_OF_MITOCHONDRIAL_OUTER_MEMBRANE_PERMEABILIZATION_INVOLVED_IN_APOPTOTIC_SIGNALING_PATHWAY	GO:1901028	mitochondrion organization
GOBP_REGULATION_OF_MITOCHONDRIAL_RNA_CATABOLIC_PROCESS	GO:0000960	unmapped
GOBP_REGULATION_OF_MITOCHONDRIAL_TRANSCRIPTION	GO:1903108	regulation of DNA-templated transcription
GOBP_REGULATION_OF_MITOCHONDRIAL_TRANSLATION	GO:0070129	mitochondrial gene expression
GOBP_REGULATION_OF_MITOCHONDRION_ORGANIZATION	GO:0010821	mitochondrion organization
GOBP_REGULATION_OF_MITOTIC_CELL_CYCLE	GO:0007346	mitotic cell cycle
GOBP_REGULATION_OF_MITOTIC_CELL_CYCLE_PHASE_TRANSITION	GO:1901990	mitotic cell cycle
GOBP_REGULATION_OF_MITOTIC_CENTROSOME_SEPARATION	GO:0046602	mitotic nuclear division
GOBP_REGULATION_OF_MITOTIC_CYTOKINESIS	GO:1902412	mitotic cell cycle
GOBP_REGULATION_OF_MITOTIC_NUCLEAR_DIVISION	GO:0007088	mitotic nuclear division
GOBP_REGULATION_OF_MITOTIC_RECOMBINATION	GO:0000019	DNA recombination
GOBP_REGULATION_OF_MITOTIC_SISTER_CHROMATID_SEGREGATION	GO:0033047	mitotic nuclear division
GOBP_REGULATION_OF_MITOTIC_SPINDLE_ASSEMBLY	GO:1901673	mitotic nuclear division
GOBP_REGULATION_OF_MODIFICATION_OF_POSTSYNAPTIC_ACTIN_CYTOSKELETON	GO:1905274	cell junction organization
GOBP_REGULATION_OF_MODIFICATION_OF_POSTSYNAPTIC_STRUCTURE	GO:0099159	cell junction organization
GOBP_REGULATION_OF_MODIFICATION_OF_SYNAPTIC_STRUCTURE	GO:1905244	cell junction organization
GOBP_REGULATION_OF_MOLECULAR_FUNCTION	GO:0065009	unmapped
GOBP_REGULATION_OF_MONOATOMIC_ANION_TRANSPORT	GO:0044070	unmapped
GOBP_REGULATION_OF_MONOATOMIC_ION_TRANSMEMBRANE_TRANSPORT	GO:0034765	transmembrane transport
GOBP_REGULATION_OF_MONOATOMIC_ION_TRANSPORT	GO:0043269	unmapped
GOBP_REGULATION_OF_MONOCYTE_CHEMOTAXIS	GO:0090025	cell motility
GOBP_REGULATION_OF_MONOCYTE_DIFFERENTIATION	GO:0045655	cell differentiation
GOBP_REGULATION_OF_MONOCYTE_EXTRAVASATION	GO:2000437	cell motility
GOBP_REGULATION_OF_MONONUCLEAR_CELL_MIGRATION	GO:0071675	cell motility
GOBP_REGULATION_OF_MORPHOGENESIS_OF_AN_EPITHELIUM	GO:1905330	anatomical structure development
GOBP_REGULATION_OF_MORPHOGENESIS_OF_A_BRANCHING_STRUCTURE	GO:0060688	anatomical structure development
GOBP_REGULATION_OF_MOTOR_NEURON_APOPTOTIC_PROCESS	GO:2000671	programmed cell death
GOBP_REGULATION_OF_MRNA_3_END_PROCESSING	GO:0031440	mRNA metabolic process
GOBP_REGULATION_OF_MRNA_CATABOLIC_PROCESS	GO:0061013	mRNA metabolic process
GOBP_REGULATION_OF_MRNA_EXPORT_FROM_NUCLEUS	GO:0010793	nucleocytoplasmic transport
GOBP_REGULATION_OF_MRNA_METABOLIC_PROCESS	GO:1903311	mRNA metabolic process
GOBP_REGULATION_OF_MRNA_PROCESSING	GO:0050684	mRNA metabolic process
GOBP_REGULATION_OF_MRNA_SPLICING_VIA_SPLICEOSOME	GO:0048024	mRNA metabolic process
GOBP_REGULATION_OF_MUCUS_SECRETION	GO:0070255	unmapped
GOBP_REGULATION_OF_MULTICELLULAR_ORGANISMAL_DEVELOPMENT	GO:2000026	anatomical structure development
GOBP_REGULATION_OF_MULTICELLULAR_ORGANISM_GROWTH	GO:0040014	unmapped
GOBP_REGULATION_OF_MUSCLE_ADAPTATION	GO:0043502	muscle system process
GOBP_REGULATION_OF_MUSCLE_CELL_DIFFERENTIATION	GO:0051147	cell differentiation
GOBP_REGULATION_OF_MUSCLE_CONTRACTION	GO:0006937	muscle system process
GOBP_REGULATION_OF_MUSCLE_HYPERTROPHY	GO:0014743	muscle system process
GOBP_REGULATION_OF_MUSCLE_ORGAN_DEVELOPMENT	GO:0048634	anatomical structure development
GOBP_REGULATION_OF_MUSCLE_SYSTEM_PROCESS	GO:0090257	muscle system process
GOBP_REGULATION_OF_MYD88_DEPENDENT_TOLL_LIKE_RECEPTOR_SIGNALING_PATHWAY	GO:0034124	defense response to other organism
GOBP_REGULATION_OF_MYELINATION	GO:0031641	anatomical structure development
GOBP_REGULATION_OF_MYELOID_CELL_APOPTOTIC_PROCESS	GO:0033032	programmed cell death
GOBP_REGULATION_OF_MYELOID_CELL_DIFFERENTIATION	GO:0045637	cell differentiation
GOBP_REGULATION_OF_MYELOID_DENDRITIC_CELL_ACTIVATION	GO:0030885	immune system process
GOBP_REGULATION_OF_MYELOID_LEUKOCYTE_DIFFERENTIATION	GO:0002761	cell differentiation
GOBP_REGULATION_OF_MYELOID_LEUKOCYTE_MEDIATED_IMMUNITY	GO:0002886	immune system process
GOBP_REGULATION_OF_MYOBLAST_DIFFERENTIATION	GO:0045661	cell differentiation
GOBP_REGULATION_OF_MYOBLAST_FUSION	GO:1901739	cell differentiation
GOBP_REGULATION_OF_MYOBLAST_PROLIFERATION	GO:2000291	unmapped
GOBP_REGULATION_OF_MYOFIBROBLAST_DIFFERENTIATION	GO:1904760	cell differentiation
GOBP_REGULATION_OF_MYOTUBE_DIFFERENTIATION	GO:0010830	cell differentiation
GOBP_REGULATION_OF_NADP_METABOLIC_PROCESS	GO:1902031	nucleobase-containing small molecule metabolic process
GOBP_REGULATION_OF_NATURAL_KILLER_CELL_ACTIVATION	GO:0032814	immune system process
GOBP_REGULATION_OF_NATURAL_KILLER_CELL_CHEMOTAXIS	GO:2000501	cell motility
GOBP_REGULATION_OF_NATURAL_KILLER_CELL_DEGRANULATION	GO:0043321	defense response to other organism
GOBP_REGULATION_OF_NATURAL_KILLER_CELL_DIFFERENTIATION	GO:0032823	cell differentiation
GOBP_REGULATION_OF_NATURAL_KILLER_CELL_MEDIATED_IMMUNE_RESPONSE_TO_TUMOR_CELL	GO:0002855	defense response to other organism
GOBP_REGULATION_OF_NATURAL_KILLER_CELL_MEDIATED_IMMUNITY	GO:0002715	defense response to other organism
GOBP_REGULATION_OF_NATURAL_KILLER_CELL_PROLIFERATION	GO:0032817	immune system process
GOBP_REGULATION_OF_NERVOUS_SYSTEM_DEVELOPMENT	GO:0051960	anatomical structure development
GOBP_REGULATION_OF_NERVOUS_SYSTEM_PROCESS	GO:0031644	nervous system process
GOBP_REGULATION_OF_NEURAL_PRECURSOR_CELL_PROLIFERATION	GO:2000177	unmapped
GOBP_REGULATION_OF_NEUROBLAST_PROLIFERATION	GO:1902692	cell differentiation
GOBP_REGULATION_OF_NEUROFIBRILLARY_TANGLE_ASSEMBLY	GO:1902996	unmapped
GOBP_REGULATION_OF_NEUROGENESIS	GO:0050767	cell differentiation
GOBP_REGULATION_OF_NEUROINFLAMMATORY_RESPONSE	GO:0150077	inflammatory response
GOBP_REGULATION_OF_NEUROMUSCULAR_JUNCTION_DEVELOPMENT	GO:1904396	cell junction organization
GOBP_REGULATION_OF_NEURONAL_ACTION_POTENTIAL	GO:0098908	nervous system process
GOBP_REGULATION_OF_NEURONAL_SYNAPTIC_PLASTICITY	GO:0048168	signaling
GOBP_REGULATION_OF_NEURON_APOPTOTIC_PROCESS	GO:0043523	programmed cell death
GOBP_REGULATION_OF_NEURON_DIFFERENTIATION	GO:0045664	cell differentiation
GOBP_REGULATION_OF_NEURON_MATURATION	GO:0014041	cell differentiation
GOBP_REGULATION_OF_NEURON_MIGRATION	GO:2001222	cell differentiation
GOBP_REGULATION_OF_NEURON_PROJECTION_ARBORIZATION	GO:0150011	cell differentiation
GOBP_REGULATION_OF_NEURON_PROJECTION_DEVELOPMENT	GO:0010975	cell differentiation
GOBP_REGULATION_OF_NEURON_PROJECTION_REGENERATION	GO:0070570	cell differentiation
GOBP_REGULATION_OF_NEUROTRANSMITTER_RECEPTOR_ACTIVITY	GO:0099601	signaling
GOBP_REGULATION_OF_NEUROTRANSMITTER_RECEPTOR_LOCALIZATION_TO_POSTSYNAPTIC_SPECIALIZATION_MEMBRANE	GO:0098696	unmapped
GOBP_REGULATION_OF_NEUROTRANSMITTER_SECRETION	GO:0046928	signaling
GOBP_REGULATION_OF_NEUROTRANSMITTER_TRANSPORT	GO:0051588	unmapped
GOBP_REGULATION_OF_NEUROTRANSMITTER_UPTAKE	GO:0051580	unmapped
GOBP_REGULATION_OF_NEUROTROPHIN_TRK_RECEPTOR_SIGNALING_PATHWAY	GO:0051386	signaling
GOBP_REGULATION_OF_NEUTROPHIL_ACTIVATION	GO:1902563	immune system process
GOBP_REGULATION_OF_NEUTROPHIL_CHEMOTAXIS	GO:0090022	cell motility
GOBP_REGULATION_OF_NEUTROPHIL_DEGRANULATION	GO:0043313	vesicle-mediated transport
GOBP_REGULATION_OF_NEUTROPHIL_EXTRAVASATION	GO:2000389	cell motility
GOBP_REGULATION_OF_NEUTROPHIL_MEDIATED_CYTOTOXICITY	GO:0070948	immune system process
GOBP_REGULATION_OF_NEUTROPHIL_MIGRATION	GO:1902622	cell motility
GOBP_REGULATION_OF_NITRIC_OXIDE_MEDIATED_SIGNAL_TRANSDUCTION		unmapped
GOBP_REGULATION_OF_NITRIC_OXIDE_METABOLIC_PROCESS	GO:0080164	unmapped
GOBP_REGULATION_OF_NITRIC_OXIDE_SYNTHASE_ACTIVITY	GO:0050999	unmapped
GOBP_REGULATION_OF_NK_T_CELL_ACTIVATION	GO:0051133	immune system process
GOBP_REGULATION_OF_NK_T_CELL_DIFFERENTIATION	GO:0051136	cell differentiation
GOBP_REGULATION_OF_NK_T_CELL_PROLIFERATION	GO:0051140	immune system process
GOBP_REGULATION_OF_NODAL_SIGNALING_PATHWAY	GO:1900107	signaling
GOBP_REGULATION_OF_NON_CANONICAL_NF_KAPPAB_SIGNAL_TRANSDUCTION	GO:1901222	signaling
GOBP_REGULATION_OF_NON_CANONICAL_WNT_SIGNALING_PATHWAY	GO:2000050	signaling
GOBP_REGULATION_OF_NON_MOTILE_CILIUM_ASSEMBLY	GO:1902855	cilium organization
GOBP_REGULATION_OF_NOTCH_SIGNALING_PATHWAY	GO:0008593	signaling
GOBP_REGULATION_OF_NUCLEAR_CELL_CYCLE_DNA_REPLICATION	GO:0033262	DNA replication
GOBP_REGULATION_OF_NUCLEAR_DIVISION	GO:0051783	unmapped
GOBP_REGULATION_OF_NUCLEAR_RECEPTOR_MEDIATED_GLUCOCORTICOID_SIGNALING_PATHWAY	GO:2000322	signaling
GOBP_REGULATION_OF_NUCLEAR_TRANSCRIBED_MRNA_CATABOLIC_PROCESS_DEADENYLATION_DEPENDENT_DECAY	GO:1900151	mRNA metabolic process
GOBP_REGULATION_OF_NUCLEAR_TRANSCRIBED_MRNA_CATABOLIC_PROCESS_NONSENSE_MEDIATED_DECAY	GO:2000622	mRNA metabolic process
GOBP_REGULATION_OF_NUCLEAR_TRANSCRIBED_MRNA_POLY_A_TAIL_SHORTENING	GO:0060211	mRNA metabolic process
GOBP_REGULATION_OF_NUCLEOBASE_CONTAINING_COMPOUND_TRANSPORT	GO:0032239	unmapped
GOBP_REGULATION_OF_NUCLEOCYTOPLASMIC_TRANSPORT	GO:0046822	nucleocytoplasmic transport
GOBP_REGULATION_OF_NUCLEOTIDE_BINDING_DOMAIN_LEUCINE_RICH_REPEAT_CONTAINING_RECEPTOR_SIGNALING_PATHWAY	GO:0070424	defense response to other organism
GOBP_REGULATION_OF_NUCLEOTIDE_BINDING_OLIGOMERIZATION_DOMAIN_CONTAINING_2_SIGNALING_PATHWAY	GO:0070432	defense response to other organism
GOBP_REGULATION_OF_NUCLEOTIDE_BIOSYNTHETIC_PROCESS	GO:0030808	nucleobase-containing small molecule metabolic process
GOBP_REGULATION_OF_NUCLEOTIDE_EXCISION_REPAIR	GO:2000819	DNA repair
GOBP_REGULATION_OF_NUCLEOTIDE_METABOLIC_PROCESS	GO:0006140	nucleobase-containing small molecule metabolic process
GOBP_REGULATION_OF_ODONTOBLAST_DIFFERENTIATION	GO:1901329	cell differentiation
GOBP_REGULATION_OF_ODONTOGENESIS	GO:0042481	anatomical structure development
GOBP_REGULATION_OF_ODONTOGENESIS_OF_DENTIN_CONTAINING_TOOTH	GO:0042487	anatomical structure development
GOBP_REGULATION_OF_OLIGODENDROCYTE_DIFFERENTIATION	GO:0048713	cell differentiation
GOBP_REGULATION_OF_OOCYTE_MATURATION	GO:1900193	cell differentiation
GOBP_REGULATION_OF_OPSIN_MEDIATED_SIGNALING_PATHWAY	GO:0022400	signaling
GOBP_REGULATION_OF_OPSONIZATION	GO:1903027	vesicle-mediated transport
GOBP_REGULATION_OF_ORGANELLE_ASSEMBLY	GO:1902115	unmapped
GOBP_REGULATION_OF_ORGANELLE_ORGANIZATION	GO:0033043	unmapped
GOBP_REGULATION_OF_ORGANELLE_TRANSPORT_ALONG_MICROTUBULE	GO:1902513	microtubule-based movement
GOBP_REGULATION_OF_ORGANIC_ACID_TRANSPORT	GO:0032890	unmapped
GOBP_REGULATION_OF_ORGAN_GROWTH	GO:0046620	unmapped
GOBP_REGULATION_OF_OSSIFICATION	GO:0030278	unmapped
GOBP_REGULATION_OF_OSTEOBLAST_DIFFERENTIATION	GO:0045667	cell differentiation
GOBP_REGULATION_OF_OSTEOBLAST_PROLIFERATION	GO:0033688	unmapped
GOBP_REGULATION_OF_OSTEOCLAST_DEVELOPMENT	GO:2001204	cell differentiation
GOBP_REGULATION_OF_OSTEOCLAST_DIFFERENTIATION	GO:0045670	cell differentiation
GOBP_REGULATION_OF_OSTEOCLAST_PROLIFERATION	GO:0090289	unmapped
GOBP_REGULATION_OF_OVARIAN_FOLLICLE_DEVELOPMENT	GO:2000354	anatomical structure development
GOBP_REGULATION_OF_OXIDATIVE_PHOSPHORYLATION	GO:0002082	generation of precursor metabolites and energy
GOBP_REGULATION_OF_OXIDATIVE_STRESS_INDUCED_INTRINSIC_APOPTOTIC_SIGNALING_PATHWAY	GO:1902175	programmed cell death
GOBP_REGULATION_OF_OXIDOREDUCTASE_ACTIVITY	GO:0051341	unmapped
GOBP_REGULATION_OF_P38MAPK_CASCADE	GO:1900744	signaling
GOBP_REGULATION_OF_PANCREATIC_JUICE_SECRETION	GO:0090186	digestive system process
GOBP_REGULATION_OF_PATTERN_RECOGNITION_RECEPTOR_SIGNALING_PATHWAY	GO:0062207	defense response to other organism
GOBP_REGULATION_OF_PENTOSE_PHOSPHATE_SHUNT	GO:0043456	nucleobase-containing small molecule metabolic process
GOBP_REGULATION_OF_PEPTIDASE_ACTIVITY	GO:0052547	unmapped
GOBP_REGULATION_OF_PEPTIDE_TRANSPORT	GO:0090087	unmapped
GOBP_REGULATION_OF_PEPTIDYL_SERINE_PHOSPHORYLATION	GO:0033135	unmapped
GOBP_REGULATION_OF_PEPTIDYL_THREONINE_PHOSPHORYLATION	GO:0010799	unmapped
GOBP_REGULATION_OF_PEPTIDYL_TYROSINE_PHOSPHORYLATION	GO:0050730	unmapped
GOBP_REGULATION_OF_PERK_MEDIATED_UNFOLDED_PROTEIN_RESPONSE	GO:1903897	signaling
GOBP_REGULATION_OF_PEROXISOME_PROLIFERATOR_ACTIVATED_RECEPTOR_SIGNALING_PATHWAY	GO:0035358	signaling
GOBP_REGULATION_OF_PH	GO:0006885	unmapped
GOBP_REGULATION_OF_PHAGOCYTOSIS	GO:0050764	vesicle-mediated transport
GOBP_REGULATION_OF_PHENOTYPIC_SWITCHING	GO:1900239	unmapped
GOBP_REGULATION_OF_PHOSPHATASE_ACTIVITY	GO:0010921	unmapped
GOBP_REGULATION_OF_PHOSPHATE_TRANSPORT	GO:0010966	unmapped
GOBP_REGULATION_OF_PHOSPHATIDYLCHOLINE_BIOSYNTHETIC_PROCESS	GO:2001245	lipid metabolic process
GOBP_REGULATION_OF_PHOSPHATIDYLCHOLINE_METABOLIC_PROCESS	GO:0150172	lipid metabolic process
GOBP_REGULATION_OF_PHOSPHATIDYLINOSITOL_BIOSYNTHETIC_PROCESS	GO:0010511	lipid metabolic process
GOBP_REGULATION_OF_PHOSPHATIDYLINOSITOL_DEPHOSPHORYLATION	GO:0060304	lipid metabolic process
GOBP_REGULATION_OF_PHOSPHOLIPASE_C_ACTIVATING_G_PROTEIN_COUPLED_RECEPTOR_SIGNALING_PATHWAY	GO:1900736	signaling
GOBP_REGULATION_OF_PHOSPHOLIPID_BIOSYNTHETIC_PROCESS	GO:0071071	lipid metabolic process
GOBP_REGULATION_OF_PHOSPHOLIPID_CATABOLIC_PROCESS	GO:0060696	lipid metabolic process
GOBP_REGULATION_OF_PHOSPHOLIPID_METABOLIC_PROCESS	GO:1903725	lipid metabolic process
GOBP_REGULATION_OF_PHOSPHOLIPID_TRANSLOCATION	GO:0061091	membrane organization
GOBP_REGULATION_OF_PHOSPHORUS_METABOLIC_PROCESS	GO:0051174	unmapped
GOBP_REGULATION_OF_PHOSPHORYLATION	GO:0042325	unmapped
GOBP_REGULATION_OF_PHOTORECEPTOR_CELL_DIFFERENTIATION	GO:0046532	cell differentiation
GOBP_REGULATION_OF_PIGMENTATION	GO:0120305	unmapped
GOBP_REGULATION_OF_PIGMENT_CELL_DIFFERENTIATION	GO:0050932	cell differentiation
GOBP_REGULATION_OF_PINOCYTOSIS	GO:0048548	vesicle-mediated transport
GOBP_REGULATION_OF_PLASMA_CELL_DIFFERENTIATION	GO:1900098	cell differentiation
GOBP_REGULATION_OF_PLASMA_LIPOPROTEIN_PARTICLE_LEVELS	GO:0097006	unmapped
GOBP_REGULATION_OF_PLASMA_MEMBRANE_ORGANIZATION	GO:1903729	membrane organization
GOBP_REGULATION_OF_PLASMA_MEMBRANE_REPAIR	GO:1905684	wound healing
GOBP_REGULATION_OF_PLASMINOGEN_ACTIVATION	GO:0010755	protein maturation
GOBP_REGULATION_OF_PLATELET_ACTIVATION	GO:0010543	wound healing
GOBP_REGULATION_OF_PLATELET_AGGREGATION	GO:0090330	wound healing
GOBP_REGULATION_OF_PLATELET_DERIVED_GROWTH_FACTOR_RECEPTOR_ALPHA_SIGNALING_PATHWAY	GO:2000583	signaling
GOBP_REGULATION_OF_PLATELET_DERIVED_GROWTH_FACTOR_RECEPTOR_BETA_SIGNALING_PATHWAY	GO:2000586	signaling
GOBP_REGULATION_OF_PLATELET_DERIVED_GROWTH_FACTOR_RECEPTOR_SIGNALING_PATHWAY	GO:0010640	signaling
GOBP_REGULATION_OF_PODOSOME_ASSEMBLY	GO:0071801	protein-containing complex assembly
GOBP_REGULATION_OF_POLYAMINE_TRANSMEMBRANE_TRANSPORT	GO:1902267	transmembrane transport
GOBP_REGULATION_OF_POLYSACCHARIDE_BIOSYNTHETIC_PROCESS	GO:0032885	carbohydrate metabolic process
GOBP_REGULATION_OF_POLYSACCHARIDE_METABOLIC_PROCESS	GO:0032881	carbohydrate metabolic process
GOBP_REGULATION_OF_POSITIVE_CHEMOTAXIS	GO:0050926	unmapped
GOBP_REGULATION_OF_POSTSYNAPSE_ASSEMBLY	GO:0150052	cell junction organization
GOBP_REGULATION_OF_POSTSYNAPSE_ORGANIZATION	GO:0099175	cell junction organization
GOBP_REGULATION_OF_POSTSYNAPTIC_CYTOSOLIC_CALCIUM_ION_CONCENTRATION	GO:0099566	unmapped
GOBP_REGULATION_OF_POSTSYNAPTIC_DENSITY_ASSEMBLY	GO:0099151	cell junction organization
GOBP_REGULATION_OF_POSTSYNAPTIC_DENSITY_ORGANIZATION	GO:1905874	cell junction organization
GOBP_REGULATION_OF_POSTSYNAPTIC_MEMBRANE_NEUROTRANSMITTER_RECEPTOR_LEVELS	GO:0099072	unmapped
GOBP_REGULATION_OF_POSTSYNAPTIC_MEMBRANE_POTENTIAL	GO:0060078	unmapped
GOBP_REGULATION_OF_POSTSYNAPTIC_NEUROTRANSMITTER_RECEPTOR_INTERNALIZATION	GO:0099149	vesicle-mediated transport
GOBP_REGULATION_OF_POSTSYNAPTIC_SPECIALIZATION_ASSEMBLY	GO:0099150	cell junction organization
GOBP_REGULATION_OF_POST_TRANSLATIONAL_PROTEIN_MODIFICATION	GO:1901873	unmapped
GOBP_REGULATION_OF_POTASSIUM_ION_EXPORT_ACROSS_PLASMA_MEMBRANE	GO:1903764	transmembrane transport
GOBP_REGULATION_OF_POTASSIUM_ION_IMPORT	GO:1903286	transmembrane transport
GOBP_REGULATION_OF_POTASSIUM_ION_TRANSMEMBRANE_TRANSPORT	GO:1901379	transmembrane transport
GOBP_REGULATION_OF_POTASSIUM_ION_TRANSMEMBRANE_TRANSPORTER_ACTIVITY		unmapped
GOBP_REGULATION_OF_POTASSIUM_ION_TRANSPORT	GO:0043266	unmapped
GOBP_REGULATION_OF_PRESYNAPSE_ORGANIZATION	GO:0099174	cell junction organization
GOBP_REGULATION_OF_PRESYNAPTIC_CYTOSOLIC_CALCIUM_ION_CONCENTRATION	GO:0099509	unmapped
GOBP_REGULATION_OF_PRESYNAPTIC_MEMBRANE_POTENTIAL	GO:0099505	unmapped
GOBP_REGULATION_OF_PRE_MIRNA_PROCESSING	GO:2000631	regulatory ncRNA-mediated gene silencing
GOBP_REGULATION_OF_PRIMARY_MIRNA_PROCESSING	GO:2000634	regulatory ncRNA-mediated gene silencing
GOBP_REGULATION_OF_PROGRAMMED_CELL_DEATH	GO:0043067	programmed cell death
GOBP_REGULATION_OF_PROGRAMMED_NECROTIC_CELL_DEATH	GO:0062098	programmed cell death
GOBP_REGULATION_OF_PROSTAGLANDIN_SECRETION	GO:0032306	signaling
GOBP_REGULATION_OF_PROSTATIC_BUD_FORMATION	GO:0060685	anatomical structure development
GOBP_REGULATION_OF_PROTEASOMAL_PROTEIN_CATABOLIC_PROCESS	GO:0061136	protein catabolic process
GOBP_REGULATION_OF_PROTEASOMAL_UBIQUITIN_DEPENDENT_PROTEIN_CATABOLIC_PROCESS	GO:0032434	protein catabolic process
GOBP_REGULATION_OF_PROTEIN_ACETYLATION	GO:1901983	unmapped
GOBP_REGULATION_OF_PROTEIN_ADP_RIBOSYLATION	GO:0010835	unmapped
GOBP_REGULATION_OF_PROTEIN_AUTOPHOSPHORYLATION	GO:0031952	unmapped
GOBP_REGULATION_OF_PROTEIN_AUTOUBIQUITINATION	GO:1902498	unmapped
GOBP_REGULATION_OF_PROTEIN_BINDING	GO:0043393	unmapped
GOBP_REGULATION_OF_PROTEIN_CATABOLIC_PROCESS	GO:0042176	protein catabolic process
GOBP_REGULATION_OF_PROTEIN_CATABOLIC_PROCESS_IN_THE_VACUOLE	GO:1904350	protein catabolic process
GOBP_REGULATION_OF_PROTEIN_COMPLEX_STABILITY	GO:0061635	unmapped
GOBP_REGULATION_OF_PROTEIN_CONTAINING_COMPLEX_ASSEMBLY	GO:0043254	protein-containing complex assembly
GOBP_REGULATION_OF_PROTEIN_CONTAINING_COMPLEX_DISASSEMBLY	GO:0043244	unmapped
GOBP_REGULATION_OF_PROTEIN_DEACETYLATION	GO:0090311	unmapped
GOBP_REGULATION_OF_PROTEIN_DEPOLYMERIZATION	GO:1901879	unmapped
GOBP_REGULATION_OF_PROTEIN_DEUBIQUITINATION	GO:0090085	unmapped
GOBP_REGULATION_OF_PROTEIN_EXIT_FROM_ENDOPLASMIC_RETICULUM		unmapped
GOBP_REGULATION_OF_PROTEIN_EXPORT_FROM_NUCLEUS	GO:0046825	nucleocytoplasmic transport
GOBP_REGULATION_OF_PROTEIN_FOLDING	GO:1903332	protein maturation
GOBP_REGULATION_OF_PROTEIN_GLYCOSYLATION		unmapped
GOBP_REGULATION_OF_PROTEIN_IMPORT_INTO_NUCLEUS	GO:0042306	nucleocytoplasmic transport
GOBP_REGULATION_OF_PROTEIN_K48_LINKED_UBIQUITINATION	GO:0061945	unmapped
GOBP_REGULATION_OF_PROTEIN_K63_LINKED_UBIQUITINATION	GO:1900044	unmapped
GOBP_REGULATION_OF_PROTEIN_KINASE_A_SIGNALING		unmapped
GOBP_REGULATION_OF_PROTEIN_KINASE_C_SIGNALING	GO:0090036	signaling
GOBP_REGULATION_OF_PROTEIN_LIPIDATION	GO:1903059	unmapped
GOBP_REGULATION_OF_PROTEIN_LOCALIZATION_TO_CELL_CELL_JUNCTION	GO:0150106	unmapped
GOBP_REGULATION_OF_PROTEIN_LOCALIZATION_TO_CELL_CORTEX	GO:1904776	unmapped
GOBP_REGULATION_OF_PROTEIN_LOCALIZATION_TO_CELL_PERIPHERY	GO:1904375	unmapped
GOBP_REGULATION_OF_PROTEIN_LOCALIZATION_TO_CELL_SURFACE	GO:2000008	unmapped
GOBP_REGULATION_OF_PROTEIN_LOCALIZATION_TO_CENTROSOME	GO:1904779	unmapped
GOBP_REGULATION_OF_PROTEIN_LOCALIZATION_TO_CHROMATIN	GO:1905634	unmapped
GOBP_REGULATION_OF_PROTEIN_LOCALIZATION_TO_CHROMOSOME_TELOMERIC_REGION	GO:1904814	unmapped
GOBP_REGULATION_OF_PROTEIN_LOCALIZATION_TO_CILIUM	GO:1903564	unmapped
GOBP_REGULATION_OF_PROTEIN_LOCALIZATION_TO_ENDOPLASMIC_RETICULUM	GO:1905550	unmapped
GOBP_REGULATION_OF_PROTEIN_LOCALIZATION_TO_ENDOSOME	GO:1905666	unmapped
GOBP_REGULATION_OF_PROTEIN_LOCALIZATION_TO_LYSOSOME	GO:0150031	unmapped
GOBP_REGULATION_OF_PROTEIN_LOCALIZATION_TO_MEMBRANE	GO:1905475	unmapped
GOBP_REGULATION_OF_PROTEIN_LOCALIZATION_TO_NUCLEOLUS	GO:1904749	unmapped
GOBP_REGULATION_OF_PROTEIN_LOCALIZATION_TO_NUCLEUS	GO:1900180	unmapped
GOBP_REGULATION_OF_PROTEIN_LOCALIZATION_TO_PLASMA_MEMBRANE	GO:1903076	protein localization to plasma membrane
GOBP_REGULATION_OF_PROTEIN_LOCALIZATION_TO_SYNAPSE	GO:1902473	unmapped
GOBP_REGULATION_OF_PROTEIN_MATURATION	GO:1903317	protein maturation
GOBP_REGULATION_OF_PROTEIN_METABOLIC_PROCESS	GO:0051246	unmapped
GOBP_REGULATION_OF_PROTEIN_MODIFICATION_PROCESS	GO:0031399	unmapped
GOBP_REGULATION_OF_PROTEIN_MONOUBIQUITINATION	GO:1902525	unmapped
GOBP_REGULATION_OF_PROTEIN_NEDDYLATION	GO:2000434	unmapped
GOBP_REGULATION_OF_PROTEIN_OLIGOMERIZATION	GO:0032459	protein-containing complex assembly
GOBP_REGULATION_OF_PROTEIN_POLYMERIZATION	GO:0032271	protein-containing complex assembly
GOBP_REGULATION_OF_PROTEIN_POLYUBIQUITINATION	GO:1902914	unmapped
GOBP_REGULATION_OF_PROTEIN_SECRETION	GO:0050708	unmapped
GOBP_REGULATION_OF_PROTEIN_SERINE_THREONINE_KINASE_ACTIVITY	GO:0071900	unmapped
GOBP_REGULATION_OF_PROTEIN_STABILITY	GO:0031647	unmapped
GOBP_REGULATION_OF_PROTEIN_SUMOYLATION	GO:0033233	unmapped
GOBP_REGULATION_OF_PROTEIN_TARGETING	GO:1903533	unmapped
GOBP_REGULATION_OF_PROTEIN_TARGETING_TO_MEMBRANE	GO:0090313	unmapped
GOBP_REGULATION_OF_PROTEIN_TRANSPORT	GO:0051223	unmapped
GOBP_REGULATION_OF_PROTEIN_TYROSINE_KINASE_ACTIVITY	GO:0061097	unmapped
GOBP_REGULATION_OF_PROTEIN_UBIQUITINATION	GO:0031396	unmapped
GOBP_REGULATION_OF_PROTEOLYSIS	GO:0030162	unmapped
GOBP_REGULATION_OF_PROTEOLYSIS_INVOLVED_IN_PROTEIN_CATABOLIC_PROCESS		unmapped
GOBP_REGULATION_OF_PROTON_TRANSPORT	GO:0010155	transmembrane transport
GOBP_REGULATION_OF_PRO_B_CELL_DIFFERENTIATION	GO:2000973	cell differentiation
GOBP_REGULATION_OF_RAB_PROTEIN_SIGNAL_TRANSDUCTION	GO:0032483	signaling
GOBP_REGULATION_OF_RAC_PROTEIN_SIGNAL_TRANSDUCTION	GO:0035020	signaling
GOBP_REGULATION_OF_RAS_PROTEIN_SIGNAL_TRANSDUCTION	GO:0046578	signaling
GOBP_REGULATION_OF_REACTIVE_OXYGEN_SPECIES_BIOSYNTHETIC_PROCESS	GO:1903426	unmapped
GOBP_REGULATION_OF_REACTIVE_OXYGEN_SPECIES_METABOLIC_PROCESS	GO:2000377	unmapped
GOBP_REGULATION_OF_RECEPTOR_BINDING	GO:1900120	unmapped
GOBP_REGULATION_OF_RECEPTOR_CATABOLIC_PROCESS	GO:2000644	unmapped
GOBP_REGULATION_OF_RECEPTOR_CLUSTERING	GO:1903909	unmapped
GOBP_REGULATION_OF_RECEPTOR_INTERNALIZATION	GO:0002090	vesicle-mediated transport
GOBP_REGULATION_OF_RECEPTOR_LOCALIZATION_TO_SYNAPSE	GO:1902683	unmapped
GOBP_REGULATION_OF_RECEPTOR_MEDIATED_ENDOCYTOSIS	GO:0048259	vesicle-mediated transport
GOBP_REGULATION_OF_RECEPTOR_RECYCLING	GO:0001919	signaling
GOBP_REGULATION_OF_RECEPTOR_SIGNALING_PATHWAY_VIA_JAK_STAT	GO:0046425	signaling
GOBP_REGULATION_OF_RECEPTOR_SIGNALING_PATHWAY_VIA_STAT	GO:1904892	signaling
GOBP_REGULATION_OF_REGULATED_SECRETORY_PATHWAY	GO:1903305	vesicle-mediated transport
GOBP_REGULATION_OF_REGULATORY_NCRNA_PROCESSING	GO:0070920	regulatory ncRNA-mediated gene silencing
GOBP_REGULATION_OF_RELAXATION_OF_CARDIAC_MUSCLE	GO:1901897	muscle system process
GOBP_REGULATION_OF_RELAXATION_OF_MUSCLE	GO:1901077	muscle system process
GOBP_REGULATION_OF_RELEASE_OF_CYTOCHROME_C_FROM_MITOCHONDRIA	GO:0090199	mitochondrion organization
GOBP_REGULATION_OF_RELEASE_OF_SEQUESTERED_CALCIUM_ION_INTO_CYTOSOL	GO:0051279	transmembrane transport
GOBP_REGULATION_OF_RELEASE_OF_SEQUESTERED_CALCIUM_ION_INTO_CYTOSOL_BY_SARCOPLASMIC_RETICULUM	GO:0010880	transmembrane transport
GOBP_REGULATION_OF_REMOVAL_OF_SUPEROXIDE_RADICALS	GO:2000121	detoxification
GOBP_REGULATION_OF_RENAL_SODIUM_EXCRETION	GO:0035813	renal system process
GOBP_REGULATION_OF_RENAL_SYSTEM_PROCESS	GO:0098801	renal system process
GOBP_REGULATION_OF_REPRODUCTIVE_PROCESS	GO:2000241	reproductive process
GOBP_REGULATION_OF_RESPIRATORY_BURST	GO:0060263	unmapped
GOBP_REGULATION_OF_RESPIRATORY_BURST_INVOLVED_IN_INFLAMMATORY_RESPONSE	GO:0060264	defense response to other organism
GOBP_REGULATION_OF_RESPIRATORY_GASEOUS_EXCHANGE	GO:0043576	unmapped
GOBP_REGULATION_OF_RESPIRATORY_GASEOUS_EXCHANGE_BY_NERVOUS_SYSTEM_PROCESS	GO:0002087	respiratory system process
GOBP_REGULATION_OF_RESPIRATORY_SYSTEM_PROCESS	GO:0044065	respiratory system process
GOBP_REGULATION_OF_RESPONSE_TO_BIOTIC_STIMULUS	GO:0002831	unmapped
GOBP_REGULATION_OF_RESPONSE_TO_CYTOKINE_STIMULUS	GO:0060759	unmapped
GOBP_REGULATION_OF_RESPONSE_TO_DRUG	GO:2001023	unmapped
GOBP_REGULATION_OF_RESPONSE_TO_ENDOPLASMIC_RETICULUM_STRESS	GO:1905897	unmapped
GOBP_REGULATION_OF_RESPONSE_TO_EXTERNAL_STIMULUS	GO:0032101	unmapped
GOBP_REGULATION_OF_RESPONSE_TO_FOOD	GO:0032095	unmapped
GOBP_REGULATION_OF_RESPONSE_TO_MACROPHAGE_COLONY_STIMULATING_FACTOR	GO:1903969	unmapped
GOBP_REGULATION_OF_RESPONSE_TO_NUTRIENT_LEVELS	GO:0032107	unmapped
GOBP_REGULATION_OF_RESPONSE_TO_OSMOTIC_STRESS	GO:0047484	unmapped
GOBP_REGULATION_OF_RESPONSE_TO_OXIDATIVE_STRESS	GO:1902882	unmapped
GOBP_REGULATION_OF_RESPONSE_TO_REACTIVE_OXYGEN_SPECIES	GO:1901031	unmapped
GOBP_REGULATION_OF_RESPONSE_TO_STRESS	GO:0080134	unmapped
GOBP_REGULATION_OF_RESPONSE_TO_TUMOR_CELL	GO:0002834	unmapped
GOBP_REGULATION_OF_RESPONSE_TO_TYPE_II_INTERFERON	GO:0060330	defense response to other organism
GOBP_REGULATION_OF_RESPONSE_TO_WOUNDING	GO:1903034	unmapped
GOBP_REGULATION_OF_RESTING_MEMBRANE_POTENTIAL	GO:0060075	unmapped
GOBP_REGULATION_OF_RETINOIC_ACID_RECEPTOR_SIGNALING_PATHWAY	GO:0048385	signaling
GOBP_REGULATION_OF_RETROGRADE_PROTEIN_TRANSPORT_ER_TO_CYTOSOL	GO:1904152	protein catabolic process
GOBP_REGULATION_OF_RETROGRADE_TRANSPORT_ENDOSOME_TO_GOLGI	GO:1905279	vesicle-mediated transport
GOBP_REGULATION_OF_REVERSE_CHOLESTEROL_TRANSPORT	GO:1903062	unmapped
GOBP_REGULATION_OF_RHO_PROTEIN_SIGNAL_TRANSDUCTION	GO:0035023	signaling
GOBP_REGULATION_OF_RIBONUCLEASE_ACTIVITY	GO:0060700	unmapped
GOBP_REGULATION_OF_RIBOSOME_BIOGENESIS	GO:0090069	ribosome biogenesis
GOBP_REGULATION_OF_RIG_I_SIGNALING_PATHWAY	GO:0039535	defense response to other organism
GOBP_REGULATION_OF_RNA_POLYMERASE_II_TRANSCRIPTION_PREINITIATION_COMPLEX_ASSEMBLY	GO:0045898	regulation of DNA-templated transcription
GOBP_REGULATION_OF_RNA_SPLICING	GO:0043484	unmapped
GOBP_REGULATION_OF_RRNA_PROCESSING	GO:2000232	ribosome biogenesis
GOBP_REGULATION_OF_RUFFLE_ASSEMBLY	GO:1900027	unmapped
GOBP_REGULATION_OF_RYANODINE_SENSITIVE_CALCIUM_RELEASE_CHANNEL_ACTIVITY	GO:0060314	transmembrane transport
GOBP_REGULATION_OF_SALIVA_SECRETION	GO:0046877	digestive system process
GOBP_REGULATION_OF_SARCOMERE_ORGANIZATION	GO:0060297	cytoskeleton organization
GOBP_REGULATION_OF_SA_NODE_CELL_ACTION_POTENTIAL	GO:0098907	circulatory system process
GOBP_REGULATION_OF_SECONDARY_HEART_FIELD_CARDIOBLAST_PROLIFERATION	GO:0003266	anatomical structure development
GOBP_REGULATION_OF_SECONDARY_METABOLIC_PROCESS	GO:0043455	unmapped
GOBP_REGULATION_OF_SECRETION	GO:0051046	unmapped
GOBP_REGULATION_OF_SENSORY_PERCEPTION	GO:0051931	nervous system process
GOBP_REGULATION_OF_SEROTONIN_SECRETION	GO:0014062	signaling
GOBP_REGULATION_OF_SHORT_TERM_NEURONAL_SYNAPTIC_PLASTICITY	GO:0048172	signaling
GOBP_REGULATION_OF_SIGNALING_RECEPTOR_ACTIVITY	GO:0010469	signaling
GOBP_REGULATION_OF_SIGNAL_TRANSDUCTION_BY_P53_CLASS_MEDIATOR	GO:1901796	signaling
GOBP_REGULATION_OF_SISTER_CHROMATID_COHESION	GO:0007063	unmapped
GOBP_REGULATION_OF_SISTER_CHROMATID_SEGREGATION	GO:0033045	chromosome segregation
GOBP_REGULATION_OF_SKELETAL_MUSCLE_ACETYLCHOLINE_GATED_CHANNEL_CLUSTERING	GO:1904393	cell junction organization
GOBP_REGULATION_OF_SKELETAL_MUSCLE_ADAPTATION	GO:0014733	muscle system process
GOBP_REGULATION_OF_SKELETAL_MUSCLE_CELL_DIFFERENTIATION	GO:2001014	cell differentiation
GOBP_REGULATION_OF_SKELETAL_MUSCLE_CELL_PROLIFERATION	GO:0014857	unmapped
GOBP_REGULATION_OF_SKELETAL_MUSCLE_CONTRACTION	GO:0014819	muscle system process
GOBP_REGULATION_OF_SKELETAL_MUSCLE_CONTRACTION_BY_CALCIUM_ION_SIGNALING	GO:0014722	muscle system process
GOBP_REGULATION_OF_SKELETAL_MUSCLE_CONTRACTION_BY_REGULATION_OF_RELEASE_OF_SEQUESTERED_CALCIUM_ION	GO:0014809	transmembrane transport
GOBP_REGULATION_OF_SKELETAL_MUSCLE_FIBER_DEVELOPMENT	GO:0048742	cell differentiation
GOBP_REGULATION_OF_SKELETAL_MUSCLE_SATELLITE_CELL_PROLIFERATION	GO:0014842	unmapped
GOBP_REGULATION_OF_SKELETAL_MUSCLE_TISSUE_DEVELOPMENT	GO:0048641	anatomical structure development
GOBP_REGULATION_OF_SKELETAL_MUSCLE_TISSUE_GROWTH	GO:0048631	anatomical structure development
GOBP_REGULATION_OF_SKELETAL_MUSCLE_TISSUE_REGENERATION	GO:0043416	anatomical structure development
GOBP_REGULATION_OF_SMAD_PROTEIN_SIGNAL_TRANSDUCTION	GO:0060390	signaling
GOBP_REGULATION_OF_SMALL_GTPASE_MEDIATED_SIGNAL_TRANSDUCTION	GO:0051056	signaling
GOBP_REGULATION_OF_SMALL_MOLECULE_METABOLIC_PROCESS	GO:0062012	unmapped
GOBP_REGULATION_OF_SMOOTHENED_SIGNALING_PATHWAY	GO:0008589	signaling
GOBP_REGULATION_OF_SMOOTH_MUSCLE_CELL_CHEMOTAXIS	GO:0071671	cell motility
GOBP_REGULATION_OF_SMOOTH_MUSCLE_CELL_DIFFERENTIATION	GO:0051150	cell differentiation
GOBP_REGULATION_OF_SMOOTH_MUSCLE_CONTRACTION	GO:0006940	muscle system process
GOBP_REGULATION_OF_SNARE_COMPLEX_ASSEMBLY	GO:0035542	protein-containing complex assembly
GOBP_REGULATION_OF_SNRNA_TRANSCRIPTION_BY_RNA_POLYMERASE_II	GO:1905380	regulation of DNA-templated transcription
GOBP_REGULATION_OF_SODIUM_DEPENDENT_PHOSPHATE_TRANSPORT	GO:2000118	unmapped
GOBP_REGULATION_OF_SODIUM_ION_EXPORT_ACROSS_PLASMA_MEMBRANE	GO:1903276	transmembrane transport
GOBP_REGULATION_OF_SODIUM_ION_IMPORT_ACROSS_PLASMA_MEMBRANE	GO:1903782	transmembrane transport
GOBP_REGULATION_OF_SODIUM_ION_TRANSMEMBRANE_TRANSPORT	GO:1902305	transmembrane transport
GOBP_REGULATION_OF_SODIUM_ION_TRANSMEMBRANE_TRANSPORTER_ACTIVITY	GO:2000649	transmembrane transport
GOBP_REGULATION_OF_SODIUM_ION_TRANSPORT	GO:0002028	unmapped
GOBP_REGULATION_OF_SOMATIC_STEM_CELL_POPULATION_MAINTENANCE	GO:1904672	unmapped
GOBP_REGULATION_OF_SOMITOGENESIS	GO:0014807	anatomical structure development
GOBP_REGULATION_OF_SPERM_CAPACITATION	GO:1902490	cell differentiation
GOBP_REGULATION_OF_SPHINGOLIPID_BIOSYNTHETIC_PROCESS	GO:0090153	lipid metabolic process
GOBP_REGULATION_OF_SPINDLE_ASSEMBLY	GO:0090169	cytoskeleton organization
GOBP_REGULATION_OF_SPINDLE_CHECKPOINT	GO:0090231	signaling
GOBP_REGULATION_OF_SPINDLE_ORGANIZATION	GO:0090224	cytoskeleton organization
GOBP_REGULATION_OF_SPONTANEOUS_SYNAPTIC_TRANSMISSION	GO:0150003	signaling
GOBP_REGULATION_OF_SPROUTING_ANGIOGENESIS	GO:1903670	anatomical structure development
GOBP_REGULATION_OF_SREBP_SIGNALING_PATHWAY	GO:2000638	signaling
GOBP_REGULATION_OF_STEM_CELL_DIFFERENTIATION	GO:2000736	cell differentiation
GOBP_REGULATION_OF_STEM_CELL_DIVISION	GO:2000035	unmapped
GOBP_REGULATION_OF_STEM_CELL_POPULATION_MAINTENANCE	GO:2000036	unmapped
GOBP_REGULATION_OF_STEM_CELL_PROLIFERATION	GO:0072091	unmapped
GOBP_REGULATION_OF_STEROID_BIOSYNTHETIC_PROCESS	GO:0050810	lipid metabolic process
GOBP_REGULATION_OF_STEROID_HORMONE_BIOSYNTHETIC_PROCESS	GO:0090030	lipid metabolic process
GOBP_REGULATION_OF_STEROID_HORMONE_SECRETION	GO:2000831	signaling
GOBP_REGULATION_OF_STEROID_METABOLIC_PROCESS	GO:0019218	lipid metabolic process
GOBP_REGULATION_OF_STEROL_TRANSPORT	GO:0032371	unmapped
GOBP_REGULATION_OF_STORE_OPERATED_CALCIUM_CHANNEL_ACTIVITY	GO:1901339	transmembrane transport
GOBP_REGULATION_OF_STORE_OPERATED_CALCIUM_ENTRY	GO:2001256	unmapped
GOBP_REGULATION_OF_STRESS_ACTIVATED_PROTEIN_KINASE_SIGNALING_CASCADE	GO:0070302	signaling
GOBP_REGULATION_OF_STRESS_GRANULE_ASSEMBLY	GO:0062028	unmapped
GOBP_REGULATION_OF_STRIATED_MUSCLE_CELL_DIFFERENTIATION	GO:0051153	cell differentiation
GOBP_REGULATION_OF_STRIATED_MUSCLE_CONTRACTION	GO:0006942	muscle system process
GOBP_REGULATION_OF_SUBSTRATE_ADHESION_DEPENDENT_CELL_SPREADING	GO:1900024	cell adhesion
GOBP_REGULATION_OF_SULFUR_METABOLIC_PROCESS	GO:0042762	sulfur compound metabolic process
GOBP_REGULATION_OF_SUPEROXIDE_ANION_GENERATION	GO:0032928	unmapped
GOBP_REGULATION_OF_SUPEROXIDE_METABOLIC_PROCESS	GO:0090322	unmapped
GOBP_REGULATION_OF_SUPRAMOLECULAR_FIBER_ORGANIZATION	GO:1902903	unmapped
GOBP_REGULATION_OF_SYNAPSE_ASSEMBLY	GO:0051963	cell junction organization
GOBP_REGULATION_OF_SYNAPSE_MATURATION	GO:0090128	cell junction organization
GOBP_REGULATION_OF_SYNAPSE_PRUNING	GO:1905806	cell junction organization
GOBP_REGULATION_OF_SYNAPSE_STRUCTURAL_PLASTICITY	GO:0051823	cell junction organization
GOBP_REGULATION_OF_SYNAPSE_STRUCTURE_OR_ACTIVITY	GO:0050803	unmapped
GOBP_REGULATION_OF_SYNAPTIC_ASSEMBLY_AT_NEUROMUSCULAR_JUNCTION	GO:0008582	cell junction organization
GOBP_REGULATION_OF_SYNAPTIC_PLASTICITY	GO:0048167	signaling
GOBP_REGULATION_OF_SYNAPTIC_TRANSMISSION_CHOLINERGIC	GO:0032222	signaling
GOBP_REGULATION_OF_SYNAPTIC_TRANSMISSION_DOPAMINERGIC	GO:0032225	signaling
GOBP_REGULATION_OF_SYNAPTIC_TRANSMISSION_GABAERGIC	GO:0032228	signaling
GOBP_REGULATION_OF_SYNAPTIC_TRANSMISSION_GLUTAMATERGIC	GO:0051966	signaling
GOBP_REGULATION_OF_SYNAPTIC_VESICLE_CLUSTERING	GO:2000807	vesicle-mediated transport
GOBP_REGULATION_OF_SYNAPTIC_VESICLE_CYCLE	GO:0098693	vesicle-mediated transport
GOBP_REGULATION_OF_SYNAPTIC_VESICLE_ENDOCYTOSIS	GO:1900242	vesicle-mediated transport
GOBP_REGULATION_OF_SYNAPTIC_VESICLE_EXOCYTOSIS	GO:2000300	vesicle-mediated transport
GOBP_REGULATION_OF_SYNAPTIC_VESICLE_MEMBRANE_ORGANIZATION	GO:1901632	membrane organization
GOBP_REGULATION_OF_SYNAPTIC_VESICLE_PRIMING	GO:0010807	protein-containing complex assembly
GOBP_REGULATION_OF_SYNAPTIC_VESICLE_RECYCLING	GO:1903421	vesicle-mediated transport
GOBP_REGULATION_OF_SYNAPTIC_VESICLE_TRANSPORT	GO:1902803	unmapped
GOBP_REGULATION_OF_SYNCYTIUM_FORMATION_BY_PLASMA_MEMBRANE_FUSION	GO:0060142	unmapped
GOBP_REGULATION_OF_SYSTEMIC_ARTERIAL_BLOOD_PRESSURE	GO:0003073	circulatory system process
GOBP_REGULATION_OF_SYSTEMIC_ARTERIAL_BLOOD_PRESSURE_BY_CIRCULATORY_RENIN_ANGIOTENSIN	GO:0001991	circulatory system process
GOBP_REGULATION_OF_SYSTEMIC_ARTERIAL_BLOOD_PRESSURE_BY_ENDOTHELIN	GO:0003100	circulatory system process
GOBP_REGULATION_OF_SYSTEMIC_ARTERIAL_BLOOD_PRESSURE_BY_NOREPINEPHRINE_EPINEPHRINE	GO:0001993	circulatory system process
GOBP_REGULATION_OF_SYSTEMIC_ARTERIAL_BLOOD_PRESSURE_BY_RENIN_ANGIOTENSIN	GO:0003081	circulatory system process
GOBP_REGULATION_OF_SYSTEMIC_ARTERIAL_BLOOD_PRESSURE_BY_VASOPRESSIN	GO:0001992	circulatory system process
GOBP_REGULATION_OF_SYSTEMIC_ARTERIAL_BLOOD_PRESSURE_MEDIATED_BY_A_CHEMICAL_SIGNAL	GO:0003044	circulatory system process
GOBP_REGULATION_OF_SYSTEM_PROCESS	GO:0044057	unmapped
GOBP_REGULATION_OF_TELOMERASE_RNA_LOCALIZATION_TO_CAJAL_BODY	GO:1904872	unmapped
GOBP_REGULATION_OF_TELOMERE_CAPPING	GO:1904353	telomere organization
GOBP_REGULATION_OF_TELOMERE_MAINTENANCE	GO:0032204	telomere organization
GOBP_REGULATION_OF_TELOMERE_MAINTENANCE_IN_RESPONSE_TO_DNA_DAMAGE	GO:1904505	telomere organization
GOBP_REGULATION_OF_TELOMERE_MAINTENANCE_VIA_TELOMERASE	GO:0032210	telomere organization
GOBP_REGULATION_OF_TELOMERE_MAINTENANCE_VIA_TELOMERE_LENGTHENING	GO:1904356	telomere organization
GOBP_REGULATION_OF_TERMINATION_OF_DNA_TEMPLATED_TRANSCRIPTION	GO:0031554	DNA-templated transcription
GOBP_REGULATION_OF_TERMINATION_OF_RNA_POLYMERASE_II_TRANSCRIPTION_POLY_A_COUPLED	GO:2000804	DNA-templated transcription
GOBP_REGULATION_OF_TESTOSTERONE_BIOSYNTHETIC_PROCESS	GO:2000224	lipid metabolic process
GOBP_REGULATION_OF_TETRAPYRROLE_METABOLIC_PROCESS	GO:1901401	unmapped
GOBP_REGULATION_OF_THE_FORCE_OF_HEART_CONTRACTION	GO:0002026	circulatory system process
GOBP_REGULATION_OF_THE_FORCE_OF_HEART_CONTRACTION_BY_CHEMICAL_SIGNAL	GO:0003057	circulatory system process
GOBP_REGULATION_OF_THYMOCYTE_APOPTOTIC_PROCESS	GO:0070243	programmed cell death
GOBP_REGULATION_OF_THYROID_HORMONE_GENERATION	GO:2000609	modified amino acid metabolic process
GOBP_REGULATION_OF_TIGHT_JUNCTION_DISASSEMBLY	GO:1905073	cell junction organization
GOBP_REGULATION_OF_TISSUE_REMODELING	GO:0034103	unmapped
GOBP_REGULATION_OF_TOLERANCE_INDUCTION	GO:0002643	anatomical structure development
GOBP_REGULATION_OF_TOLL_LIKE_RECEPTOR_2_SIGNALING_PATHWAY	GO:0034135	defense response to other organism
GOBP_REGULATION_OF_TOLL_LIKE_RECEPTOR_3_SIGNALING_PATHWAY	GO:0034139	defense response to other organism
GOBP_REGULATION_OF_TOLL_LIKE_RECEPTOR_4_SIGNALING_PATHWAY	GO:0034143	defense response to other organism
GOBP_REGULATION_OF_TOLL_LIKE_RECEPTOR_7_SIGNALING_PATHWAY	GO:0034155	defense response to other organism
GOBP_REGULATION_OF_TOLL_LIKE_RECEPTOR_9_SIGNALING_PATHWAY	GO:0034163	defense response to other organism
GOBP_REGULATION_OF_TOLL_LIKE_RECEPTOR_SIGNALING_PATHWAY	GO:0034121	defense response to other organism
GOBP_REGULATION_OF_TOLL_SIGNALING_PATHWAY	GO:0008592	signaling
GOBP_REGULATION_OF_TOOTH_MINERALIZATION	GO:0070170	anatomical structure development
GOBP_REGULATION_OF_TORC2_SIGNALING	GO:1903939	signaling
GOBP_REGULATION_OF_TRANSCRIPTION_BY_GLUCOSE	GO:0046015	regulation of DNA-templated transcription
GOBP_REGULATION_OF_TRANSCRIPTION_BY_RNA_POLYMERASE_I	GO:0006356	regulation of DNA-templated transcription
GOBP_REGULATION_OF_TRANSCRIPTION_BY_RNA_POLYMERASE_III	GO:0006359	regulation of DNA-templated transcription
GOBP_REGULATION_OF_TRANSCRIPTION_FROM_RNA_POLYMERASE_II_PROMOTER_BY_GLUCOSE	GO:0000430	regulation of DNA-templated transcription
GOBP_REGULATION_OF_TRANSCRIPTION_OF_NUCLEOLAR_LARGE_RRNA_BY_RNA_POLYMERASE_I	GO:1901836	regulation of DNA-templated transcription
GOBP_REGULATION_OF_TRANSCRIPTION_REGULATORY_REGION_DNA_BINDING	GO:2000677	unmapped
GOBP_REGULATION_OF_TRANSFERASE_ACTIVITY	GO:0051338	unmapped
GOBP_REGULATION_OF_TRANSLATION	GO:0006417	unmapped
GOBP_REGULATION_OF_TRANSLATIONAL_ELONGATION	GO:0006448	unmapped
GOBP_REGULATION_OF_TRANSLATIONAL_FIDELITY	GO:0006450	unmapped
GOBP_REGULATION_OF_TRANSLATIONAL_INITIATION	GO:0006446	unmapped
GOBP_REGULATION_OF_TRANSLATIONAL_INITIATION_IN_RESPONSE_TO_STRESS	GO:0043558	unmapped
GOBP_REGULATION_OF_TRANSLATIONAL_TERMINATION	GO:0006449	unmapped
GOBP_REGULATION_OF_TRANSLATION_AT_SYNAPSE	GO:0140243	unmapped
GOBP_REGULATION_OF_TRANSLATION_IN_RESPONSE_TO_ENDOPLASMIC_RETICULUM_STRESS	GO:0036490	unmapped
GOBP_REGULATION_OF_TRANSLATION_IN_RESPONSE_TO_STRESS	GO:0043555	unmapped
GOBP_REGULATION_OF_TRANSMEMBRANE_RECEPTOR_PROTEIN_SERINE_THREONINE_KINASE_SIGNALING_PATHWAY	GO:0090092	signaling
GOBP_REGULATION_OF_TRANSMEMBRANE_TRANSPORT	GO:0034762	transmembrane transport
GOBP_REGULATION_OF_TRANSMISSION_OF_NERVE_IMPULSE	GO:0051969	nervous system process
GOBP_REGULATION_OF_TRANSPORT	GO:0051049	unmapped
GOBP_REGULATION_OF_TRANSPORTER_ACTIVITY		unmapped
GOBP_REGULATION_OF_TRANS_SYNAPTIC_SIGNALING	GO:0099177	signaling
GOBP_REGULATION_OF_TRIGLYCERIDE_BIOSYNTHETIC_PROCESS	GO:0010866	lipid metabolic process
GOBP_REGULATION_OF_TRIGLYCERIDE_CATABOLIC_PROCESS	GO:0010896	lipid metabolic process
GOBP_REGULATION_OF_TRIGLYCERIDE_METABOLIC_PROCESS	GO:0090207	lipid metabolic process
GOBP_REGULATION_OF_TRNA_METABOLIC_PROCESS	GO:1903326	tRNA metabolic process
GOBP_REGULATION_OF_TROPHOBLAST_CELL_MIGRATION	GO:1901163	anatomical structure development
GOBP_REGULATION_OF_TUBE_SIZE	GO:0035150	unmapped
GOBP_REGULATION_OF_TUBULIN_DEACETYLATION	GO:0090043	unmapped
GOBP_REGULATION_OF_TUMOR_NECROSIS_FACTOR_MEDIATED_SIGNALING_PATHWAY	GO:0010803	signaling
GOBP_REGULATION_OF_TYPE_2_IMMUNE_RESPONSE	GO:0002828	immune system process
GOBP_REGULATION_OF_TYPE_2_MITOPHAGY	GO:1905089	autophagy
GOBP_REGULATION_OF_TYPE_B_PANCREATIC_CELL_DEVELOPMENT	GO:2000074	cell differentiation
GOBP_REGULATION_OF_TYPE_B_PANCREATIC_CELL_PROLIFERATION	GO:0061469	unmapped
GOBP_REGULATION_OF_TYPE_II_HYPERSENSITIVITY	GO:0002892	inflammatory response
GOBP_REGULATION_OF_TYPE_I_INTERFERON_MEDIATED_SIGNALING_PATHWAY	GO:0060338	defense response to other organism
GOBP_REGULATION_OF_TYROSINE_PHOSPHORYLATION_OF_STAT_PROTEIN	GO:0042509	signaling
GOBP_REGULATION_OF_T_CELL_ACTIVATION	GO:0050863	immune system process
GOBP_REGULATION_OF_T_CELL_ACTIVATION_VIA_T_CELL_RECEPTOR_CONTACT_WITH_ANTIGEN_BOUND_TO_MHC_MOLECULE_ON_ANTIGEN_PRESENTING_CELL	GO:2001188	immune system process
GOBP_REGULATION_OF_T_CELL_APOPTOTIC_PROCESS	GO:0070232	programmed cell death
GOBP_REGULATION_OF_T_CELL_CHEMOTAXIS	GO:0010819	cell motility
GOBP_REGULATION_OF_T_CELL_COSTIMULATION	GO:2000523	cell adhesion
GOBP_REGULATION_OF_T_CELL_DIFFERENTIATION_IN_THYMUS	GO:0033081	cell differentiation
GOBP_REGULATION_OF_T_CELL_EXTRAVASATION	GO:2000407	cell motility
GOBP_REGULATION_OF_T_CELL_MEDIATED_CYTOTOXICITY	GO:0001914	immune system process
GOBP_REGULATION_OF_T_CELL_MEDIATED_IMMUNITY	GO:0002709	immune system process
GOBP_REGULATION_OF_T_CELL_MIGRATION	GO:2000404	cell motility
GOBP_REGULATION_OF_T_CELL_RECEPTOR_SIGNALING_PATHWAY	GO:0050856	signaling
GOBP_REGULATION_OF_T_CIRCLE_FORMATION	GO:1904429	telomere organization
GOBP_REGULATION_OF_T_HELPER_17_CELL_DIFFERENTIATION	GO:2000319	cell differentiation
GOBP_REGULATION_OF_T_HELPER_17_CELL_LINEAGE_COMMITMENT	GO:2000328	cell differentiation
GOBP_REGULATION_OF_T_HELPER_17_TYPE_IMMUNE_RESPONSE	GO:2000316	immune system process
GOBP_REGULATION_OF_T_HELPER_1_CELL_DIFFERENTIATION	GO:0045625	cell differentiation
GOBP_REGULATION_OF_T_HELPER_1_TYPE_IMMUNE_RESPONSE	GO:0002825	immune system process
GOBP_REGULATION_OF_T_HELPER_2_CELL_DIFFERENTIATION	GO:0045628	cell differentiation
GOBP_REGULATION_OF_T_HELPER_CELL_DIFFERENTIATION	GO:0045622	cell differentiation
GOBP_REGULATION_OF_UBIQUITIN_DEPENDENT_PROTEIN_CATABOLIC_PROCESS	GO:2000058	protein catabolic process
GOBP_REGULATION_OF_UBIQUITIN_PROTEIN_LIGASE_ACTIVITY	GO:1904666	unmapped
GOBP_REGULATION_OF_UBIQUITIN_PROTEIN_TRANSFERASE_ACTIVITY	GO:0051438	unmapped
GOBP_REGULATION_OF_UNSATURATED_FATTY_ACID_BIOSYNTHETIC_PROCESS	GO:2001279	lipid metabolic process
GOBP_REGULATION_OF_URINE_VOLUME	GO:0035809	renal system process
GOBP_REGULATION_OF_VACUOLE_ORGANIZATION	GO:0044088	unmapped
GOBP_REGULATION_OF_VASCULAR_ASSOCIATED_SMOOTH_MUSCLE_CELL_DEDIFFERENTIATION	GO:1905174	unmapped
GOBP_REGULATION_OF_VASCULAR_ASSOCIATED_SMOOTH_MUSCLE_CELL_DIFFERENTIATION	GO:1905063	cell differentiation
GOBP_REGULATION_OF_VASCULAR_ASSOCIATED_SMOOTH_MUSCLE_CONTRACTION	GO:0003056	muscle system process
GOBP_REGULATION_OF_VASCULAR_ENDOTHELIAL_GROWTH_FACTOR_RECEPTOR_SIGNALING_PATHWAY	GO:0030947	signaling
GOBP_REGULATION_OF_VASCULAR_PERMEABILITY	GO:0043114	circulatory system process
GOBP_REGULATION_OF_VASCULAR_WOUND_HEALING	GO:0061043	wound healing
GOBP_REGULATION_OF_VASCULATURE_DEVELOPMENT	GO:1901342	anatomical structure development
GOBP_REGULATION_OF_VASCULOGENESIS	GO:2001212	cell differentiation
GOBP_REGULATION_OF_VASOCONSTRICTION	GO:0019229	circulatory system process
GOBP_REGULATION_OF_VENTRICULAR_CARDIAC_MUSCLE_CELL_ACTION_POTENTIAL	GO:0098911	muscle system process
GOBP_REGULATION_OF_VENTRICULAR_CARDIAC_MUSCLE_CELL_MEMBRANE_DEPOLARIZATION	GO:0060373	unmapped
GOBP_REGULATION_OF_VENTRICULAR_CARDIAC_MUSCLE_CELL_MEMBRANE_REPOLARIZATION	GO:0060307	unmapped
GOBP_REGULATION_OF_VERY_LOW_DENSITY_LIPOPROTEIN_PARTICLE_CLEARANCE	GO:0010915	unmapped
GOBP_REGULATION_OF_VERY_LOW_DENSITY_LIPOPROTEIN_PARTICLE_REMODELING	GO:0010901	unmapped
GOBP_REGULATION_OF_VESICLE_FUSION	GO:0031338	vesicle-mediated transport
GOBP_REGULATION_OF_VESICLE_MEDIATED_TRANSPORT	GO:0060627	vesicle-mediated transport
GOBP_REGULATION_OF_VESICLE_SIZE	GO:0097494	unmapped
GOBP_REGULATION_OF_VIRAL_ENTRY_INTO_HOST_CELL	GO:0046596	unmapped
GOBP_REGULATION_OF_VIRAL_GENOME_REPLICATION	GO:0045069	unmapped
GOBP_REGULATION_OF_VIRAL_LIFE_CYCLE	GO:1903900	unmapped
GOBP_REGULATION_OF_VIRAL_PROCESS	GO:0050792	unmapped
GOBP_REGULATION_OF_VIRAL_TRANSCRIPTION	GO:0046782	unmapped
GOBP_REGULATION_OF_VITAMIN_D_BIOSYNTHETIC_PROCESS	GO:0060556	lipid metabolic process
GOBP_REGULATION_OF_VITAMIN_D_RECEPTOR_SIGNALING_PATHWAY	GO:0070562	signaling
GOBP_REGULATION_OF_VITAMIN_METABOLIC_PROCESS	GO:0030656	vitamin metabolic process
GOBP_REGULATION_OF_VOLTAGE_GATED_CALCIUM_CHANNEL_ACTIVITY	GO:1901385	transmembrane transport
GOBP_REGULATION_OF_WNT_PROTEIN_SECRETION	GO:0061356	signaling
GOBP_REGULATION_OF_WNT_SIGNALING_PATHWAY	GO:0030111	signaling
GOBP_REGULATION_OF_WNT_SIGNALING_PATHWAY_PLANAR_CELL_POLARITY_PATHWAY	GO:2000095	signaling
GOBP_REGULATION_OF_WOUND_HEALING	GO:0061041	wound healing
GOBP_REGULATION_OF_WOUND_HEALING_SPREADING_OF_EPIDERMAL_CELLS	GO:1903689	wound healing
GOBP_REGULATION_OF_XENOPHAGY	GO:1904415	defense response to other organism
GOBP_REGULATION_PROTEIN_CATABOLIC_PROCESS_AT_SYNAPSE	GO:0140250	unmapped
GOBP_REGULATORY_NCRNA_MEDIATED_GENE_SILENCING	GO:0031047	regulatory ncRNA-mediated gene silencing
GOBP_REGULATORY_NCRNA_MEDIATED_HETEROCHROMATIN_FORMATION	GO:0031048	regulatory ncRNA-mediated gene silencing
GOBP_REGULATORY_NCRNA_PROCESSING	GO:0070918	regulatory ncRNA-mediated gene silencing
GOBP_REGULATORY_T_CELL_DIFFERENTIATION	GO:0045066	cell differentiation
GOBP_RELAXATION_OF_CARDIAC_MUSCLE	GO:0055119	muscle system process
GOBP_RELAXATION_OF_MUSCLE	GO:0090075	muscle system process
GOBP_RELAXATION_OF_SMOOTH_MUSCLE	GO:0044557	muscle system process
GOBP_RELAXATION_OF_VASCULAR_ASSOCIATED_SMOOTH_MUSCLE	GO:0060087	muscle system process
GOBP_RELEASE_OF_CYTOCHROME_C_FROM_MITOCHONDRIA	GO:0001836	mitochondrion organization
GOBP_RELEASE_OF_SEQUESTERED_CALCIUM_ION_INTO_CYTOSOL_BY_ENDOPLASMIC_RETICULUM	GO:1903514	transmembrane transport
GOBP_RENAL_ABSORPTION	GO:0070293	renal system process
GOBP_RENAL_ALBUMIN_ABSORPTION	GO:0097018	renal system process
GOBP_RENAL_CONTROL_OF_PERIPHERAL_VASCULAR_RESISTANCE_INVOLVED_IN_REGULATION_OF_SYSTEMIC_ARTERIAL_BLOOD_PRESSURE		unmapped
GOBP_RENAL_FILTRATION	GO:0097205	renal system process
GOBP_RENAL_PROTEIN_ABSORPTION	GO:0097017	renal system process
GOBP_RENAL_RESPONSE_TO_BLOOD_FLOW_INVOLVED_IN_CIRCULATORY_RENIN_ANGIOTENSIN_REGULATION_OF_SYSTEMIC_ARTERIAL_BLOOD_PRESSURE	GO:0001999	circulatory system process
GOBP_RENAL_SODIUM_EXCRETION	GO:0035812	renal system process
GOBP_RENAL_SODIUM_ION_ABSORPTION	GO:0070294	renal system process
GOBP_RENAL_SODIUM_ION_TRANSPORT	GO:0003096	renal system process
GOBP_RENAL_SYSTEM_DEVELOPMENT	GO:0072001	anatomical structure development
GOBP_RENAL_SYSTEM_PROCESS	GO:0003014	renal system process
GOBP_RENAL_SYSTEM_PROCESS_INVOLVED_IN_REGULATION_OF_BLOOD_VOLUME		unmapped
GOBP_RENAL_SYSTEM_PROCESS_INVOLVED_IN_REGULATION_OF_SYSTEMIC_ARTERIAL_BLOOD_PRESSURE	GO:0003071	circulatory system process
GOBP_RENAL_SYSTEM_VASCULATURE_DEVELOPMENT	GO:0061437	anatomical structure development
GOBP_RENAL_SYSTEM_VASCULATURE_MORPHOGENESIS	GO:0061438	anatomical structure development
GOBP_RENAL_TUBULAR_SECRETION	GO:0097254	renal system process
GOBP_RENAL_TUBULE_DEVELOPMENT	GO:0061326	anatomical structure development
GOBP_RENAL_TUBULE_MORPHOGENESIS	GO:0061333	anatomical structure development
GOBP_RENAL_VESICLE_DEVELOPMENT	GO:0072087	anatomical structure development
GOBP_RENAL_VESICLE_FORMATION	GO:0072033	anatomical structure development
GOBP_RENAL_WATER_ABSORPTION	GO:0070295	renal system process
GOBP_RENAL_WATER_HOMEOSTASIS	GO:0003091	renal system process
GOBP_RENAL_WATER_TRANSPORT	GO:0003097	renal system process
GOBP_REPLACEMENT_OSSIFICATION	GO:0036075	unmapped
GOBP_REPLICATION_BORN_DOUBLE_STRAND_BREAK_REPAIR_VIA_SISTER_CHROMATID_EXCHANGE	GO:1990414	DNA repair
GOBP_REPLICATIVE_SENESCENCE	GO:0090399	unmapped
GOBP_REPRODUCTIVE_BEHAVIOR	GO:0019098	reproductive process
GOBP_REPRODUCTIVE_PROCESS	GO:0022414	reproductive process
GOBP_REPRODUCTIVE_SYSTEM_DEVELOPMENT	GO:0061458	anatomical structure development
GOBP_RESCUE_OF_STALLED_RIBOSOME		unmapped
GOBP_RESOLUTION_OF_DNA_RECOMBINATION_INTERMEDIATES	GO:0071139	DNA recombination
GOBP_RESOLUTION_OF_MEIOTIC_RECOMBINATION_INTERMEDIATES	GO:0000712	DNA recombination
GOBP_RESOLUTION_OF_MITOTIC_RECOMBINATION_INTERMEDIATES	GO:0071140	DNA recombination
GOBP_RESPIRATORY_BURST	GO:0045730	unmapped
GOBP_RESPIRATORY_BURST_INVOLVED_IN_DEFENSE_RESPONSE	GO:0002679	immune system process
GOBP_RESPIRATORY_BURST_INVOLVED_IN_INFLAMMATORY_RESPONSE	GO:0002536	inflammatory response
GOBP_RESPIRATORY_CHAIN_COMPLEX_III_ASSEMBLY	GO:0017062	protein-containing complex assembly
GOBP_RESPIRATORY_CHAIN_COMPLEX_IV_ASSEMBLY	GO:0008535	protein-containing complex assembly
GOBP_RESPIRATORY_GASEOUS_EXCHANGE_BY_RESPIRATORY_SYSTEM	GO:0007585	unmapped
GOBP_RESPIRATORY_SYSTEM_DEVELOPMENT	GO:0060541	anatomical structure development
GOBP_RESPIRATORY_SYSTEM_PROCESS	GO:0003016	respiratory system process
GOBP_RESPONSE_TO_2_3_7_8_TETRACHLORODIBENZODIOXINE	GO:1904612	unmapped
GOBP_RESPONSE_TO_ABIOTIC_STIMULUS	GO:0009628	unmapped
GOBP_RESPONSE_TO_ACETYLCHOLINE	GO:1905144	unmapped
GOBP_RESPONSE_TO_ACIDIC_PH	GO:0010447	unmapped
GOBP_RESPONSE_TO_ACID_CHEMICAL	GO:0001101	unmapped
GOBP_RESPONSE_TO_ACTIVITY	GO:0014823	unmapped
GOBP_RESPONSE_TO_ALCOHOL	GO:0097305	unmapped
GOBP_RESPONSE_TO_ALDOSTERONE	GO:1904044	unmapped
GOBP_RESPONSE_TO_ALKALOID	GO:0043279	unmapped
GOBP_RESPONSE_TO_AMINE	GO:0014075	unmapped
GOBP_RESPONSE_TO_AMINO_ACID_STARVATION	GO:1990928	unmapped
GOBP_RESPONSE_TO_AMMONIUM_ION	GO:0060359	unmapped
GOBP_RESPONSE_TO_AMPHETAMINE	GO:0001975	unmapped
GOBP_RESPONSE_TO_AMYLOID_BETA	GO:1904645	unmapped
GOBP_RESPONSE_TO_ANESTHETIC	GO:0072347	unmapped
GOBP_RESPONSE_TO_ANGIOTENSIN	GO:1990776	unmapped
GOBP_RESPONSE_TO_ANTIBIOTIC	GO:0046677	unmapped
GOBP_RESPONSE_TO_ARSENIC_CONTAINING_SUBSTANCE	GO:0046685	unmapped
GOBP_RESPONSE_TO_ATP	GO:0033198	unmapped
GOBP_RESPONSE_TO_AUDITORY_STIMULUS	GO:0010996	unmapped
GOBP_RESPONSE_TO_AXON_INJURY	GO:0048678	unmapped
GOBP_RESPONSE_TO_BACTERIAL_LIPOPROTEIN	GO:0032493	unmapped
GOBP_RESPONSE_TO_BACTERIUM	GO:0009617	unmapped
GOBP_RESPONSE_TO_BILE_ACID	GO:1903412	unmapped
GOBP_RESPONSE_TO_BLEOMYCIN	GO:1904975	unmapped
GOBP_RESPONSE_TO_BLUE_LIGHT	GO:0009637	unmapped
GOBP_RESPONSE_TO_BMP	GO:0071772	unmapped
GOBP_RESPONSE_TO_CADMIUM_ION	GO:0046686	unmapped
GOBP_RESPONSE_TO_CAFFEINE	GO:0031000	unmapped
GOBP_RESPONSE_TO_CALCIUM_ION	GO:0051592	unmapped
GOBP_RESPONSE_TO_CAMP	GO:0051591	unmapped
GOBP_RESPONSE_TO_CARBOHYDRATE	GO:0009743	unmapped
GOBP_RESPONSE_TO_CELL_CYCLE_CHECKPOINT_SIGNALING	GO:0072396	unmapped
GOBP_RESPONSE_TO_CGMP	GO:0070305	unmapped
GOBP_RESPONSE_TO_CHEMOKINE	GO:1990868	unmapped
GOBP_RESPONSE_TO_CISPLATIN	GO:0072718	unmapped
GOBP_RESPONSE_TO_COBALT_ION	GO:0032025	unmapped
GOBP_RESPONSE_TO_COCAINE	GO:0042220	unmapped
GOBP_RESPONSE_TO_COLD	GO:0009409	unmapped
GOBP_RESPONSE_TO_COPPER_ION	GO:0046688	unmapped
GOBP_RESPONSE_TO_CORTICOSTEROID	GO:0031960	unmapped
GOBP_RESPONSE_TO_CORTICOSTERONE	GO:0051412	unmapped
GOBP_RESPONSE_TO_CORTICOTROPIN_RELEASING_HORMONE	GO:0043435	unmapped
GOBP_RESPONSE_TO_CORTISOL	GO:0051414	unmapped
GOBP_RESPONSE_TO_CYCLOHEXIMIDE	GO:0046898	unmapped
GOBP_RESPONSE_TO_DEXAMETHASONE	GO:0071548	unmapped
GOBP_RESPONSE_TO_DIACYL_BACTERIAL_LIPOPEPTIDE	GO:0071724	unmapped
GOBP_RESPONSE_TO_DIETARY_EXCESS	GO:0002021	unmapped
GOBP_RESPONSE_TO_DISACCHARIDE	GO:0034285	unmapped
GOBP_RESPONSE_TO_DSRNA	GO:0043331	unmapped
GOBP_RESPONSE_TO_ELECTRICAL_STIMULUS	GO:0051602	unmapped
GOBP_RESPONSE_TO_ENDOGENOUS_STIMULUS	GO:0009719	unmapped
GOBP_RESPONSE_TO_ENDOPLASMIC_RETICULUM_STRESS	GO:0034976	unmapped
GOBP_RESPONSE_TO_EPIDERMAL_GROWTH_FACTOR	GO:0070849	unmapped
GOBP_RESPONSE_TO_EPINEPHRINE	GO:0071871	unmapped
GOBP_RESPONSE_TO_ERYTHROPOIETIN	GO:0036017	unmapped
GOBP_RESPONSE_TO_ESTRADIOL	GO:0032355	unmapped
GOBP_RESPONSE_TO_ESTROGEN	GO:0043627	unmapped
GOBP_RESPONSE_TO_ETHANOL	GO:0045471	unmapped
GOBP_RESPONSE_TO_ETHER	GO:0045472	unmapped
GOBP_RESPONSE_TO_FATTY_ACID	GO:0070542	unmapped
GOBP_RESPONSE_TO_FIBROBLAST_GROWTH_FACTOR	GO:0071774	unmapped
GOBP_RESPONSE_TO_FLUID_SHEAR_STRESS	GO:0034405	unmapped
GOBP_RESPONSE_TO_FLUORIDE	GO:1902617	unmapped
GOBP_RESPONSE_TO_FOLIC_ACID	GO:0051593	unmapped
GOBP_RESPONSE_TO_FOLLICLE_STIMULATING_HORMONE	GO:0032354	unmapped
GOBP_RESPONSE_TO_FOOD	GO:0032094	unmapped
GOBP_RESPONSE_TO_FORSKOLIN	GO:1904321	unmapped
GOBP_RESPONSE_TO_FRUCTOSE	GO:0009750	unmapped
GOBP_RESPONSE_TO_FUNGICIDE	GO:0060992	unmapped
GOBP_RESPONSE_TO_FUNGUS	GO:0009620	unmapped
GOBP_RESPONSE_TO_GAMMA_RADIATION	GO:0010332	unmapped
GOBP_RESPONSE_TO_GLUCAGON	GO:0033762	unmapped
GOBP_RESPONSE_TO_GLYCOPROTEIN	GO:1904587	unmapped
GOBP_RESPONSE_TO_GLYCOSIDE	GO:1903416	unmapped
GOBP_RESPONSE_TO_GONADOTROPIN	GO:0034698	unmapped
GOBP_RESPONSE_TO_GONADOTROPIN_RELEASING_HORMONE	GO:0097210	unmapped
GOBP_RESPONSE_TO_GRAM_POSITIVE_BACTERIUM	GO:0140459	unmapped
GOBP_RESPONSE_TO_GRANULOCYTE_MACROPHAGE_COLONY_STIMULATING_FACTOR	GO:0097012	unmapped
GOBP_RESPONSE_TO_GRAVITY	GO:0009629	unmapped
GOBP_RESPONSE_TO_GROWTH_FACTOR	GO:0070848	unmapped
GOBP_RESPONSE_TO_GROWTH_HORMONE	GO:0060416	unmapped
GOBP_RESPONSE_TO_HEAT	GO:0009408	unmapped
GOBP_RESPONSE_TO_HEPARIN	GO:0071503	unmapped
GOBP_RESPONSE_TO_HEPATOCYTE_GROWTH_FACTOR	GO:0035728	unmapped
GOBP_RESPONSE_TO_HERBICIDE	GO:0009635	unmapped
GOBP_RESPONSE_TO_HIGH_LIGHT_INTENSITY	GO:0009644	unmapped
GOBP_RESPONSE_TO_HISTAMINE	GO:0034776	unmapped
GOBP_RESPONSE_TO_HORMONE	GO:0009725	unmapped
GOBP_RESPONSE_TO_HYDROGEN_PEROXIDE	GO:0042542	unmapped
GOBP_RESPONSE_TO_HYDROPEROXIDE	GO:0033194	unmapped
GOBP_RESPONSE_TO_HYDROSTATIC_PRESSURE	GO:0051599	unmapped
GOBP_RESPONSE_TO_HYDROXYUREA	GO:0072710	unmapped
GOBP_RESPONSE_TO_HYPEROXIA	GO:0055093	unmapped
GOBP_RESPONSE_TO_IMMOBILIZATION_STRESS	GO:0035902	unmapped
GOBP_RESPONSE_TO_INACTIVITY	GO:0014854	unmapped
GOBP_RESPONSE_TO_INCREASED_OXYGEN_LEVELS	GO:0036296	unmapped
GOBP_RESPONSE_TO_INDOLE_3_METHANOL	GO:0071680	unmapped
GOBP_RESPONSE_TO_INSECTICIDE	GO:0017085	unmapped
GOBP_RESPONSE_TO_INSULIN	GO:0032868	unmapped
GOBP_RESPONSE_TO_INTERFERON_ALPHA	GO:0035455	unmapped
GOBP_RESPONSE_TO_INTERFERON_BETA	GO:0035456	unmapped
GOBP_RESPONSE_TO_INTERLEUKIN_1	GO:0070555	unmapped
GOBP_RESPONSE_TO_INTERLEUKIN_12	GO:0070671	unmapped
GOBP_RESPONSE_TO_INTERLEUKIN_13	GO:0035962	unmapped
GOBP_RESPONSE_TO_INTERLEUKIN_15	GO:0070672	unmapped
GOBP_RESPONSE_TO_INTERLEUKIN_17	GO:0097396	unmapped
GOBP_RESPONSE_TO_INTERLEUKIN_18	GO:0070673	unmapped
GOBP_RESPONSE_TO_INTERLEUKIN_2	GO:0070669	unmapped
GOBP_RESPONSE_TO_INTERLEUKIN_3	GO:0036015	unmapped
GOBP_RESPONSE_TO_INTERLEUKIN_4	GO:0070670	unmapped
GOBP_RESPONSE_TO_INTERLEUKIN_6	GO:0070741	unmapped
GOBP_RESPONSE_TO_INTERLEUKIN_7	GO:0098760	unmapped
GOBP_RESPONSE_TO_INTERLEUKIN_9	GO:0071104	unmapped
GOBP_RESPONSE_TO_IONIZING_RADIATION	GO:0010212	unmapped
GOBP_RESPONSE_TO_IONOMYCIN	GO:1904636	unmapped
GOBP_RESPONSE_TO_IRON_II_ION	GO:0010040	unmapped
GOBP_RESPONSE_TO_IRON_ION	GO:0010039	unmapped
GOBP_RESPONSE_TO_ISCHEMIA	GO:0002931	unmapped
GOBP_RESPONSE_TO_ISOQUINOLINE_ALKALOID	GO:0014072	unmapped
GOBP_RESPONSE_TO_KETONE	GO:1901654	unmapped
GOBP_RESPONSE_TO_LAMINAR_FLUID_SHEAR_STRESS	GO:0034616	unmapped
GOBP_RESPONSE_TO_LEAD_ION	GO:0010288	unmapped
GOBP_RESPONSE_TO_LECTIN	GO:1990840	unmapped
GOBP_RESPONSE_TO_LEPTIN	GO:0044321	unmapped
GOBP_RESPONSE_TO_LEUKEMIA_INHIBITORY_FACTOR	GO:1990823	unmapped
GOBP_RESPONSE_TO_LIGHT_INTENSITY	GO:0009642	unmapped
GOBP_RESPONSE_TO_LIGHT_STIMULUS	GO:0009416	unmapped
GOBP_RESPONSE_TO_LIPID	GO:0033993	unmapped
GOBP_RESPONSE_TO_LIPOPROTEIN_PARTICLE	GO:0055094	unmapped
GOBP_RESPONSE_TO_LIPOTEICHOIC_ACID	GO:0070391	unmapped
GOBP_RESPONSE_TO_LITHIUM_ION	GO:0010226	unmapped
GOBP_RESPONSE_TO_LUTEINIZING_HORMONE	GO:0034699	unmapped
GOBP_RESPONSE_TO_L_ASCORBIC_ACID	GO:0033591	unmapped
GOBP_RESPONSE_TO_L_GLUTAMATE	GO:1902065	unmapped
GOBP_RESPONSE_TO_L_LEUCINE	GO:0043201	unmapped
GOBP_RESPONSE_TO_L_PHENYLALANINE_DERIVATIVE	GO:1904386	unmapped
GOBP_RESPONSE_TO_MACROPHAGE_COLONY_STIMULATING_FACTOR	GO:0036005	unmapped
GOBP_RESPONSE_TO_MAGNESIUM_ION	GO:0032026	unmapped
GOBP_RESPONSE_TO_MANGANESE_ION	GO:0010042	unmapped
GOBP_RESPONSE_TO_MECHANICAL_STIMULUS	GO:0009612	unmapped
GOBP_RESPONSE_TO_MERCURY_ION	GO:0046689	unmapped
GOBP_RESPONSE_TO_METAL_ION	GO:0010038	unmapped
GOBP_RESPONSE_TO_METHIONINE	GO:1904640	unmapped
GOBP_RESPONSE_TO_METHYLMERCURY	GO:0051597	unmapped
GOBP_RESPONSE_TO_MINERALOCORTICOID	GO:0051385	unmapped
GOBP_RESPONSE_TO_MISFOLDED_PROTEIN	GO:0051788	unmapped
GOBP_RESPONSE_TO_MITOCHONDRIAL_DEPOLARISATION	GO:0098780	unmapped
GOBP_RESPONSE_TO_MOLECULE_OF_BACTERIAL_ORIGIN	GO:0002237	unmapped
GOBP_RESPONSE_TO_MOLECULE_OF_FUNGAL_ORIGIN	GO:0002238	unmapped
GOBP_RESPONSE_TO_MONOAMINE	GO:0071867	unmapped
GOBP_RESPONSE_TO_MURAMYL_DIPEPTIDE	GO:0032495	unmapped
GOBP_RESPONSE_TO_MUSCLE_ACTIVITY	GO:0014850	unmapped
GOBP_RESPONSE_TO_MUSCLE_INACTIVITY	GO:0014870	unmapped
GOBP_RESPONSE_TO_MUSCLE_STRETCH	GO:0035994	unmapped
GOBP_RESPONSE_TO_MYCOTOXIN	GO:0010046	unmapped
GOBP_RESPONSE_TO_NEMATODE	GO:0009624	unmapped
GOBP_RESPONSE_TO_NERVE_GROWTH_FACTOR	GO:1990089	unmapped
GOBP_RESPONSE_TO_NICOTINE	GO:0035094	unmapped
GOBP_RESPONSE_TO_NITRIC_OXIDE	GO:0071731	unmapped
GOBP_RESPONSE_TO_NITROGEN_COMPOUND	GO:1901698	unmapped
GOBP_RESPONSE_TO_NITROSATIVE_STRESS	GO:0051409	unmapped
GOBP_RESPONSE_TO_NUTRIENT	GO:0007584	unmapped
GOBP_RESPONSE_TO_NUTRIENT_LEVELS	GO:0031667	unmapped
GOBP_RESPONSE_TO_ODORANT	GO:1990834	unmapped
GOBP_RESPONSE_TO_ORGANOPHOSPHORUS	GO:0046683	unmapped
GOBP_RESPONSE_TO_OSCILLATORY_FLUID_SHEAR_STRESS	GO:0097702	unmapped
GOBP_RESPONSE_TO_OSMOTIC_STRESS	GO:0006970	unmapped
GOBP_RESPONSE_TO_OXIDATIVE_STRESS	GO:0006979	unmapped
GOBP_RESPONSE_TO_OXYGEN_CONTAINING_COMPOUND	GO:1901700	unmapped
GOBP_RESPONSE_TO_OXYGEN_GLUCOSE_DEPRIVATION	GO:0090649	unmapped
GOBP_RESPONSE_TO_OXYGEN_LEVELS	GO:0070482	unmapped
GOBP_RESPONSE_TO_OXYGEN_RADICAL	GO:0000305	unmapped
GOBP_RESPONSE_TO_PAIN	GO:0048265	unmapped
GOBP_RESPONSE_TO_PARATHYROID_HORMONE	GO:0071107	unmapped
GOBP_RESPONSE_TO_PEPTIDE	GO:1901652	unmapped
GOBP_RESPONSE_TO_PEPTIDE_HORMONE	GO:0043434	unmapped
GOBP_RESPONSE_TO_PEPTIDOGLYCAN	GO:0032494	unmapped
GOBP_RESPONSE_TO_PH	GO:0009268	unmapped
GOBP_RESPONSE_TO_PHENYLPROPANOID	GO:0080184	unmapped
GOBP_RESPONSE_TO_PHEROMONE	GO:0019236	unmapped
GOBP_RESPONSE_TO_PHORBOL_13_ACETATE_12_MYRISTATE	GO:1904627	unmapped
GOBP_RESPONSE_TO_PLATELET_DERIVED_GROWTH_FACTOR	GO:0036119	unmapped
GOBP_RESPONSE_TO_POTASSIUM_ION	GO:0035864	unmapped
GOBP_RESPONSE_TO_PROGESTERONE	GO:0032570	unmapped
GOBP_RESPONSE_TO_PROSTAGLANDIN	GO:0034694	unmapped
GOBP_RESPONSE_TO_PROSTAGLANDIN_D	GO:0071798	unmapped
GOBP_RESPONSE_TO_PROSTAGLANDIN_E	GO:0034695	unmapped
GOBP_RESPONSE_TO_PROTOZOAN	GO:0001562	unmapped
GOBP_RESPONSE_TO_PSYCHOSOCIAL_STRESS	GO:1990911	unmapped
GOBP_RESPONSE_TO_PURINE_CONTAINING_COMPOUND	GO:0014074	unmapped
GOBP_RESPONSE_TO_RADIATION	GO:0009314	unmapped
GOBP_RESPONSE_TO_RAPAMYCIN	GO:1901355	unmapped
GOBP_RESPONSE_TO_REACTIVE_OXYGEN_SPECIES	GO:0000302	unmapped
GOBP_RESPONSE_TO_REDOX_STATE	GO:0051775	unmapped
GOBP_RESPONSE_TO_RETINOIC_ACID	GO:0032526	unmapped
GOBP_RESPONSE_TO_SALT	GO:1902074	unmapped
GOBP_RESPONSE_TO_SALT_STRESS	GO:0009651	unmapped
GOBP_RESPONSE_TO_SELENIUM_ION	GO:0010269	unmapped
GOBP_RESPONSE_TO_SODIUM_ARSENITE	GO:1903935	unmapped
GOBP_RESPONSE_TO_SODIUM_PHOSPHATE	GO:1904383	unmapped
GOBP_RESPONSE_TO_STARVATION	GO:0042594	unmapped
GOBP_RESPONSE_TO_STEROID_HORMONE	GO:0048545	unmapped
GOBP_RESPONSE_TO_STEROL	GO:0036314	unmapped
GOBP_RESPONSE_TO_STEROL_DEPLETION	GO:0006991	unmapped
GOBP_RESPONSE_TO_STILBENOID	GO:0035634	unmapped
GOBP_RESPONSE_TO_STIMULUS_INVOLVED_IN_REGULATION_OF_MUSCLE_ADAPTATION		unmapped
GOBP_RESPONSE_TO_SYMBIONT	GO:0009608	unmapped
GOBP_RESPONSE_TO_SYMBIOTIC_BACTERIUM	GO:0009609	unmapped
GOBP_RESPONSE_TO_TEMPERATURE_STIMULUS	GO:0009266	unmapped
GOBP_RESPONSE_TO_TESTOSTERONE	GO:0033574	unmapped
GOBP_RESPONSE_TO_THYROGLOBULIN_TRIIODOTHYRONINE	GO:1904016	unmapped
GOBP_RESPONSE_TO_THYROID_HORMONE	GO:0097066	unmapped
GOBP_RESPONSE_TO_THYROXINE	GO:0097068	unmapped
GOBP_RESPONSE_TO_TOPOLOGICALLY_INCORRECT_PROTEIN	GO:0035966	unmapped
GOBP_RESPONSE_TO_TOXIC_SUBSTANCE	GO:0009636	unmapped
GOBP_RESPONSE_TO_TRANSFORMING_GROWTH_FACTOR_BETA	GO:0071559	unmapped
GOBP_RESPONSE_TO_TUMOR_CELL	GO:0002347	unmapped
GOBP_RESPONSE_TO_TUMOR_NECROSIS_FACTOR	GO:0034612	unmapped
GOBP_RESPONSE_TO_TYPE_III_INTERFERON	GO:0034342	defense response to other organism
GOBP_RESPONSE_TO_TYPE_II_INTERFERON	GO:0034341	defense response to other organism
GOBP_RESPONSE_TO_TYPE_I_INTERFERON	GO:0034340	defense response to other organism
GOBP_RESPONSE_TO_UV	GO:0009411	unmapped
GOBP_RESPONSE_TO_UV_A	GO:0070141	unmapped
GOBP_RESPONSE_TO_UV_B	GO:0010224	unmapped
GOBP_RESPONSE_TO_UV_C	GO:0010225	unmapped
GOBP_RESPONSE_TO_VASOPRESSIN	GO:1904116	unmapped
GOBP_RESPONSE_TO_VIRUS	GO:0009615	unmapped
GOBP_RESPONSE_TO_VITAMIN	GO:0033273	unmapped
GOBP_RESPONSE_TO_VITAMIN_A	GO:0033189	unmapped
GOBP_RESPONSE_TO_VITAMIN_D	GO:0033280	unmapped
GOBP_RESPONSE_TO_VITAMIN_E	GO:0033197	unmapped
GOBP_RESPONSE_TO_VITAMIN_K	GO:0032571	unmapped
GOBP_RESPONSE_TO_WATER	GO:0009415	unmapped
GOBP_RESPONSE_TO_WATER_DEPRIVATION	GO:0009414	unmapped
GOBP_RESPONSE_TO_WOUNDING	GO:0009611	unmapped
GOBP_RESPONSE_TO_XENOBIOTIC_STIMULUS	GO:0009410	unmapped
GOBP_RESPONSE_TO_X_RAY	GO:0010165	unmapped
GOBP_RESPONSE_TO_YEAST	GO:0001878	unmapped
GOBP_RESPONSE_TO_ZINC_ION	GO:0010043	unmapped
GOBP_RESPONSE_TO_ZINC_ION_STARVATION	GO:0120127	unmapped
GOBP_RETICULOPHAGY	GO:0061709	autophagy
GOBP_RETINAL_BIPOLAR_NEURON_DIFFERENTIATION	GO:0060040	cell differentiation
GOBP_RETINAL_BLOOD_VESSEL_MORPHOGENESIS	GO:0061304	anatomical structure development
GOBP_RETINAL_CELL_APOPTOTIC_PROCESS	GO:1990009	programmed cell death
GOBP_RETINAL_CELL_PROGRAMMED_CELL_DEATH	GO:0046666	programmed cell death
GOBP_RETINAL_CONE_CELL_DEVELOPMENT	GO:0046549	cell differentiation
GOBP_RETINAL_CONE_CELL_DIFFERENTIATION	GO:0042670	cell differentiation
GOBP_RETINAL_GANGLION_CELL_AXON_GUIDANCE	GO:0031290	cell differentiation
GOBP_RETINAL_METABOLIC_PROCESS	GO:0042574	lipid metabolic process
GOBP_RETINAL_PIGMENT_EPITHELIUM_DEVELOPMENT	GO:0003406	anatomical structure development
GOBP_RETINAL_ROD_CELL_DEVELOPMENT	GO:0046548	cell differentiation
GOBP_RETINAL_ROD_CELL_DIFFERENTIATION	GO:0060221	cell differentiation
GOBP_RETINA_DEVELOPMENT_IN_CAMERA_TYPE_EYE	GO:0060041	anatomical structure development
GOBP_RETINA_HOMEOSTASIS	GO:0001895	unmapped
GOBP_RETINA_LAYER_FORMATION	GO:0010842	anatomical structure development
GOBP_RETINA_MORPHOGENESIS_IN_CAMERA_TYPE_EYE	GO:0060042	anatomical structure development
GOBP_RETINA_VASCULATURE_DEVELOPMENT_IN_CAMERA_TYPE_EYE	GO:0061298	anatomical structure development
GOBP_RETINA_VASCULATURE_MORPHOGENESIS_IN_CAMERA_TYPE_EYE	GO:0061299	anatomical structure development
GOBP_RETINOIC_ACID_METABOLIC_PROCESS	GO:0042573	lipid metabolic process
GOBP_RETINOIC_ACID_RECEPTOR_SIGNALING_PATHWAY	GO:0048384	signaling
GOBP_RETINOL_METABOLIC_PROCESS	GO:0042572	lipid metabolic process
GOBP_RETROGRADE_AXONAL_TRANSPORT	GO:0008090	microtubule-based movement
GOBP_RETROGRADE_NEURONAL_DENSE_CORE_VESICLE_TRANSPORT	GO:1990049	microtubule-based movement
GOBP_RETROGRADE_TRANSPORT_ENDOSOME_TO_GOLGI	GO:0042147	vesicle-mediated transport
GOBP_RETROGRADE_TRANSPORT_VESICLE_RECYCLING_WITHIN_GOLGI	GO:0000301	vesicle-mediated transport
GOBP_RETROGRADE_TRANS_SYNAPTIC_SIGNALING	GO:0098917	signaling
GOBP_RETROGRADE_TRANS_SYNAPTIC_SIGNALING_BY_LIPID	GO:0098920	signaling
GOBP_RETROGRADE_VESICLE_MEDIATED_TRANSPORT_GOLGI_TO_ENDOPLASMIC_RETICULUM	GO:0006890	vesicle-mediated transport
GOBP_REVERSE_CHOLESTEROL_TRANSPORT	GO:0043691	unmapped
GOBP_REVERSIBLE_DIFFERENTIATION	GO:0090677	unmapped
GOBP_RHOMBOMERE_DEVELOPMENT	GO:0021546	anatomical structure development
GOBP_RHO_ACTIVATING_G_PROTEIN_COUPLED_RECEPTOR_SIGNALING_PATHWAY	GO:0160221	signaling
GOBP_RHO_PROTEIN_SIGNAL_TRANSDUCTION	GO:0007266	signaling
GOBP_RHYTHMIC_BEHAVIOR	GO:0007622	unmapped
GOBP_RHYTHMIC_PROCESS	GO:0048511	unmapped
GOBP_RIBOFLAVIN_METABOLIC_PROCESS	GO:0006771	unmapped
GOBP_RIBOFLAVIN_TRANSPORT	GO:0032218	unmapped
GOBP_RIBONUCLEOPROTEIN_COMPLEX_BIOGENESIS	GO:0022613	unmapped
GOBP_RIBONUCLEOPROTEIN_COMPLEX_LOCALIZATION	GO:0071166	unmapped
GOBP_RIBONUCLEOSIDE_CATABOLIC_PROCESS	GO:0042454	nucleobase-containing small molecule metabolic process
GOBP_RIBONUCLEOSIDE_DIPHOSPHATE_BIOSYNTHETIC_PROCESS	GO:0009188	nucleobase-containing small molecule metabolic process
GOBP_RIBONUCLEOSIDE_METABOLIC_PROCESS	GO:0009119	nucleobase-containing small molecule metabolic process
GOBP_RIBONUCLEOSIDE_MONOPHOSPHATE_BIOSYNTHETIC_PROCESS	GO:0009156	nucleobase-containing small molecule metabolic process
GOBP_RIBONUCLEOSIDE_MONOPHOSPHATE_CATABOLIC_PROCESS	GO:0009158	nucleobase-containing small molecule metabolic process
GOBP_RIBONUCLEOSIDE_MONOPHOSPHATE_METABOLIC_PROCESS		unmapped
GOBP_RIBOSE_PHOSPHATE_BIOSYNTHETIC_PROCESS	GO:0046390	carbohydrate derivative metabolic process
GOBP_RIBOSE_PHOSPHATE_METABOLIC_PROCESS	GO:0019693	carbohydrate derivative metabolic process
GOBP_RIBOSOMAL_LARGE_SUBUNIT_ASSEMBLY	GO:0000027	ribosome biogenesis
GOBP_RIBOSOMAL_LARGE_SUBUNIT_BIOGENESIS	GO:0042273	ribosome biogenesis
GOBP_RIBOSOMAL_LARGE_SUBUNIT_EXPORT_FROM_NUCLEUS	GO:0000055	nucleocytoplasmic transport
GOBP_RIBOSOMAL_SMALL_SUBUNIT_ASSEMBLY	GO:0000028	ribosome biogenesis
GOBP_RIBOSOMAL_SMALL_SUBUNIT_BIOGENESIS	GO:0042274	ribosome biogenesis
GOBP_RIBOSOMAL_SMALL_SUBUNIT_EXPORT_FROM_NUCLEUS	GO:0000056	nucleocytoplasmic transport
GOBP_RIBOSOMAL_SUBUNIT_EXPORT_FROM_NUCLEUS	GO:0000054	nucleocytoplasmic transport
GOBP_RIBOSOME_ASSEMBLY	GO:0042255	ribosome biogenesis
GOBP_RIBOSOME_ASSOCIATED_UBIQUITIN_DEPENDENT_PROTEIN_CATABOLIC_PROCESS	GO:1990116	protein catabolic process
GOBP_RIBOSOME_BIOGENESIS	GO:0042254	ribosome biogenesis
GOBP_RIBOSOME_DISASSEMBLY	GO:0032790	unmapped
GOBP_RIGHTING_REFLEX	GO:0060013	unmapped
GOBP_RIG_I_SIGNALING_PATHWAY	GO:0039529	defense response to other organism
GOBP_RISC_COMPLEX_ASSEMBLY	GO:0070922	regulatory ncRNA-mediated gene silencing
GOBP_RNA_3_END_PROCESSING	GO:0031123	unmapped
GOBP_RNA_5_END_PROCESSING	GO:0000966	unmapped
GOBP_RNA_CAPPING	GO:0036260	unmapped
GOBP_RNA_DECAPPING	GO:0110154	unmapped
GOBP_RNA_EXPORT_FROM_NUCLEUS	GO:0006405	nucleocytoplasmic transport
GOBP_RNA_GUANINE_N7_METHYLATION	GO:0036265	unmapped
GOBP_RNA_IMPORT_INTO_MITOCHONDRION	GO:0035927	transmembrane transport
GOBP_RNA_LOCALIZATION	GO:0006403	unmapped
GOBP_RNA_METHYLATION	GO:0001510	unmapped
GOBP_RNA_MODIFICATION	GO:0009451	unmapped
GOBP_RNA_POLYMERASE_II_PREINITIATION_COMPLEX_ASSEMBLY	GO:0051123	DNA-templated transcription
GOBP_RNA_POLYMERASE_II_TRANSCRIPTION_INITIATION_SURVEILLANCE	GO:0160240	DNA-templated transcription
GOBP_RNA_POLYMERASE_I_PREINITIATION_COMPLEX_ASSEMBLY	GO:0001188	DNA-templated transcription
GOBP_RNA_PROCESSING	GO:0006396	unmapped
GOBP_RNA_SPLICING	GO:0008380	unmapped
GOBP_RNA_SPLICING_VIA_ENDONUCLEOLYTIC_CLEAVAGE_AND_LIGATION	GO:0000394	unmapped
GOBP_RNA_SPLICING_VIA_TRANSESTERIFICATION_REACTIONS	GO:0000375	unmapped
GOBP_RNA_SURVEILLANCE	GO:0071025	unmapped
GOBP_RNA_TEMPLATED_DNA_BIOSYNTHETIC_PROCESS	GO:0006278	unmapped
GOBP_ROOF_OF_MOUTH_DEVELOPMENT	GO:0060021	anatomical structure development
GOBP_ROSTROCAUDAL_NEURAL_TUBE_PATTERNING	GO:0021903	anatomical structure development
GOBP_ROUNDABOUT_SIGNALING_PATHWAY	GO:0035385	signaling
GOBP_RRNA_3_END_PROCESSING	GO:0031125	ribosome biogenesis
GOBP_RRNA_5_END_PROCESSING	GO:0000967	ribosome biogenesis
GOBP_RRNA_BASE_METHYLATION	GO:0070475	ribosome biogenesis
GOBP_RRNA_CATABOLIC_PROCESS	GO:0016075	unmapped
GOBP_RRNA_METABOLIC_PROCESS	GO:0016072	unmapped
GOBP_RRNA_METHYLATION	GO:0031167	ribosome biogenesis
GOBP_RRNA_MODIFICATION	GO:0000154	ribosome biogenesis
GOBP_RRNA_PROCESSING	GO:0006364	ribosome biogenesis
GOBP_RRNA_PSEUDOURIDINE_SYNTHESIS	GO:0031118	ribosome biogenesis
GOBP_RRNA_TRANSCRIPTION	GO:0009303	DNA-templated transcription
GOBP_RUFFLE_ASSEMBLY	GO:0097178	unmapped
GOBP_RUFFLE_ORGANIZATION	GO:0031529	unmapped
GOBP_R_LOOP_PROCESSING	GO:0062176	chromatin organization
GOBP_SALIVARY_GLAND_DEVELOPMENT	GO:0007431	anatomical structure development
GOBP_SALIVA_SECRETION	GO:0046541	digestive system process
GOBP_SARCOMERE_ORGANIZATION	GO:0045214	cytoskeleton organization
GOBP_SARCOPLASMIC_RETICULUM_CALCIUM_ION_TRANSPORT	GO:0070296	unmapped
GOBP_SATELLITE_CELL_ACTIVATION_INVOLVED_IN_SKELETAL_MUSCLE_REGENERATION	GO:0014901	anatomical structure development
GOBP_SA_NODE_CELL_TO_ATRIAL_CARDIAC_MUSCLE_CELL_COMMUNICATION	GO:0086070	circulatory system process
GOBP_SCARNA_LOCALIZATION_TO_CAJAL_BODY	GO:0090666	unmapped
GOBP_SCF_DEPENDENT_PROTEASOMAL_UBIQUITIN_DEPENDENT_PROTEIN_CATABOLIC_PROCESS	GO:0031146	protein catabolic process
GOBP_SCHWANN_CELL_DIFFERENTIATION	GO:0014037	cell differentiation
GOBP_SCHWANN_CELL_MIGRATION	GO:0036135	cell differentiation
GOBP_SCHWANN_CELL_PROLIFERATION	GO:0014010	cell differentiation
GOBP_SEBACEOUS_GLAND_DEVELOPMENT	GO:0048733	anatomical structure development
GOBP_SECONDARY_ALCOHOL_METABOLIC_PROCESS	GO:1902652	unmapped
GOBP_SECONDARY_HEART_FIELD_SPECIFICATION	GO:0003139	anatomical structure development
GOBP_SECONDARY_METABOLIC_PROCESS	GO:0019748	unmapped
GOBP_SECONDARY_METABOLITE_BIOSYNTHETIC_PROCESS	GO:0044550	unmapped
GOBP_SECONDARY_PALATE_DEVELOPMENT	GO:0062009	anatomical structure development
GOBP_SECRETION	GO:0046903	unmapped
GOBP_SECRETION_BY_TISSUE	GO:0032941	unmapped
GOBP_SECRETION_OF_LYSOSOMAL_ENZYMES	GO:0033299	unmapped
GOBP_SECRETORY_GRANULE_LOCALIZATION	GO:0032252	unmapped
GOBP_SECRETORY_GRANULE_ORGANIZATION	GO:0033363	unmapped
GOBP_SEGMENTATION	GO:0035282	anatomical structure development
GOBP_SEGMENT_SPECIFICATION	GO:0007379	anatomical structure development
GOBP_SELF_PROTEOLYSIS	GO:0097264	unmapped
GOBP_SEMAPHORIN_PLEXIN_SIGNALING_PATHWAY	GO:0071526	signaling
GOBP_SEMICIRCULAR_CANAL_DEVELOPMENT	GO:0060872	anatomical structure development
GOBP_SEMICIRCULAR_CANAL_MORPHOGENESIS	GO:0048752	anatomical structure development
GOBP_SEMINIFEROUS_TUBULE_DEVELOPMENT	GO:0072520	anatomical structure development
GOBP_SEMI_LUNAR_VALVE_DEVELOPMENT	GO:1905314	anatomical structure development
GOBP_SENSORY_ORGAN_DEVELOPMENT	GO:0007423	anatomical structure development
GOBP_SENSORY_ORGAN_MORPHOGENESIS	GO:0090596	anatomical structure development
GOBP_SENSORY_PERCEPTION	GO:0007600	nervous system process
GOBP_SENSORY_PERCEPTION_OF_BITTER_TASTE	GO:0050913	nervous system process
GOBP_SENSORY_PERCEPTION_OF_CHEMICAL_STIMULUS	GO:0007606	nervous system process
GOBP_SENSORY_PERCEPTION_OF_LIGHT_STIMULUS	GO:0050953	nervous system process
GOBP_SENSORY_PERCEPTION_OF_MECHANICAL_STIMULUS	GO:0050954	nervous system process
GOBP_SENSORY_PERCEPTION_OF_PAIN	GO:0019233	nervous system process
GOBP_SENSORY_PERCEPTION_OF_SMELL	GO:0007608	nervous system process
GOBP_SENSORY_PERCEPTION_OF_SOUR_TASTE	GO:0050915	nervous system process
GOBP_SENSORY_PERCEPTION_OF_SWEET_TASTE	GO:0050916	nervous system process
GOBP_SENSORY_PERCEPTION_OF_TASTE	GO:0050909	nervous system process
GOBP_SENSORY_PERCEPTION_OF_TEMPERATURE_STIMULUS	GO:0050951	nervous system process
GOBP_SENSORY_PERCEPTION_OF_TOUCH	GO:0050975	nervous system process
GOBP_SENSORY_PERCEPTION_OF_UMAMI_TASTE	GO:0050917	nervous system process
GOBP_SENSORY_SYSTEM_DEVELOPMENT	GO:0048880	anatomical structure development
GOBP_SEPTIN_CYTOSKELETON_ORGANIZATION	GO:0032185	cytoskeleton organization
GOBP_SEPTUM_PRIMUM_DEVELOPMENT	GO:0003284	anatomical structure development
GOBP_SEQUESTERING_OF_BMP_IN_EXTRACELLULAR_MATRIX		unmapped
GOBP_SEQUESTERING_OF_CALCIUM_ION		unmapped
GOBP_SEQUESTERING_OF_EXTRACELLULAR_LIGAND_FROM_RECEPTOR		unmapped
GOBP_SERINE_FAMILY_AMINO_ACID_BIOSYNTHETIC_PROCESS	GO:0009070	amino acid metabolic process
GOBP_SERINE_FAMILY_AMINO_ACID_CATABOLIC_PROCESS		unmapped
GOBP_SERINE_FAMILY_AMINO_ACID_METABOLIC_PROCESS		unmapped
GOBP_SERINE_TRANSPORT	GO:0032329	unmapped
GOBP_SEROTONERGIC_NEURON_AXON_GUIDANCE	GO:0036515	cell differentiation
GOBP_SEROTONIN_GATED_CATION_SELECTIVE_SIGNALING_PATHWAY	GO:0140227	signaling
GOBP_SEROTONIN_METABOLIC_PROCESS	GO:0042428	unmapped
GOBP_SEROTONIN_RECEPTOR_SIGNALING_PATHWAY	GO:0007210	signaling
GOBP_SEROTONIN_SECRETION	GO:0001820	signaling
GOBP_SEROTONIN_TRANSPORT		unmapped
GOBP_SEROTONIN_UPTAKE	GO:0051610	unmapped
GOBP_SERTOLI_CELL_DEVELOPMENT	GO:0060009	cell differentiation
GOBP_SERTOLI_CELL_DIFFERENTIATION	GO:0060008	cell differentiation
GOBP_SERTOLI_CELL_PROLIFERATION	GO:0060011	anatomical structure development
GOBP_SEXUAL_REPRODUCTION	GO:0019953	reproductive process
GOBP_SEX_CHROMOSOME_DOSAGE_COMPENSATION	GO:0007549	chromatin organization
GOBP_SEX_DETERMINATION	GO:0007530	reproductive process
GOBP_SEX_DIFFERENTIATION	GO:0007548	reproductive process
GOBP_SHORT_CHAIN_FATTY_ACID_CATABOLIC_PROCESS	GO:0019626	lipid metabolic process
GOBP_SHORT_CHAIN_FATTY_ACID_METABOLIC_PROCESS	GO:0046459	lipid metabolic process
GOBP_SHORT_TERM_MEMORY	GO:0007614	nervous system process
GOBP_SIALYLATION	GO:0097503	unmapped
GOBP_SIGNALING_RECEPTOR_LIGAND_PRECURSOR_PROCESSING	GO:0140448	protein maturation
GOBP_SIGNAL_COMPLEX_ASSEMBLY	GO:0007172	protein-containing complex assembly
GOBP_SIGNAL_PEPTIDE_PROCESSING		unmapped
GOBP_SIGNAL_RELEASE	GO:0023061	signaling
GOBP_SIGNAL_TRANSDUCTION_BY_P53_CLASS_MEDIATOR	GO:0072331	signaling
GOBP_SIGNAL_TRANSDUCTION_INVOLVED_IN_REGULATION_OF_GENE_EXPRESSION	GO:0023019	signaling
GOBP_SIGNAL_TRANSDUCTION_IN_ABSENCE_OF_LIGAND	GO:0038034	signaling
GOBP_SIGNAL_TRANSDUCTION_IN_RESPONSE_TO_DNA_DAMAGE	GO:0042770	signaling
GOBP_SINGLE_FERTILIZATION	GO:0007338	reproductive process
GOBP_SINGLE_STRANDED_VIRAL_RNA_REPLICATION_VIA_DOUBLE_STRANDED_DNA_INTERMEDIATE	GO:0039692	unmapped
GOBP_SINGLE_STRAND_BREAK_REPAIR	GO:0000012	DNA repair
GOBP_SINOATRIAL_NODE_CELL_DEVELOPMENT	GO:0060931	cell differentiation
GOBP_SINOATRIAL_NODE_CELL_DIFFERENTIATION	GO:0060921	cell differentiation
GOBP_SINOATRIAL_NODE_DEVELOPMENT	GO:0003163	anatomical structure development
GOBP_SIRNA_PROCESSING	GO:0030422	regulatory ncRNA-mediated gene silencing
GOBP_SISTER_CHROMATID_COHESION	GO:0007062	unmapped
GOBP_SISTER_CHROMATID_SEGREGATION	GO:0000819	chromosome segregation
GOBP_SKELETAL_MUSCLE_ACETYLCHOLINE_GATED_CHANNEL_CLUSTERING	GO:0071340	cell junction organization
GOBP_SKELETAL_MUSCLE_ADAPTATION	GO:0043501	muscle system process
GOBP_SKELETAL_MUSCLE_ATROPHY	GO:0014732	muscle system process
GOBP_SKELETAL_MUSCLE_CELL_DIFFERENTIATION	GO:0035914	cell differentiation
GOBP_SKELETAL_MUSCLE_CELL_PROLIFERATION	GO:0014856	unmapped
GOBP_SKELETAL_MUSCLE_CONTRACTION	GO:0003009	muscle system process
GOBP_SKELETAL_MUSCLE_FIBER_DIFFERENTIATION	GO:0098528	cell differentiation
GOBP_SKELETAL_MUSCLE_ORGAN_DEVELOPMENT	GO:0060538	anatomical structure development
GOBP_SKELETAL_MUSCLE_SATELLITE_CELL_ACTIVATION	GO:0014719	unmapped
GOBP_SKELETAL_MUSCLE_SATELLITE_CELL_DIFFERENTIATION	GO:0014816	cell differentiation
GOBP_SKELETAL_MUSCLE_SATELLITE_CELL_MAINTENANCE_INVOLVED_IN_SKELETAL_MUSCLE_REGENERATION	GO:0014834	anatomical structure development
GOBP_SKELETAL_MUSCLE_SATELLITE_CELL_PROLIFERATION	GO:0014841	unmapped
GOBP_SKELETAL_MUSCLE_THIN_FILAMENT_ASSEMBLY	GO:0030240	cytoskeleton organization
GOBP_SKELETAL_MUSCLE_TISSUE_GROWTH	GO:0048630	anatomical structure development
GOBP_SKELETAL_MUSCLE_TISSUE_REGENERATION	GO:0043403	anatomical structure development
GOBP_SKELETAL_MYOFIBRIL_ASSEMBLY	GO:0014866	cytoskeleton organization
GOBP_SKELETAL_SYSTEM_DEVELOPMENT	GO:0001501	anatomical structure development
GOBP_SKELETAL_SYSTEM_MORPHOGENESIS	GO:0048705	anatomical structure development
GOBP_SKIN_DEVELOPMENT	GO:0043588	anatomical structure development
GOBP_SKIN_EPIDERMIS_DEVELOPMENT	GO:0098773	anatomical structure development
GOBP_SKIN_MORPHOGENESIS	GO:0043589	anatomical structure development
GOBP_SLEEP	GO:0030431	unmapped
GOBP_SMAD_PROTEIN_SIGNAL_TRANSDUCTION	GO:0060395	signaling
GOBP_SMALL_GTPASE_MEDIATED_SIGNAL_TRANSDUCTION	GO:0007264	signaling
GOBP_SMALL_MOLECULE_BIOSYNTHETIC_PROCESS	GO:0044283	unmapped
GOBP_SMALL_MOLECULE_CATABOLIC_PROCESS	GO:0044282	unmapped
GOBP_SMALL_MOLECULE_METABOLIC_PROCESS	GO:0044281	unmapped
GOBP_SMALL_NUCLEOLAR_RIBONUCLEOPROTEIN_COMPLEX_ASSEMBLY	GO:0000491	protein-containing complex assembly
GOBP_SMOOTHENED_SIGNALING_PATHWAY	GO:0007224	signaling
GOBP_SMOOTHENED_SIGNALING_PATHWAY_INVOLVED_IN_DORSAL_VENTRAL_NEURAL_TUBE_PATTERNING	GO:0060831	signaling
GOBP_SMOOTH_MUSCLE_ADAPTATION	GO:0014805	muscle system process
GOBP_SMOOTH_MUSCLE_CELL_APOPTOTIC_PROCESS	GO:0034390	programmed cell death
GOBP_SMOOTH_MUSCLE_CELL_CHEMOTAXIS	GO:0071670	cell motility
GOBP_SMOOTH_MUSCLE_CELL_DIFFERENTIATION	GO:0051145	cell differentiation
GOBP_SMOOTH_MUSCLE_CELL_MATRIX_ADHESION	GO:0061302	cell adhesion
GOBP_SMOOTH_MUSCLE_CELL_MIGRATION	GO:0014909	cell motility
GOBP_SMOOTH_MUSCLE_CELL_PROLIFERATION	GO:0048659	unmapped
GOBP_SMOOTH_MUSCLE_CONTRACTION	GO:0006939	muscle system process
GOBP_SMOOTH_MUSCLE_TISSUE_DEVELOPMENT	GO:0048745	anatomical structure development
GOBP_SNARE_COMPLEX_ASSEMBLY	GO:0035493	protein-containing complex assembly
GOBP_SNORNA_LOCALIZATION	GO:0048254	unmapped
GOBP_SNO_S_RNA_METABOLIC_PROCESS	GO:0016074	unmapped
GOBP_SNO_S_RNA_PROCESSING	GO:0043144	unmapped
GOBP_SNRNA_3_END_PROCESSING	GO:0034472	snRNA metabolic process
GOBP_SNRNA_CATABOLIC_PROCESS	GO:0016076	snRNA metabolic process
GOBP_SNRNA_METABOLIC_PROCESS	GO:0016073	snRNA metabolic process
GOBP_SNRNA_MODIFICATION	GO:0040031	snRNA metabolic process
GOBP_SNRNA_PROCESSING	GO:0016180	snRNA metabolic process
GOBP_SNRNA_TRANSCRIPTION	GO:0009301	DNA-templated transcription
GOBP_SNRNA_TRANSCRIPTION_BY_RNA_POLYMERASE_II	GO:0042795	DNA-templated transcription
GOBP_SNRNA_TRANSCRIPTION_BY_RNA_POLYMERASE_III	GO:0042796	DNA-templated transcription
GOBP_SNRNA_TRANSPORT	GO:0051030	unmapped
GOBP_SODIUM_DEPENDENT_PHOSPHATE_TRANSPORT	GO:0044341	unmapped
GOBP_SODIUM_INDEPENDENT_ORGANIC_ANION_TRANSPORT	GO:0043252	transmembrane transport
GOBP_SODIUM_ION_EXPORT_ACROSS_PLASMA_MEMBRANE	GO:0036376	transmembrane transport
GOBP_SODIUM_ION_HOMEOSTASIS	GO:0055078	unmapped
GOBP_SODIUM_ION_IMPORT_ACROSS_PLASMA_MEMBRANE	GO:0098719	transmembrane transport
GOBP_SODIUM_ION_TRANSMEMBRANE_TRANSPORT	GO:0035725	transmembrane transport
GOBP_SODIUM_ION_TRANSPORT	GO:0006814	unmapped
GOBP_SOFT_PALATE_DEVELOPMENT	GO:0060023	anatomical structure development
GOBP_SOMATIC_DIVERSIFICATION_OF_IMMUNE_RECEPTORS	GO:0002200	anatomical structure development
GOBP_SOMATIC_DIVERSIFICATION_OF_IMMUNE_RECEPTORS_VIA_SOMATIC_MUTATION	GO:0002566	anatomical structure development
GOBP_SOMATIC_DIVERSIFICATION_OF_IMMUNOGLOBULINS	GO:0016445	anatomical structure development
GOBP_SOMATIC_MOTOR_NEURON_DIFFERENTIATION	GO:0021523	cell differentiation
GOBP_SOMATIC_STEM_CELL_DIVISION	GO:0048103	unmapped
GOBP_SOMATIC_STEM_CELL_POPULATION_MAINTENANCE	GO:0035019	unmapped
GOBP_SOMATOSTATIN_RECEPTOR_SIGNALING_PATHWAY	GO:0038169	signaling
GOBP_SOMATOTROPIN_SECRETING_CELL_DIFFERENTIATION	GO:0060126	cell differentiation
GOBP_SOMITE_DEVELOPMENT	GO:0061053	anatomical structure development
GOBP_SOMITE_ROSTRAL_CAUDAL_AXIS_SPECIFICATION	GO:0032525	anatomical structure development
GOBP_SOMITE_SPECIFICATION	GO:0001757	anatomical structure development
GOBP_SOMITOGENESIS	GO:0001756	anatomical structure development
GOBP_SPECIFICATION_OF_ANIMAL_ORGAN_IDENTITY	GO:0010092	anatomical structure development
GOBP_SPECIFICATION_OF_SYMMETRY	GO:0009799	anatomical structure development
GOBP_SPERMATID_DIFFERENTIATION	GO:0048515	cell differentiation
GOBP_SPERMATID_NUCLEUS_DIFFERENTIATION	GO:0007289	cell differentiation
GOBP_SPERMIDINE_METABOLIC_PROCESS	GO:0008216	unmapped
GOBP_SPERMIDINE_TRANSPORT	GO:0015848	unmapped
GOBP_SPERMINE_METABOLIC_PROCESS	GO:0008215	unmapped
GOBP_SPERM_AXONEME_ASSEMBLY	GO:0007288	cilium organization
GOBP_SPERM_CAPACITATION	GO:0048240	cell differentiation
GOBP_SPERM_DNA_CONDENSATION	GO:0035092	chromatin organization
GOBP_SPERM_EGG_RECOGNITION	GO:0035036	reproductive process
GOBP_SPERM_FLAGELLUM_ASSEMBLY	GO:0120316	cilium organization
GOBP_SPERM_MITOCHONDRIAL_SHEATH_ASSEMBLY	GO:0120317	cilium organization
GOBP_SPHINGOID_BIOSYNTHETIC_PROCESS	GO:0046520	lipid metabolic process
GOBP_SPHINGOID_METABOLIC_PROCESS	GO:0046519	lipid metabolic process
GOBP_SPHINGOLIPID_BIOSYNTHETIC_PROCESS	GO:0030148	lipid metabolic process
GOBP_SPHINGOLIPID_MEDIATED_SIGNALING_PATHWAY	GO:0090520	signaling
GOBP_SPHINGOLIPID_METABOLIC_PROCESS	GO:0006665	lipid metabolic process
GOBP_SPHINGOLIPID_TRANSLOCATION	GO:0099039	membrane organization
GOBP_SPHINGOMYELIN_BIOSYNTHETIC_PROCESS	GO:0006686	lipid metabolic process
GOBP_SPHINGOMYELIN_CATABOLIC_PROCESS	GO:0006685	lipid metabolic process
GOBP_SPHINGOMYELIN_METABOLIC_PROCESS	GO:0006684	lipid metabolic process
GOBP_SPHINGOSINE_1_PHOSPHATE_RECEPTOR_SIGNALING_PATHWAY	GO:0003376	signaling
GOBP_SPINAL_CORD_ASSOCIATION_NEURON_DIFFERENTIATION	GO:0021527	cell differentiation
GOBP_SPINAL_CORD_DEVELOPMENT	GO:0021510	anatomical structure development
GOBP_SPINAL_CORD_MOTOR_NEURON_CELL_FATE_SPECIFICATION	GO:0021520	cell differentiation
GOBP_SPINAL_CORD_MOTOR_NEURON_DIFFERENTIATION	GO:0021522	cell differentiation
GOBP_SPINAL_CORD_OLIGODENDROCYTE_CELL_DIFFERENTIATION	GO:0021529	cell differentiation
GOBP_SPINAL_CORD_PATTERNING	GO:0021511	anatomical structure development
GOBP_SPINDLE_ASSEMBLY	GO:0051225	cytoskeleton organization
GOBP_SPINDLE_ASSEMBLY_INVOLVED_IN_FEMALE_MEIOSIS	GO:0007056	meiotic nuclear division
GOBP_SPINDLE_ELONGATION	GO:0051231	cytoskeleton organization
GOBP_SPINDLE_LOCALIZATION	GO:0051653	unmapped
GOBP_SPINDLE_MIDZONE_ASSEMBLY	GO:0051255	cytoskeleton organization
GOBP_SPINDLE_ORGANIZATION	GO:0007051	cytoskeleton organization
GOBP_SPLEEN_DEVELOPMENT	GO:0048536	anatomical structure development
GOBP_SPLICEOSOMAL_COMPLEX_ASSEMBLY	GO:0000245	mRNA metabolic process
GOBP_SPLICEOSOMAL_CONFORMATIONAL_CHANGES_TO_GENERATE_CATALYTIC_CONFORMATION	GO:0000393	mRNA metabolic process
GOBP_SPLICEOSOMAL_SNRNP_ASSEMBLY	GO:0000387	mRNA metabolic process
GOBP_SPLICEOSOMAL_TRI_SNRNP_COMPLEX_ASSEMBLY	GO:0000244	mRNA metabolic process
GOBP_SPONTANEOUS_NEUROTRANSMITTER_SECRETION	GO:0061669	signaling
GOBP_SPONTANEOUS_SYNAPTIC_TRANSMISSION	GO:0098814	signaling
GOBP_SPROUTING_ANGIOGENESIS	GO:0002040	anatomical structure development
GOBP_SPROUTING_OF_INJURED_AXON	GO:0048682	cell differentiation
GOBP_SRP_DEPENDENT_COTRANSLATIONAL_PROTEIN_TARGETING_TO_MEMBRANE	GO:0006614	unmapped
GOBP_SRP_DEPENDENT_COTRANSLATIONAL_PROTEIN_TARGETING_TO_MEMBRANE_SIGNAL_SEQUENCE_RECOGNITION	GO:0006617	protein-containing complex assembly
GOBP_SRP_DEPENDENT_COTRANSLATIONAL_PROTEIN_TARGETING_TO_MEMBRANE_TRANSLOCATION	GO:0006616	intracellular protein transport
GOBP_STARTLE_RESPONSE	GO:0001964	nervous system process
GOBP_STEM_CELL_DEVELOPMENT	GO:0048864	cell differentiation
GOBP_STEM_CELL_DIFFERENTIATION	GO:0048863	cell differentiation
GOBP_STEM_CELL_DIVISION	GO:0017145	unmapped
GOBP_STEM_CELL_FATE_COMMITMENT	GO:0048865	cell differentiation
GOBP_STEM_CELL_FATE_SPECIFICATION	GO:0048866	cell differentiation
GOBP_STEM_CELL_PROLIFERATION	GO:0072089	unmapped
GOBP_STEROID_BIOSYNTHETIC_PROCESS	GO:0006694	lipid metabolic process
GOBP_STEROID_CATABOLIC_PROCESS	GO:0006706	lipid metabolic process
GOBP_STEROID_HORMONE_BIOSYNTHETIC_PROCESS	GO:0120178	lipid metabolic process
GOBP_STEROID_HORMONE_RECEPTOR_SIGNALING_PATHWAY	GO:0043401	signaling
GOBP_STEROID_HORMONE_SECRETION	GO:0035929	signaling
GOBP_STEROID_METABOLIC_PROCESS	GO:0008202	lipid metabolic process
GOBP_STEROL_BIOSYNTHETIC_PROCESS	GO:0016126	lipid metabolic process
GOBP_STEROL_HOMEOSTASIS	GO:0055092	unmapped
GOBP_STEROL_TRANSPORT	GO:0015918	unmapped
GOBP_STOMACH_DEVELOPMENT	GO:0062094	anatomical structure development
GOBP_STORE_OPERATED_CALCIUM_ENTRY	GO:0002115	unmapped
GOBP_STRESS_ACTIVATED_PROTEIN_KINASE_SIGNALING_CASCADE	GO:0031098	signaling
GOBP_STRESS_FIBER_ASSEMBLY	GO:0043149	cytoskeleton organization
GOBP_STRESS_GRANULE_ASSEMBLY	GO:0034063	unmapped
GOBP_STRESS_GRANULE_DISASSEMBLY	GO:0035617	unmapped
GOBP_STRESS_INDUCED_PREMATURE_SENESCENCE	GO:0090400	unmapped
GOBP_STRIATED_MUSCLE_ADAPTATION	GO:0014888	muscle system process
GOBP_STRIATED_MUSCLE_ATROPHY	GO:0014891	muscle system process
GOBP_STRIATED_MUSCLE_CELL_APOPTOTIC_PROCESS	GO:0010658	programmed cell death
GOBP_STRIATED_MUSCLE_CELL_DIFFERENTIATION	GO:0051146	cell differentiation
GOBP_STRIATED_MUSCLE_CELL_PROLIFERATION	GO:0014855	unmapped
GOBP_STRIATED_MUSCLE_CONTRACTION	GO:0006941	muscle system process
GOBP_STRIATUM_DEVELOPMENT	GO:0021756	anatomical structure development
GOBP_SUBPALLIUM_DEVELOPMENT	GO:0021544	anatomical structure development
GOBP_SUBSTANTIA_NIGRA_DEVELOPMENT	GO:0021762	anatomical structure development
GOBP_SUBSTRATE_ADHESION_DEPENDENT_CELL_SPREADING	GO:0034446	cell adhesion
GOBP_SUBSTRATE_DEPENDENT_CELL_MIGRATION	GO:0006929	cell motility
GOBP_SUBSTRATE_DEPENDENT_CELL_MIGRATION_CELL_ATTACHMENT_TO_SUBSTRATE	GO:0006931	cell adhesion
GOBP_SUBSTRATE_DEPENDENT_CELL_MIGRATION_CELL_EXTENSION	GO:0006930	cell motility
GOBP_SUBSTRATE_INDEPENDENT_TELENCEPHALIC_TANGENTIAL_MIGRATION	GO:0021826	anatomical structure development
GOBP_SUBSTRATE_LOCALIZATION_TO_AUTOPHAGOSOME	GO:0061753	autophagy
GOBP_SUBTELOMERIC_HETEROCHROMATIN_FORMATION	GO:0031509	chromatin organization
GOBP_SUCCINATE_METABOLIC_PROCESS	GO:0006105	unmapped
GOBP_SUCCINATE_TRANSMEMBRANE_TRANSPORT	GO:0071422	transmembrane transport
GOBP_SUCCINYL_COA_CATABOLIC_PROCESS	GO:1901289	nucleobase-containing small molecule metabolic process
GOBP_SUCCINYL_COA_METABOLIC_PROCESS	GO:0006104	nucleobase-containing small molecule metabolic process
GOBP_SUCKLING_BEHAVIOR	GO:0001967	unmapped
GOBP_SUGAR_MEDIATED_SIGNALING_PATHWAY	GO:0010182	signaling
GOBP_SULFATE_TRANSMEMBRANE_TRANSPORT	GO:1902358	transmembrane transport
GOBP_SULFATION	GO:0051923	sulfur compound metabolic process
GOBP_SULFUR_AMINO_ACID_BIOSYNTHETIC_PROCESS	GO:0000097	sulfur compound metabolic process
GOBP_SULFUR_AMINO_ACID_CATABOLIC_PROCESS	GO:0000098	sulfur compound metabolic process
GOBP_SULFUR_AMINO_ACID_METABOLIC_PROCESS	GO:0000096	sulfur compound metabolic process
GOBP_SULFUR_AMINO_ACID_TRANSPORT	GO:0000101	unmapped
GOBP_SULFUR_COMPOUND_BIOSYNTHETIC_PROCESS	GO:0044272	sulfur compound metabolic process
GOBP_SULFUR_COMPOUND_CATABOLIC_PROCESS	GO:0044273	sulfur compound metabolic process
GOBP_SULFUR_COMPOUND_METABOLIC_PROCESS	GO:0006790	sulfur compound metabolic process
GOBP_SULFUR_COMPOUND_TRANSPORT	GO:0072348	unmapped
GOBP_SUPEROXIDE_ANION_GENERATION	GO:0042554	unmapped
GOBP_SUPEROXIDE_METABOLIC_PROCESS	GO:0006801	unmapped
GOBP_SUPPRESSION_OF_VIRAL_RELEASE_BY_HOST	GO:0044790	unmapped
GOBP_SUPRAMOLECULAR_FIBER_ORGANIZATION	GO:0097435	unmapped
GOBP_SURFACTANT_HOMEOSTASIS	GO:0043129	unmapped
GOBP_SYMBIONT_ENTRY_INTO_HOST	GO:0044409	unmapped
GOBP_SYMBIONT_MEDIATED_PERTURBATION_OF_HOST_PROCESS	GO:0044003	unmapped
GOBP_SYMPATHETIC_GANGLION_DEVELOPMENT	GO:0061549	anatomical structure development
GOBP_SYMPATHETIC_NERVOUS_SYSTEM_DEVELOPMENT	GO:0048485	anatomical structure development
GOBP_SYMPATHETIC_NEURON_PROJECTION_EXTENSION	GO:0097490	cell differentiation
GOBP_SYNAPSE_ASSEMBLY	GO:0007416	cell junction organization
GOBP_SYNAPSE_MATURATION	GO:0060074	cell junction organization
GOBP_SYNAPSE_ORGANIZATION	GO:0050808	cell junction organization
GOBP_SYNAPSE_PRUNING	GO:0098883	cell junction organization
GOBP_SYNAPTIC_ASSEMBLY_AT_NEUROMUSCULAR_JUNCTION	GO:0051124	cell junction organization
GOBP_SYNAPTIC_MEMBRANE_ADHESION	GO:0099560	cell junction organization
GOBP_SYNAPTIC_SIGNALING	GO:0099536	signaling
GOBP_SYNAPTIC_SIGNALING_VIA_NEUROPEPTIDE	GO:0099538	signaling
GOBP_SYNAPTIC_TRANSMISSION_CHOLINERGIC	GO:0007271	signaling
GOBP_SYNAPTIC_TRANSMISSION_DOPAMINERGIC	GO:0001963	signaling
GOBP_SYNAPTIC_TRANSMISSION_GABAERGIC	GO:0051932	signaling
GOBP_SYNAPTIC_TRANSMISSION_GLUTAMATERGIC	GO:0035249	signaling
GOBP_SYNAPTIC_TRANSMISSION_GLYCINERGIC	GO:0060012	signaling
GOBP_SYNAPTIC_VESICLE_BUDDING	GO:0070142	vesicle-mediated transport
GOBP_SYNAPTIC_VESICLE_BUDDING_FROM_PRESYNAPTIC_ENDOCYTIC_ZONE_MEMBRANE	GO:0016185	vesicle-mediated transport
GOBP_SYNAPTIC_VESICLE_CLUSTERING	GO:0097091	vesicle-mediated transport
GOBP_SYNAPTIC_VESICLE_COATING	GO:0016183	vesicle-mediated transport
GOBP_SYNAPTIC_VESICLE_CYTOSKELETAL_TRANSPORT	GO:0099514	unmapped
GOBP_SYNAPTIC_VESICLE_DOCKING		unmapped
GOBP_SYNAPTIC_VESICLE_ENDOSOMAL_PROCESSING	GO:0099532	vesicle-mediated transport
GOBP_SYNAPTIC_VESICLE_EXOCYTOSIS	GO:0016079	vesicle-mediated transport
GOBP_SYNAPTIC_VESICLE_LOCALIZATION	GO:0097479	unmapped
GOBP_SYNAPTIC_VESICLE_LUMEN_ACIDIFICATION	GO:0097401	vesicle-mediated transport
GOBP_SYNAPTIC_VESICLE_MATURATION	GO:0016188	unmapped
GOBP_SYNAPTIC_VESICLE_MEMBRANE_ORGANIZATION	GO:0048499	membrane organization
GOBP_SYNAPTIC_VESICLE_PRIMING	GO:0016082	protein-containing complex assembly
GOBP_SYNAPTIC_VESICLE_RECYCLING	GO:0036465	vesicle-mediated transport
GOBP_SYNAPTIC_VESICLE_RECYCLING_VIA_ENDOSOME	GO:0036466	vesicle-mediated transport
GOBP_SYNAPTIC_VESICLE_TRANSPORT	GO:0048489	unmapped
GOBP_SYNAPTONEMAL_COMPLEX_ORGANIZATION	GO:0070193	unmapped
GOBP_SYNCYTIUM_FORMATION		unmapped
GOBP_SYNOVIOCYTE_PROLIFERATION	GO:0002941	unmapped
GOBP_S_ADENOSYLMETHIONINE_METABOLIC_PROCESS	GO:0046500	sulfur compound metabolic process
GOBP_S_SHAPED_BODY_MORPHOGENESIS	GO:0072050	anatomical structure development
GOBP_TACHYKININ_RECEPTOR_SIGNALING_PATHWAY	GO:0007217	signaling
GOBP_TAIL_ANCHORED_MEMBRANE_PROTEIN_INSERTION_INTO_ER_MEMBRANE	GO:0071816	membrane organization
GOBP_TANGENTIAL_MIGRATION_FROM_THE_SUBVENTRICULAR_ZONE_TO_THE_OLFACTORY_BULB	GO:0022028	anatomical structure development
GOBP_TARGET_DIRECTED_MIRNA_DEGRADATION	GO:0140958	regulatory ncRNA-mediated gene silencing
GOBP_TAXIS	GO:0042330	unmapped
GOBP_TELENCEPHALON_DEVELOPMENT	GO:0021537	anatomical structure development
GOBP_TELENCEPHALON_GLIAL_CELL_MIGRATION	GO:0022030	cell differentiation
GOBP_TELENCEPHALON_REGIONALIZATION	GO:0021978	anatomical structure development
GOBP_TELOMERASE_HOLOENZYME_COMPLEX_ASSEMBLY	GO:1905323	protein-containing complex assembly
GOBP_TELOMERASE_RNA_LOCALIZATION	GO:0090672	unmapped
GOBP_TELOMERE_CAPPING	GO:0016233	telomere organization
GOBP_TELOMERE_LOCALIZATION	GO:0034397	unmapped
GOBP_TELOMERE_MAINTENANCE_IN_RESPONSE_TO_DNA_DAMAGE	GO:0043247	telomere organization
GOBP_TELOMERE_MAINTENANCE_VIA_RECOMBINATION	GO:0000722	DNA recombination
GOBP_TELOMERE_MAINTENANCE_VIA_SEMI_CONSERVATIVE_REPLICATION	GO:0032201	DNA replication
GOBP_TELOMERE_MAINTENANCE_VIA_TELOMERE_LENGTHENING	GO:0010833	telomere organization
GOBP_TELOMERE_ORGANIZATION	GO:0032200	telomere organization
GOBP_TELOMERE_TETHERING_AT_NUCLEAR_PERIPHERY	GO:0034398	unmapped
GOBP_TELOMERIC_D_LOOP_DISASSEMBLY	GO:0061820	telomere organization
GOBP_TELOMERIC_LOOP_DISASSEMBLY	GO:0090657	telomere organization
GOBP_TEMPERATURE_HOMEOSTASIS	GO:0001659	unmapped
GOBP_TENDON_DEVELOPMENT	GO:0035989	anatomical structure development
GOBP_TERMINAL_BUTTON_ORGANIZATION	GO:0072553	cell junction organization
GOBP_TERMINATION_OF_RNA_POLYMERASE_II_TRANSCRIPTION	GO:0006369	DNA-templated transcription
GOBP_TERPENOID_BIOSYNTHETIC_PROCESS	GO:0016114	lipid metabolic process
GOBP_TERPENOID_CATABOLIC_PROCESS	GO:0016115	lipid metabolic process
GOBP_TERPENOID_METABOLIC_PROCESS	GO:0006721	lipid metabolic process
GOBP_TERTIARY_ALCOHOL_METABOLIC_PROCESS	GO:1902644	unmapped
GOBP_TESTOSTERONE_BIOSYNTHETIC_PROCESS	GO:0061370	lipid metabolic process
GOBP_TETRAHYDROBIOPTERIN_BIOSYNTHETIC_PROCESS	GO:0006729	unmapped
GOBP_TETRAHYDROBIOPTERIN_METABOLIC_PROCESS	GO:0046146	unmapped
GOBP_TETRAHYDROFOLATE_BIOSYNTHETIC_PROCESS	GO:0046654	modified amino acid metabolic process
GOBP_TETRAHYDROFOLATE_INTERCONVERSION	GO:0035999	modified amino acid metabolic process
GOBP_TETRAHYDROFOLATE_METABOLIC_PROCESS	GO:0046653	modified amino acid metabolic process
GOBP_TETRAPYRROLE_BIOSYNTHETIC_PROCESS	GO:0033014	unmapped
GOBP_TETRAPYRROLE_CATABOLIC_PROCESS	GO:0033015	unmapped
GOBP_TETRAPYRROLE_METABOLIC_PROCESS	GO:0033013	unmapped
GOBP_THALAMUS_DEVELOPMENT	GO:0021794	anatomical structure development
GOBP_THELARCHE	GO:0042695	anatomical structure development
GOBP_THERMOCEPTION	GO:0050955	nervous system process
GOBP_THIAMINE_CONTAINING_COMPOUND_METABOLIC_PROCESS	GO:0042723	sulfur compound metabolic process
GOBP_THIAMINE_DIPHOSPHATE_BIOSYNTHETIC_PROCESS	GO:0009229	vitamin metabolic process
GOBP_THIAMINE_TRANSPORT	GO:0015888	unmapped
GOBP_THIOESTER_BIOSYNTHETIC_PROCESS		unmapped
GOBP_THIRD_VENTRICLE_DEVELOPMENT	GO:0021678	anatomical structure development
GOBP_THORAX_AND_ANTERIOR_ABDOMEN_DETERMINATION	GO:0007356	anatomical structure development
GOBP_THROMBIN_ACTIVATED_RECEPTOR_SIGNALING_PATHWAY	GO:0070493	signaling
GOBP_THROMBOPOIETIN_MEDIATED_SIGNALING_PATHWAY	GO:0038163	signaling
GOBP_THYMIC_T_CELL_SELECTION	GO:0045061	cell differentiation
GOBP_THYMOCYTE_APOPTOTIC_PROCESS	GO:0070242	programmed cell death
GOBP_THYMOCYTE_MIGRATION	GO:0072679	cell motility
GOBP_THYMUS_DEVELOPMENT	GO:0048538	anatomical structure development
GOBP_THYROID_GLAND_DEVELOPMENT	GO:0030878	anatomical structure development
GOBP_THYROID_HORMONE_GENERATION	GO:0006590	modified amino acid metabolic process
GOBP_THYROID_HORMONE_METABOLIC_PROCESS	GO:0042403	modified amino acid metabolic process
GOBP_THYROID_HORMONE_RECEPTOR_SIGNALING_PATHWAY	GO:0002154	signaling
GOBP_THYROID_HORMONE_TRANSPORT	GO:0070327	unmapped
GOBP_THYROID_STIMULATING_HORMONE_SECRETING_CELL_DIFFERENTIATION	GO:0060129	cell differentiation
GOBP_TIGHT_JUNCTION_ASSEMBLY	GO:0120192	cell junction organization
GOBP_TIGHT_JUNCTION_ORGANIZATION	GO:0120193	cell junction organization
GOBP_TISSUE_HOMEOSTASIS	GO:0001894	unmapped
GOBP_TISSUE_MIGRATION	GO:0090130	unmapped
GOBP_TISSUE_MORPHOGENESIS	GO:0048729	anatomical structure development
GOBP_TISSUE_REGENERATION	GO:0042246	anatomical structure development
GOBP_TISSUE_REMODELING	GO:0048771	unmapped
GOBP_TOLERANCE_INDUCTION	GO:0002507	anatomical structure development
GOBP_TOLERANCE_INDUCTION_DEPENDENT_UPON_IMMUNE_RESPONSE	GO:0002461	anatomical structure development
GOBP_TOLERANCE_INDUCTION_TO_SELF_ANTIGEN	GO:0002513	anatomical structure development
GOBP_TOLL_LIKE_RECEPTOR_2_SIGNALING_PATHWAY	GO:0034134	defense response to other organism
GOBP_TOLL_LIKE_RECEPTOR_3_SIGNALING_PATHWAY	GO:0034138	defense response to other organism
GOBP_TOLL_LIKE_RECEPTOR_7_SIGNALING_PATHWAY	GO:0034154	defense response to other organism
GOBP_TOLL_LIKE_RECEPTOR_8_SIGNALING_PATHWAY	GO:0034158	defense response to other organism
GOBP_TOLL_LIKE_RECEPTOR_9_SIGNALING_PATHWAY	GO:0034162	defense response to other organism
GOBP_TOLL_LIKE_RECEPTOR_SIGNALING_PATHWAY	GO:0002224	defense response to other organism
GOBP_TOLL_SIGNALING_PATHWAY	GO:0008063	signaling
GOBP_TONGUE_DEVELOPMENT	GO:0043586	anatomical structure development
GOBP_TONGUE_MORPHOGENESIS	GO:0043587	anatomical structure development
GOBP_TONIC_SMOOTH_MUSCLE_CONTRACTION	GO:0014820	muscle system process
GOBP_TOOTH_ERUPTION	GO:0044691	anatomical structure development
GOBP_TOOTH_MINERALIZATION	GO:0034505	anatomical structure development
GOBP_TORC1_SIGNALING	GO:0038202	signaling
GOBP_TORC2_SIGNALING	GO:0038203	signaling
GOBP_TOR_SIGNALING	GO:0031929	signaling
GOBP_TOXIN_CATABOLIC_PROCESS	GO:0009407	detoxification
GOBP_TOXIN_METABOLIC_PROCESS	GO:0009404	unmapped
GOBP_TRABECULA_FORMATION	GO:0060343	anatomical structure development
GOBP_TRABECULA_MORPHOGENESIS	GO:0061383	anatomical structure development
GOBP_TRACHEA_CARTILAGE_DEVELOPMENT	GO:0060534	anatomical structure development
GOBP_TRACHEA_DEVELOPMENT	GO:0060438	anatomical structure development
GOBP_TRACHEA_FORMATION	GO:0060440	anatomical structure development
GOBP_TRACHEA_MORPHOGENESIS	GO:0060439	anatomical structure development
GOBP_TRAIL_ACTIVATED_APOPTOTIC_SIGNALING_PATHWAY	GO:0036462	programmed cell death
GOBP_TRANSCRIPTION_BY_RNA_POLYMERASE_I	GO:0006360	DNA-templated transcription
GOBP_TRANSCRIPTION_BY_RNA_POLYMERASE_III	GO:0006383	DNA-templated transcription
GOBP_TRANSCRIPTION_COUPLED_NUCLEOTIDE_EXCISION_REPAIR	GO:0006283	DNA repair
GOBP_TRANSCRIPTION_DEPENDENT_TETHERING_OF_RNA_POLYMERASE_II_GENE_DNA_AT_NUCLEAR_PERIPHERY	GO:0000972	unmapped
GOBP_TRANSCRIPTION_ELONGATION_BY_RNA_POLYMERASE_I	GO:0006362	DNA-templated transcription
GOBP_TRANSCRIPTION_ELONGATION_COUPLED_CHROMATIN_REMODELING	GO:0140673	DNA-templated transcription
GOBP_TRANSCRIPTION_INITIATION_AT_RNA_POLYMERASE_III_PROMOTER	GO:0006384	DNA-templated transcription
GOBP_TRANSCRIPTION_INITIATION_AT_RNA_POLYMERASE_II_PROMOTER	GO:0006367	DNA-templated transcription
GOBP_TRANSCRIPTION_INITIATION_AT_RNA_POLYMERASE_I_PROMOTER	GO:0006361	DNA-templated transcription
GOBP_TRANSCRIPTION_PREINITIATION_COMPLEX_ASSEMBLY	GO:0070897	DNA-templated transcription
GOBP_TRANSCYTOSIS	GO:0045056	vesicle-mediated transport
GOBP_TRANSDIFFERENTIATION	GO:0060290	cell differentiation
GOBP_TRANSEPITHELIAL_CHLORIDE_TRANSPORT	GO:0030321	unmapped
GOBP_TRANSEPITHELIAL_TRANSPORT	GO:0070633	unmapped
GOBP_TRANSEPITHELIAL_WATER_TRANSPORT	GO:0035377	unmapped
GOBP_TRANSFERRIN_TRANSPORT	GO:0033572	unmapped
GOBP_TRANSFORMING_GROWTH_FACTOR_BETA1_PRODUCTION	GO:0032905	unmapped
GOBP_TRANSFORMING_GROWTH_FACTOR_BETA2_PRODUCTION	GO:0032906	unmapped
GOBP_TRANSFORMING_GROWTH_FACTOR_BETA_PRODUCTION	GO:0071604	unmapped
GOBP_TRANSFORMING_GROWTH_FACTOR_BETA_RECEPTOR_SIGNALING_PATHWAY	GO:0007179	signaling
GOBP_TRANSITION_BETWEEN_FAST_AND_SLOW_FIBER	GO:0014883	muscle system process
GOBP_TRANSITION_METAL_ION_TRANSPORT	GO:0000041	unmapped
GOBP_TRANSLATION	GO:0006412	unmapped
GOBP_TRANSLATIONAL_ELONGATION	GO:0006414	unmapped
GOBP_TRANSLATIONAL_INITIATION	GO:0006413	unmapped
GOBP_TRANSLATIONAL_READTHROUGH	GO:0006451	unmapped
GOBP_TRANSLATIONAL_TERMINATION	GO:0006415	unmapped
GOBP_TRANSLESION_SYNTHESIS	GO:0019985	DNA replication
GOBP_TRANSMEMBRANE_TRANSPORT	GO:0055085	transmembrane transport
GOBP_TRANSMISSION_OF_NERVE_IMPULSE	GO:0019226	nervous system process
GOBP_TRANSPORT_OF_VIRUS	GO:0046794	unmapped
GOBP_TRANSPOSABLE_ELEMENT_SILENCING_BY_HETEROCHROMATIN_FORMATION	GO:0141005	chromatin organization
GOBP_TRANSPOSABLE_ELEMENT_SILENCING_BY_PIRNA_MEDIATED_HETEROCHROMATIN_FORMATION	GO:0141006	regulatory ncRNA-mediated gene silencing
GOBP_TRANSPOSITION	GO:0032196	unmapped
GOBP_TRANSSULFURATION	GO:0019346	amino acid metabolic process
GOBP_TRANS_SYNAPTIC_SIGNALING_BY_BDNF	GO:0099191	signaling
GOBP_TRANS_SYNAPTIC_SIGNALING_BY_BDNF_MODULATING_SYNAPTIC_TRANSMISSION	GO:0099183	signaling
GOBP_TRANS_SYNAPTIC_SIGNALING_BY_LIPID	GO:0099541	signaling
GOBP_TRANS_SYNAPTIC_SIGNALING_BY_TRANS_SYNAPTIC_COMPLEX	GO:0099545	signaling
GOBP_TRANS_SYNAPTIC_SIGNALING_MODULATING_SYNAPTIC_TRANSMISSION	GO:0099550	signaling
GOBP_TRICARBOXYLIC_ACID_CYCLE	GO:0006099	generation of precursor metabolites and energy
GOBP_TRICARBOXYLIC_ACID_METABOLIC_PROCESS	GO:0072350	unmapped
GOBP_TRICARBOXYLIC_ACID_TRANSPORT	GO:0006842	unmapped
GOBP_TRICUSPID_VALVE_DEVELOPMENT	GO:0003175	anatomical structure development
GOBP_TRIF_DEPENDENT_TOLL_LIKE_RECEPTOR_SIGNALING_PATHWAY	GO:0035666	defense response to other organism
GOBP_TRIGEMINAL_NERVE_DEVELOPMENT	GO:0021559	anatomical structure development
GOBP_TRIGLYCERIDE_BIOSYNTHETIC_PROCESS	GO:0019432	lipid metabolic process
GOBP_TRIGLYCERIDE_CATABOLIC_PROCESS	GO:0019433	lipid metabolic process
GOBP_TRIGLYCERIDE_METABOLIC_PROCESS	GO:0006641	lipid metabolic process
GOBP_TRIGLYCERIDE_RICH_LIPOPROTEIN_PARTICLE_CLEARANCE	GO:0071830	unmapped
GOBP_TRIGLYCERIDE_RICH_LIPOPROTEIN_PARTICLE_REMODELING	GO:0034370	unmapped
GOBP_TRIGLYCERIDE_STORAGE	GO:0030730	unmapped
GOBP_TRIPARTITE_REGIONAL_SUBDIVISION	GO:0007351	anatomical structure development
GOBP_TRIPEPTIDE_TRANSMEMBRANE_TRANSPORT	GO:0035443	transmembrane transport
GOBP_TRIPEPTIDE_TRANSPORT	GO:0042939	unmapped
GOBP_TRNA_3_END_PROCESSING	GO:0042780	tRNA metabolic process
GOBP_TRNA_5_END_PROCESSING	GO:0099116	tRNA metabolic process
GOBP_TRNA_5_LEADER_REMOVAL	GO:0001682	tRNA metabolic process
GOBP_TRNA_AMINOACYLATION_FOR_MITOCHONDRIAL_PROTEIN_TRANSLATION	GO:0070127	tRNA metabolic process
GOBP_TRNA_DECAY	GO:0016078	tRNA metabolic process
GOBP_TRNA_METABOLIC_PROCESS	GO:0006399	tRNA metabolic process
GOBP_TRNA_METHYLATION	GO:0030488	tRNA metabolic process
GOBP_TRNA_MODIFICATION	GO:0006400	tRNA metabolic process
GOBP_TRNA_PROCESSING	GO:0008033	tRNA metabolic process
GOBP_TRNA_PSEUDOURIDINE_SYNTHESIS	GO:0031119	tRNA metabolic process
GOBP_TRNA_SURVEILLANCE	GO:0106354	tRNA metabolic process
GOBP_TRNA_THIO_MODIFICATION	GO:0034227	tRNA metabolic process
GOBP_TRNA_THREONYLCARBAMOYLADENOSINE_METABOLIC_PROCESS	GO:0070525	tRNA metabolic process
GOBP_TRNA_THREONYLCARBAMOYLADENOSINE_MODIFICATION	GO:0002949	tRNA metabolic process
GOBP_TRNA_TRANSCRIPTION	GO:0009304	DNA-templated transcription
GOBP_TRNA_TRANSPORT	GO:0051031	unmapped
GOBP_TRNA_WOBBLE_BASE_MODIFICATION	GO:0002097	tRNA metabolic process
GOBP_TRNA_WOBBLE_URIDINE_MODIFICATION	GO:0002098	tRNA metabolic process
GOBP_TROPHECTODERMAL_CELL_DIFFERENTIATION	GO:0001829	cell differentiation
GOBP_TROPHECTODERMAL_CELL_PROLIFERATION	GO:0001834	anatomical structure development
GOBP_TROPHOBLAST_CELL_MIGRATION	GO:0061450	anatomical structure development
GOBP_TROPHOBLAST_GIANT_CELL_DIFFERENTIATION	GO:0060707	cell differentiation
GOBP_TRUNK_SEGMENTATION	GO:0035290	anatomical structure development
GOBP_TRYPTOPHAN_TRANSPORT	GO:0015827	unmapped
GOBP_TUBE_CLOSURE	GO:0060606	anatomical structure development
GOBP_TUBE_DEVELOPMENT	GO:0035295	anatomical structure development
GOBP_TUBE_FORMATION	GO:0035148	anatomical structure development
GOBP_TUBE_LUMEN_CAVITATION	GO:0060605	anatomical structure development
GOBP_TUBE_MORPHOGENESIS	GO:0035239	anatomical structure development
GOBP_TUBULIN_COMPLEX_ASSEMBLY	GO:0007021	protein-containing complex assembly
GOBP_TUBULIN_DEACETYLATION	GO:0090042	unmapped
GOBP_TUMOR_NECROSIS_FACTOR_MEDIATED_SIGNALING_PATHWAY	GO:0033209	signaling
GOBP_TUMOR_NECROSIS_FACTOR_SUPERFAMILY_CYTOKINE_PRODUCTION	GO:0071706	unmapped
GOBP_TYPE_2_IMMUNE_RESPONSE	GO:0042092	immune system process
GOBP_TYPE_2_MITOPHAGY	GO:0061734	autophagy
GOBP_TYPE_B_PANCREATIC_CELL_APOPTOTIC_PROCESS	GO:0097050	programmed cell death
GOBP_TYPE_B_PANCREATIC_CELL_DEVELOPMENT	GO:0003323	cell differentiation
GOBP_TYPE_B_PANCREATIC_CELL_DIFFERENTIATION	GO:0003309	cell differentiation
GOBP_TYPE_B_PANCREATIC_CELL_PROLIFERATION	GO:0044342	unmapped
GOBP_TYPE_III_INTERFERON_PRODUCTION	GO:0034343	unmapped
GOBP_TYPE_II_HYPERSENSITIVITY	GO:0002445	inflammatory response
GOBP_TYPE_II_INTERFERON_MEDIATED_SIGNALING_PATHWAY	GO:0060333	defense response to other organism
GOBP_TYPE_II_INTERFERON_PRODUCTION	GO:0032609	unmapped
GOBP_TYPE_II_PNEUMOCYTE_DIFFERENTIATION	GO:0060510	cell differentiation
GOBP_TYPE_IV_HYPERSENSITIVITY	GO:0001806	inflammatory response
GOBP_TYPE_I_HYPERSENSITIVITY	GO:0016068	inflammatory response
GOBP_TYPE_I_INTERFERON_PRODUCTION	GO:0032606	unmapped
GOBP_TYPE_I_PNEUMOCYTE_DIFFERENTIATION	GO:0060509	cell differentiation
GOBP_TYROSINE_CATABOLIC_PROCESS		unmapped
GOBP_TYROSINE_METABOLIC_PROCESS		unmapped
GOBP_TYROSINE_PHOSPHORYLATION_OF_STAT_PROTEIN	GO:0007260	signaling
GOBP_T_CELL_ACTIVATION	GO:0042110	immune system process
GOBP_T_CELL_ACTIVATION_INVOLVED_IN_IMMUNE_RESPONSE	GO:0002286	immune system process
GOBP_T_CELL_ACTIVATION_VIA_T_CELL_RECEPTOR_CONTACT_WITH_ANTIGEN_BOUND_TO_MHC_MOLECULE_ON_ANTIGEN_PRESENTING_CELL	GO:0002291	immune system process
GOBP_T_CELL_ANTIGEN_PROCESSING_AND_PRESENTATION	GO:0002457	immune system process
GOBP_T_CELL_APOPTOTIC_PROCESS	GO:0070231	programmed cell death
GOBP_T_CELL_CHEMOTAXIS	GO:0010818	cell motility
GOBP_T_CELL_CYTOKINE_PRODUCTION	GO:0002369	immune system process
GOBP_T_CELL_DIFFERENTIATION	GO:0030217	cell differentiation
GOBP_T_CELL_DIFFERENTIATION_INVOLVED_IN_IMMUNE_RESPONSE	GO:0002292	cell differentiation
GOBP_T_CELL_DIFFERENTIATION_IN_THYMUS	GO:0033077	cell differentiation
GOBP_T_CELL_EXTRAVASATION	GO:0072683	cell motility
GOBP_T_CELL_HOMEOSTASIS	GO:0043029	immune system process
GOBP_T_CELL_LINEAGE_COMMITMENT	GO:0002360	cell differentiation
GOBP_T_CELL_MEDIATED_CYTOTOXICITY	GO:0001913	immune system process
GOBP_T_CELL_MEDIATED_IMMUNE_RESPONSE_TO_TUMOR_CELL	GO:0002424	immune system process
GOBP_T_CELL_MEDIATED_IMMUNITY	GO:0002456	immune system process
GOBP_T_CELL_MIGRATION	GO:0072678	cell motility
GOBP_T_CELL_PROLIFERATION	GO:0042098	immune system process
GOBP_T_CELL_RECEPTOR_SIGNALING_PATHWAY	GO:0050852	signaling
GOBP_T_CELL_SELECTION	GO:0045058	cell differentiation
GOBP_T_CELL_TOLERANCE_INDUCTION	GO:0002517	anatomical structure development
GOBP_T_FOLLICULAR_HELPER_CELL_DIFFERENTIATION	GO:0061470	cell differentiation
GOBP_T_HELPER_17_CELL_DIFFERENTIATION	GO:0072539	cell differentiation
GOBP_T_HELPER_17_TYPE_IMMUNE_RESPONSE	GO:0072538	immune system process
GOBP_T_HELPER_1_CELL_CYTOKINE_PRODUCTION	GO:0035744	immune system process
GOBP_T_HELPER_1_CELL_DIFFERENTIATION	GO:0045063	cell differentiation
GOBP_T_HELPER_1_TYPE_IMMUNE_RESPONSE	GO:0042088	immune system process
GOBP_T_HELPER_2_CELL_CYTOKINE_PRODUCTION	GO:0035745	immune system process
GOBP_T_HELPER_2_CELL_DIFFERENTIATION	GO:0045064	cell differentiation
GOBP_T_HELPER_CELL_LINEAGE_COMMITMENT	GO:0002295	cell differentiation
GOBP_T_TUBULE_ORGANIZATION	GO:0033292	membrane organization
GOBP_U2_TYPE_PRESPLICEOSOME_ASSEMBLY	GO:1903241	mRNA metabolic process
GOBP_U4_SNRNA_3_END_PROCESSING	GO:0034475	snRNA metabolic process
GOBP_UBIQUINONE_METABOLIC_PROCESS	GO:0006743	unmapped
GOBP_UBIQUITIN_DEPENDENT_ENDOCYTOSIS	GO:0070086	vesicle-mediated transport
GOBP_UBIQUITIN_DEPENDENT_PROTEIN_CATABOLIC_PROCESS_VIA_THE_C_END_DEGRON_RULE_PATHWAY	GO:0140627	protein catabolic process
GOBP_UBIQUITIN_DEPENDENT_PROTEIN_CATABOLIC_PROCESS_VIA_THE_MULTIVESICULAR_BODY_SORTING_PATHWAY	GO:0043162	protein catabolic process
GOBP_UBIQUITIN_INDEPENDENT_PROTEIN_CATABOLIC_PROCESS_VIA_THE_MULTIVESICULAR_BODY_SORTING_PATHWAY		unmapped
GOBP_UBIQUITIN_RECYCLING	GO:0010992	unmapped
GOBP_UDP_ALPHA_D_GLUCOSE_METABOLIC_PROCESS	GO:0006011	nucleobase-containing small molecule metabolic process
GOBP_UDP_BIOSYNTHETIC_PROCESS	GO:0006225	nucleobase-containing small molecule metabolic process
GOBP_UDP_METABOLIC_PROCESS	GO:0046048	nucleobase-containing small molecule metabolic process
GOBP_UDP_N_ACETYLGLUCOSAMINE_BIOSYNTHETIC_PROCESS	GO:0006048	nucleobase-containing small molecule metabolic process
GOBP_UDP_N_ACETYLGLUCOSAMINE_METABOLIC_PROCESS	GO:0006047	nucleobase-containing small molecule metabolic process
GOBP_UDP_N_ACETYLGLUCOSAMINE_TRANSMEMBRANE_TRANSPORT	GO:1990569	transmembrane transport
GOBP_UNSATURATED_FATTY_ACID_BIOSYNTHETIC_PROCESS	GO:0006636	lipid metabolic process
GOBP_UNSATURATED_FATTY_ACID_METABOLIC_PROCESS	GO:0033559	lipid metabolic process
GOBP_URATE_METABOLIC_PROCESS	GO:0046415	unmapped
GOBP_URATE_TRANSPORT	GO:0015747	unmapped
GOBP_UREA_CYCLE	GO:0000050	nitrogen cycle metabolic process
GOBP_UREA_TRANSMEMBRANE_TRANSPORT	GO:0071918	transmembrane transport
GOBP_UREA_TRANSPORT	GO:0015840	unmapped
GOBP_URETERIC_BUD_ELONGATION	GO:0060677	anatomical structure development
GOBP_URETERIC_BUD_FORMATION	GO:0060676	anatomical structure development
GOBP_URETER_DEVELOPMENT	GO:0072189	anatomical structure development
GOBP_URETER_MORPHOGENESIS	GO:0072197	anatomical structure development
GOBP_URIDINE_TRANSMEMBRANE_TRANSPORT	GO:0015862	transmembrane transport
GOBP_URINARY_BLADDER_SMOOTH_MUSCLE_CONTRACTION	GO:0014832	muscle system process
GOBP_URINARY_TRACT_SMOOTH_MUSCLE_CONTRACTION	GO:0014848	muscle system process
GOBP_UROGENITAL_SYSTEM_DEVELOPMENT	GO:0001655	anatomical structure development
GOBP_UTERINE_SMOOTH_MUSCLE_CONTRACTION	GO:0070471	muscle system process
GOBP_UTERUS_DEVELOPMENT	GO:0060065	anatomical structure development
GOBP_UTERUS_MORPHOGENESIS	GO:0061038	anatomical structure development
GOBP_UTP_BIOSYNTHETIC_PROCESS	GO:0006228	nucleobase-containing small molecule metabolic process
GOBP_UTP_METABOLIC_PROCESS	GO:0046051	nucleobase-containing small molecule metabolic process
GOBP_UV_DAMAGE_EXCISION_REPAIR	GO:0070914	DNA repair
GOBP_UV_PROTECTION	GO:0009650	unmapped
GOBP_VACUOLAR_ACIDIFICATION	GO:0007035	unmapped
GOBP_VACUOLAR_LOCALIZATION	GO:1990849	unmapped
GOBP_VACUOLAR_PROTON_TRANSPORTING_V_TYPE_ATPASE_COMPLEX_ASSEMBLY	GO:0070072	protein-containing complex assembly
GOBP_VACUOLAR_TRANSMEMBRANE_TRANSPORT	GO:0034486	transmembrane transport
GOBP_VACUOLAR_TRANSPORT	GO:0007034	unmapped
GOBP_VACUOLE_FUSION	GO:0097576	unmapped
GOBP_VACUOLE_ORGANIZATION	GO:0007033	unmapped
GOBP_VAGINA_DEVELOPMENT	GO:0060068	anatomical structure development
GOBP_VALINE_CATABOLIC_PROCESS		unmapped
GOBP_VALINE_METABOLIC_PROCESS		unmapped
GOBP_VASCULAR_ASSOCIATED_SMOOTH_MUSCLE_CELL_APOPTOTIC_PROCESS	GO:1905288	programmed cell death
GOBP_VASCULAR_ASSOCIATED_SMOOTH_MUSCLE_CELL_DEVELOPMENT	GO:0097084	cell differentiation
GOBP_VASCULAR_ASSOCIATED_SMOOTH_MUSCLE_CELL_DIFFERENTIATION	GO:0035886	cell differentiation
GOBP_VASCULAR_ASSOCIATED_SMOOTH_MUSCLE_CELL_MIGRATION	GO:1904738	cell motility
GOBP_VASCULAR_ASSOCIATED_SMOOTH_MUSCLE_CELL_PROLIFERATION	GO:1990874	unmapped
GOBP_VASCULAR_ASSOCIATED_SMOOTH_MUSCLE_CONTRACTION	GO:0014829	muscle system process
GOBP_VASCULAR_ENDOTHELIAL_CELL_PROLIFERATION	GO:0101023	unmapped
GOBP_VASCULAR_ENDOTHELIAL_CELL_RESPONSE_TO_FLUID_SHEAR_STRESS	GO:0097699	unmapped
GOBP_VASCULAR_ENDOTHELIAL_CELL_RESPONSE_TO_LAMINAR_FLUID_SHEAR_STRESS	GO:0097700	unmapped
GOBP_VASCULAR_ENDOTHELIAL_GROWTH_FACTOR_PRODUCTION	GO:0010573	unmapped
GOBP_VASCULAR_ENDOTHELIAL_GROWTH_FACTOR_RECEPTOR_2_SIGNALING_PATHWAY	GO:0036324	signaling
GOBP_VASCULAR_ENDOTHELIAL_GROWTH_FACTOR_RECEPTOR_SIGNALING_PATHWAY	GO:0048010	signaling
GOBP_VASCULAR_ENDOTHELIAL_GROWTH_FACTOR_SIGNALING_PATHWAY	GO:0038084	signaling
GOBP_VASCULAR_PROCESS_IN_CIRCULATORY_SYSTEM	GO:0003018	circulatory system process
GOBP_VASCULAR_TRANSPORT	GO:0010232	circulatory system process
GOBP_VASCULAR_WOUND_HEALING	GO:0061042	wound healing
GOBP_VASCULATURE_DEVELOPMENT	GO:0001944	anatomical structure development
GOBP_VASCULOGENESIS	GO:0001570	cell differentiation
GOBP_VASCULOGENESIS_INVOLVED_IN_CORONARY_VASCULAR_MORPHOGENESIS	GO:0060979	cell differentiation
GOBP_VASOCONSTRICTION	GO:0042310	circulatory system process
GOBP_VASODILATION	GO:0042311	circulatory system process
GOBP_VENOUS_BLOOD_VESSEL_DEVELOPMENT	GO:0060841	anatomical structure development
GOBP_VENOUS_BLOOD_VESSEL_MORPHOGENESIS	GO:0048845	anatomical structure development
GOBP_VENTRAL_MIDLINE_DEVELOPMENT	GO:0007418	anatomical structure development
GOBP_VENTRAL_SPINAL_CORD_DEVELOPMENT	GO:0021517	anatomical structure development
GOBP_VENTRAL_SPINAL_CORD_INTERNEURON_DIFFERENTIATION	GO:0021514	cell differentiation
GOBP_VENTRICULAR_CARDIAC_MUSCLE_CELL_ACTION_POTENTIAL	GO:0086005	muscle system process
GOBP_VENTRICULAR_CARDIAC_MUSCLE_CELL_DEVELOPMENT	GO:0055015	cell differentiation
GOBP_VENTRICULAR_CARDIAC_MUSCLE_CELL_DIFFERENTIATION	GO:0055012	cell differentiation
GOBP_VENTRICULAR_CARDIAC_MUSCLE_CELL_MEMBRANE_REPOLARIZATION	GO:0099625	unmapped
GOBP_VENTRICULAR_CARDIAC_MUSCLE_TISSUE_DEVELOPMENT	GO:0003229	anatomical structure development
GOBP_VENTRICULAR_CARDIAC_MUSCLE_TISSUE_MORPHOGENESIS	GO:0055010	anatomical structure development
GOBP_VENTRICULAR_COMPACT_MYOCARDIUM_MORPHOGENESIS	GO:0003223	anatomical structure development
GOBP_VENTRICULAR_SEPTUM_DEVELOPMENT	GO:0003281	anatomical structure development
GOBP_VENTRICULAR_SEPTUM_MORPHOGENESIS	GO:0060412	anatomical structure development
GOBP_VENTRICULAR_SYSTEM_DEVELOPMENT	GO:0021591	anatomical structure development
GOBP_VENTRICULAR_TRABECULA_MYOCARDIUM_MORPHOGENESIS	GO:0003222	anatomical structure development
GOBP_VERY_LONG_CHAIN_FATTY_ACID_BIOSYNTHETIC_PROCESS	GO:0042761	lipid metabolic process
GOBP_VERY_LONG_CHAIN_FATTY_ACID_CATABOLIC_PROCESS	GO:0042760	lipid metabolic process
GOBP_VERY_LONG_CHAIN_FATTY_ACID_METABOLIC_PROCESS	GO:0000038	lipid metabolic process
GOBP_VERY_LOW_DENSITY_LIPOPROTEIN_PARTICLE_ASSEMBLY	GO:0034379	protein-containing complex assembly
GOBP_VERY_LOW_DENSITY_LIPOPROTEIN_PARTICLE_CLEARANCE	GO:0034447	unmapped
GOBP_VESICLE_BUDDING_FROM_MEMBRANE	GO:0006900	vesicle-mediated transport
GOBP_VESICLE_CARGO_LOADING	GO:0035459	vesicle-mediated transport
GOBP_VESICLE_COATING		unmapped
GOBP_VESICLE_CYTOSKELETAL_TRAFFICKING	GO:0099518	unmapped
GOBP_VESICLE_DOCKING		unmapped
GOBP_VESICLE_DOCKING_INVOLVED_IN_EXOCYTOSIS		unmapped
GOBP_VESICLE_FUSION_TO_PLASMA_MEMBRANE	GO:0099500	vesicle-mediated transport
GOBP_VESICLE_FUSION_WITH_GOLGI_APPARATUS	GO:0048280	vesicle-mediated transport
GOBP_VESICLE_LOCALIZATION	GO:0051648	unmapped
GOBP_VESICLE_MEDIATED_CHOLESTEROL_TRANSPORT	GO:0090119	vesicle-mediated transport
GOBP_VESICLE_MEDIATED_TRANSPORT	GO:0016192	vesicle-mediated transport
GOBP_VESICLE_MEDIATED_TRANSPORT_BETWEEN_ENDOSOMAL_COMPARTMENTS	GO:0098927	vesicle-mediated transport
GOBP_VESICLE_MEDIATED_TRANSPORT_IN_SYNAPSE	GO:0099003	vesicle-mediated transport
GOBP_VESICLE_MEDIATED_TRANSPORT_TO_THE_PLASMA_MEMBRANE	GO:0098876	vesicle-mediated transport
GOBP_VESICLE_ORGANIZATION	GO:0016050	unmapped
GOBP_VESICLE_TARGETING		unmapped
GOBP_VESICLE_TARGETING_ROUGH_ER_TO_CIS_GOLGI		unmapped
GOBP_VESICLE_TARGETING_TO_FROM_OR_WITHIN_GOLGI		unmapped
GOBP_VESICLE_TETHERING		unmapped
GOBP_VESICLE_TETHERING_INVOLVED_IN_EXOCYTOSIS		unmapped
GOBP_VESICLE_TETHERING_TO_GOLGI		unmapped
GOBP_VESICLE_TRANSPORT_ALONG_ACTIN_FILAMENT	GO:0030050	unmapped
GOBP_VESICLE_TRANSPORT_ALONG_MICROTUBULE	GO:0047496	microtubule-based movement
GOBP_VESICLE_UNCOATING	GO:0072319	vesicle-mediated transport
GOBP_VESTIBULAR_REFLEX	GO:0060005	unmapped
GOBP_VESTIBULOCOCHLEAR_NERVE_DEVELOPMENT	GO:0021562	anatomical structure development
GOBP_VESTIBULOCOCHLEAR_NERVE_FORMATION	GO:0021650	anatomical structure development
GOBP_VESTIBULOCOCHLEAR_NERVE_MORPHOGENESIS	GO:0021648	anatomical structure development
GOBP_VIRAL_BUDDING	GO:0046755	unmapped
GOBP_VIRAL_GENE_EXPRESSION	GO:0019080	unmapped
GOBP_VIRAL_GENOME_REPLICATION	GO:0019079	unmapped
GOBP_VIRAL_LATENCY	GO:0019042	unmapped
GOBP_VIRAL_LIFE_CYCLE	GO:0019058	unmapped
GOBP_VIRAL_PROCESS	GO:0016032	unmapped
GOBP_VIRAL_PROTEIN_PROCESSING	GO:0019082	unmapped
GOBP_VIRAL_RELEASE_FROM_HOST_CELL	GO:0019076	unmapped
GOBP_VIRAL_RNA_GENOME_REPLICATION	GO:0039694	unmapped
GOBP_VIRAL_TRANSCRIPTION	GO:0019083	unmapped
GOBP_VIRAL_TRANSLATION	GO:0019081	unmapped
GOBP_VIRAL_TRANSLATIONAL_FRAMESHIFTING	GO:0075523	unmapped
GOBP_VIRAL_TRANSLATIONAL_TERMINATION_REINITIATION	GO:0075525	unmapped
GOBP_VIRION_ASSEMBLY	GO:0019068	unmapped
GOBP_VISUAL_BEHAVIOR	GO:0007632	unmapped
GOBP_VITAMIN_A_METABOLIC_PROCESS	GO:0006776	lipid metabolic process
GOBP_VITAMIN_B6_METABOLIC_PROCESS	GO:0042816	vitamin metabolic process
GOBP_VITAMIN_BIOSYNTHETIC_PROCESS	GO:0009110	vitamin metabolic process
GOBP_VITAMIN_CATABOLIC_PROCESS	GO:0009111	vitamin metabolic process
GOBP_VITAMIN_D3_METABOLIC_PROCESS	GO:0070640	lipid metabolic process
GOBP_VITAMIN_D_BIOSYNTHETIC_PROCESS	GO:0042368	lipid metabolic process
GOBP_VITAMIN_D_METABOLIC_PROCESS	GO:0042359	lipid metabolic process
GOBP_VITAMIN_D_RECEPTOR_SIGNALING_PATHWAY	GO:0070561	signaling
GOBP_VITAMIN_E_METABOLIC_PROCESS	GO:0042360	unmapped
GOBP_VITAMIN_K_CATABOLIC_PROCESS	GO:0042377	vitamin metabolic process
GOBP_VITAMIN_K_METABOLIC_PROCESS	GO:0042373	unmapped
GOBP_VITAMIN_METABOLIC_PROCESS	GO:0006766	vitamin metabolic process
GOBP_VITAMIN_TRANSMEMBRANE_TRANSPORT	GO:0035461	transmembrane transport
GOBP_VITAMIN_TRANSPORT	GO:0051180	unmapped
GOBP_VOCALIZATION_BEHAVIOR	GO:0071625	unmapped
GOBP_VOLUNTARY_MUSCULOSKELETAL_MOVEMENT	GO:0050882	nervous system process
GOBP_VOLUNTARY_SKELETAL_MUSCLE_CONTRACTION	GO:0003010	muscle system process
GOBP_V_D_J_RECOMBINATION	GO:0033151	DNA recombination
GOBP_WALKING_BEHAVIOR	GO:0090659	unmapped
GOBP_WATER_SOLUBLE_VITAMIN_BIOSYNTHETIC_PROCESS	GO:0042364	vitamin metabolic process
GOBP_WATER_SOLUBLE_VITAMIN_METABOLIC_PROCESS		unmapped
GOBP_WATER_TRANSPORT	GO:0006833	unmapped
GOBP_WHITE_FAT_CELL_DIFFERENTIATION	GO:0050872	cell differentiation
GOBP_WNT_PROTEIN_SECRETION	GO:0061355	signaling
GOBP_WNT_SIGNALING_PATHWAY	GO:0016055	signaling
GOBP_WNT_SIGNALING_PATHWAY_CALCIUM_MODULATING_PATHWAY	GO:0007223	signaling
GOBP_WNT_SIGNALING_PATHWAY_PLANAR_CELL_POLARITY_PATHWAY	GO:0060071	signaling
GOBP_WOUND_HEALING	GO:0042060	wound healing
GOBP_WOUND_HEALING_INVOLVED_IN_INFLAMMATORY_RESPONSE	GO:0002246	inflammatory response
GOBP_WOUND_HEALING_SPREADING_OF_EPIDERMAL_CELLS	GO:0035313	wound healing
GOBP_WYBUTOSINE_METABOLIC_PROCESS		unmapped
GOBP_XENOBIOTIC_CATABOLIC_PROCESS	GO:0042178	unmapped
GOBP_XENOBIOTIC_EXPORT_FROM_CELL	GO:0046618	transmembrane transport
GOBP_XENOBIOTIC_METABOLIC_PROCESS	GO:0006805	unmapped
GOBP_XENOBIOTIC_TRANSMEMBRANE_TRANSPORT	GO:0006855	transmembrane transport
GOBP_XENOBIOTIC_TRANSPORT	GO:0042908	unmapped
GOBP_XENOBIOTIC_TRANSPORT_ACROSS_BLOOD_BRAIN_BARRIER	GO:1990962	circulatory system process
GOBP_XENOPHAGY	GO:0098792	defense response to other organism
GOBP_XMP_METABOLIC_PROCESS	GO:0097292	nucleobase-containing small molecule metabolic process
GOBP_XYLULOSE_5_PHOSPHATE_METABOLIC_PROCESS		unmapped
GOBP_ZINC_ION_IMPORT_ACROSS_PLASMA_MEMBRANE	GO:0071578	transmembrane transport
GOBP_ZINC_ION_IMPORT_INTO_ORGANELLE	GO:0062111	transmembrane transport
GOBP_ZINC_ION_TRANSPORT	GO:0006829	unmapped
GOBP_ZYGOTIC_DETERMINATION_OF_ANTERIOR_POSTERIOR_AXIS_EMBRYO	GO:0007354	anatomical structure development
GOBP_ZYMOGEN_ACTIVATION	GO:0031638	protein maturation
